# id	targets: path:line joined by ; (project-relative; ~/ or / outside the project; empty: the oracle found none)	skip: why the row is not scored	note
julia0000	src/groupeddataframe/fastaggregates.jl:7		
julia0001			
julia0002			
julia0003	~/.cache/merl-batch/2026-10-03/scratch/653/julia-1.11.7/share/julia/base/essentials.jl:946;~/.cache/merl-batch/2026-10-03/scratch/653/julia-1.11.7/share/julia/base/essentials.jl:947;~/.cache/merl-batch/2026-10-03/scratch/653/julia-1.11.7/share/julia/base/indices.jl:390;~/.cache/merl-batch/2026-10-03/scratch/653/julia-1.11.7/share/julia/base/indices.jl:388;~/.cache/merl-batch/2026-10-03/scratch/653/julia-1.11.7/share/julia/base/reinterpretarray.jl:370;~/.cache/merl-batch/2026-10-03/scratch/653/julia-1.11.7/share/julia/base/reinterpretarray.jl:364;~/.cache/merl-batch/2026-10-03/scratch/653/julia-1.11.7/share/julia/base/reinterpretarray.jl:358;~/.cache/merl-batch/2026-10-03/scratch/653/julia-1.11.7/share/julia/base/tuple.jl:30;~/.cache/merl-batch/2026-10-03/scratch/653/julia-1.11.7/share/julia/base/reinterpretarray.jl:279;~/.cache/merl-batch/2026-10-03/scratch/653/julia-1.11.7/share/julia/base/indices.jl:513;~/.cache/merl-batch/2026-10-03/scratch/653/julia-1.11.7/share/julia/base/subarray.jl:504;~/.cache/merl-batch/2026-10-03/scratch/653/julia-1.11.7/share/julia/base/indices.jl:419;~/.cache/merl-batch/2026-10-03/scratch/653/julia-1.11.7/share/julia/base/indices.jl:417;~/.cache/merl-batch/2026-10-03/scratch/653/julia-1.11.7/share/julia/base/refpointer.jl:98;~/.cache/merl-batch/2026-10-03/scratch/653/julia-1.11.7/share/julia/base/slicearray.jl:229;~/.cache/merl-batch/2026-10-03/scratch/653/julia-1.11.7/share/julia/base/generator.jl:53;~/.cache/merl-batch/2026-10-03/scratch/653/julia-1.11.7/share/julia/base/abstractarray.jl:75;~/.cache/merl-batch/2026-10-03/scratch/653/julia-1.11.7/share/julia/base/number.jl:82;~/.cache/merl-batch/2026-10-03/scratch/653/julia-1.11.7/share/julia/base/number.jl:83;~/.cache/merl-batch/2026-10-03/scratch/653/julia-1.11.7/share/julia/base/abstractarray.jl:96;~/.cache/merl-batch/2026-10-03/scratch/653/depot/packages/Missings/MBhnW/src/Missings.jl:91;~/.cache/merl-batch/2026-10-03/scratch/653/depot/packages/Missings/MBhnW/src/Missings.jl:151;~/.cache/merl-batch/2026-10-03/scratch/653/depot/packages/SentinelArrays/YQPM3/src/SentinelArrays.jl:177;~/.cache/merl-batch/2026-10-03/scratch/653/depot/packages/SentinelArrays/YQPM3/src/SentinelArrays.jl:178;~/.cache/merl-batch/2026-10-03/scratch/653/depot/packages/PrettyTables/4jZ8K/src/tables.jl:213;~/.cache/merl-batch/2026-10-03/scratch/653/depot/packages/PrettyTables/4jZ8K/src/tables.jl:52;~/.cache/merl-batch/2026-10-03/scratch/653/julia-1.11.7/share/julia/base/permuteddimsarray.jl:50;~/.cache/merl-batch/2026-10-03/scratch/653/julia-1.11.7/share/julia/base/multidimensional.jl:358;~/.cache/merl-batch/2026-10-03/scratch/653/julia-1.11.7/share/julia/base/broadcast.jl:643;~/.cache/merl-batch/2026-10-03/scratch/653/julia-1.11.7/share/julia/base/broadcast.jl:239;~/.cache/merl-batch/2026-10-03/scratch/653/julia-1.11.7/share/julia/base/broadcast.jl:234;~/.cache/merl-batch/2026-10-03/scratch/653/julia-1.11.7/share/julia/base/experimental.jl:30;~/.cache/merl-batch/2026-10-03/scratch/653/julia-1.11.7/share/julia/base/iterators.jl:1104;~/.cache/merl-batch/2026-10-03/scratch/653/julia-1.11.7/share/julia/base/iterators.jl:407;~/.cache/merl-batch/2026-10-03/scratch/653/julia-1.11.7/share/julia/base/iterators.jl:290;~/.cache/merl-batch/2026-10-03/scratch/653/julia-1.11.7/share/julia/base/sort.jl:600;~/.cache/merl-batch/2026-10-03/scratch/653/julia-1.11.7/share/julia/stdlib/v1.11/LinearAlgebra/src/tridiag.jl:151;~/.cache/merl-batch/2026-10-03/scratch/653/julia-1.11.7/share/julia/stdlib/v1.11/LinearAlgebra/src/triangular.jl:36;~/.cache/merl-batch/2026-10-03/scratch/653/julia-1.11.7/share/julia/stdlib/v1.11/LinearAlgebra/src/hessenberg.jl:59;~/.cache/merl-batch/2026-10-03/scratch/653/julia-1.11.7/share/julia/stdlib/v1.11/LinearAlgebra/src/tridiag.jl:589;~/.cache/merl-batch/2026-10-03/scratch/653/julia-1.11.7/share/julia/stdlib/v1.11/LinearAlgebra/src/diagonal.jl:142;~/.cache/merl-batch/2026-10-03/scratch/653/julia-1.11.7/share/julia/stdlib/v1.11/LinearAlgebra/src/bidiag.jl:276;~/.cache/merl-batch/2026-10-03/scratch/653/julia-1.11.7/share/julia/stdlib/v1.11/LinearAlgebra/src/abstractq.jl:76;~/.cache/merl-batch/2026-10-03/scratch/653/julia-1.11.7/share/julia/stdlib/v1.11/LinearAlgebra/src/abstractq.jl:75;~/.cache/merl-batch/2026-10-03/scratch/653/julia-1.11.7/share/julia/stdlib/v1.11/LinearAlgebra/src/symmetric.jl:226;~/.cache/merl-batch/2026-10-03/scratch/653/julia-1.11.7/share/julia/stdlib/v1.11/LinearAlgebra/src/adjtrans.jl:328;~/.cache/merl-batch/2026-10-03/scratch/653/julia-1.11.7/share/julia/stdlib/v1.11/LinearAlgebra/src/adjtrans.jl:327;~/.cache/merl-batch/2026-10-03/scratch/653/julia-1.11.7/share/julia/stdlib/v1.11/LinearAlgebra/src/adjtrans.jl:322;src/abstractdataframe/abstractdataframe.jl:436;src/dataframerow/dataframerow.jl:389;src/groupeddataframe/groupeddataframe.jl:557;src/groupeddataframe/groupeddataframe.jl:653;src/groupeddataframe/utils.jl:101;src/groupeddataframe/utils.jl:123;src/other/broadcasting.jl:127;src/other/broadcasting.jl:135;src/abstractdataframe/iteration.jl:261		
julia0004	~/.cache/merl-batch/2026-10-03/scratch/653/julia-1.11.7/share/julia/base/boot.jl:383		
julia0005	test/metadata.jl:3496		
julia0006	~/.cache/merl-batch/2026-10-03/scratch/653/julia-1.11.7/share/julia/base/boot.jl:383		
julia0007			
julia0008	src/other/metadata.jl:191;src/other/metadata.jl:207;src/other/metadata.jl:213		
julia0009	src/dataframe/dataframe.jl:178;src/dataframe/dataframe.jl:257;src/dataframe/dataframe.jl:259;src/dataframe/dataframe.jl:267;src/dataframe/dataframe.jl:276;src/dataframe/dataframe.jl:291;src/dataframe/dataframe.jl:312;src/dataframe/dataframe.jl:338;src/dataframe/dataframe.jl:355;src/dataframe/dataframe.jl:359;src/dataframe/dataframe.jl:365;src/dataframe/dataframe.jl:369;src/dataframe/dataframe.jl:379;src/dataframe/dataframe.jl:386;src/dataframe/dataframe.jl:390;src/dataframe/dataframe.jl:402;src/dataframe/dataframe.jl:407;src/dataframe/dataframe.jl:412;src/dataframe/dataframe.jl:418;src/subdataframe/subdataframe.jl:309;src/dataframerow/dataframerow.jl:491;src/groupeddataframe/groupeddataframe.jl:352;src/other/tables.jl:48;src/other/tables.jl:67;src/other/tables.jl:74		
julia0010	src/dataframe/dataframe.jl:178;src/dataframe/dataframe.jl:257;src/dataframe/dataframe.jl:259;src/dataframe/dataframe.jl:267;src/dataframe/dataframe.jl:276;src/dataframe/dataframe.jl:291;src/dataframe/dataframe.jl:312;src/dataframe/dataframe.jl:338;src/dataframe/dataframe.jl:355;src/dataframe/dataframe.jl:359;src/dataframe/dataframe.jl:365;src/dataframe/dataframe.jl:369;src/dataframe/dataframe.jl:379;src/dataframe/dataframe.jl:386;src/dataframe/dataframe.jl:390;src/dataframe/dataframe.jl:402;src/dataframe/dataframe.jl:407;src/dataframe/dataframe.jl:412;src/dataframe/dataframe.jl:418;src/subdataframe/subdataframe.jl:309;src/dataframerow/dataframerow.jl:491;src/groupeddataframe/groupeddataframe.jl:352;src/other/tables.jl:48;src/other/tables.jl:67;src/other/tables.jl:74		
julia0011	src/other/index.jl:14		
julia0012			
julia0013	~/.cache/merl-batch/2026-10-03/scratch/653/julia-1.11.7/share/julia/base/multidimensional.jl:78;~/.cache/merl-batch/2026-10-03/scratch/653/julia-1.11.7/share/julia/base/multidimensional.jl:91;~/.cache/merl-batch/2026-10-03/scratch/653/julia-1.11.7/share/julia/base/multidimensional.jl:79;~/.cache/merl-batch/2026-10-03/scratch/653/julia-1.11.7/share/julia/base/multidimensional.jl:87		
julia0014			
julia0015			
julia0016			
julia0017	~/.cache/merl-batch/2026-10-03/scratch/653/julia-1.11.7/share/julia/base/generator.jl:130;~/.cache/merl-batch/2026-10-03/scratch/653/julia-1.11.7/share/julia/base/asyncmap.jl:388;~/.cache/merl-batch/2026-10-03/scratch/653/julia-1.11.7/share/julia/base/generator.jl:131;~/.cache/merl-batch/2026-10-03/scratch/653/julia-1.11.7/share/julia/base/generator.jl:133;~/.cache/merl-batch/2026-10-03/scratch/653/julia-1.11.7/share/julia/base/missing.jl:238;~/.cache/merl-batch/2026-10-03/scratch/653/julia-1.11.7/share/julia/base/generator.jl:129;~/.cache/merl-batch/2026-10-03/scratch/653/julia-1.11.7/share/julia/base/generator.jl:128;~/.cache/merl-batch/2026-10-03/scratch/653/julia-1.11.7/share/julia/base/multidimensional.jl:624;~/.cache/merl-batch/2026-10-03/scratch/653/julia-1.11.7/share/julia/base/multidimensional.jl:620;~/.cache/merl-batch/2026-10-03/scratch/653/julia-1.11.7/share/julia/base/broadcast.jl:291;~/.cache/merl-batch/2026-10-03/scratch/653/julia-1.11.7/share/julia/base/iterators.jl:1220;~/.cache/merl-batch/2026-10-03/scratch/653/julia-1.11.7/share/julia/base/iterators.jl:1115;~/.cache/merl-batch/2026-10-03/scratch/653/julia-1.11.7/share/julia/base/iterators.jl:627;~/.cache/merl-batch/2026-10-03/scratch/653/julia-1.11.7/share/julia/base/iterators.jl:1045;~/.cache/merl-batch/2026-10-03/scratch/653/julia-1.11.7/share/julia/base/iterators.jl:692;~/.cache/merl-batch/2026-10-03/scratch/653/julia-1.11.7/share/julia/base/iterators.jl:1341;~/.cache/merl-batch/2026-10-03/scratch/653/julia-1.11.7/share/julia/base/iterators.jl:1511;~/.cache/merl-batch/2026-10-03/scratch/653/julia-1.11.7/share/julia/base/iterators.jl:895;~/.cache/merl-batch/2026-10-03/scratch/653/julia-1.11.7/share/julia/base/iterators.jl:1219;~/.cache/merl-batch/2026-10-03/scratch/653/julia-1.11.7/share/julia/base/iterators.jl:1116;~/.cache/merl-batch/2026-10-03/scratch/653/julia-1.11.7/share/julia/base/iterators.jl:1118;~/.cache/merl-batch/2026-10-03/scratch/653/julia-1.11.7/share/julia/base/iterators.jl:946;~/.cache/merl-batch/2026-10-03/scratch/653/julia-1.11.7/share/julia/base/iterators.jl:557;~/.cache/merl-batch/2026-10-03/scratch/653/julia-1.11.7/share/julia/base/iterators.jl:215;~/.cache/merl-batch/2026-10-03/scratch/653/julia-1.11.7/share/julia/base/iterators.jl:1340;~/.cache/merl-batch/2026-10-03/scratch/653/julia-1.11.7/share/julia/base/iterators.jl:1339;~/.cache/merl-batch/2026-10-03/scratch/653/julia-1.11.7/share/julia/base/iterators.jl:129;~/.cache/merl-batch/2026-10-03/scratch/653/julia-1.11.7/share/julia/base/iterators.jl:775;~/.cache/merl-batch/2026-10-03/scratch/653/julia-1.11.7/share/julia/base/iterators.jl:990;~/.cache/merl-batch/2026-10-03/scratch/653/julia-1.11.7/share/julia/base/iterators.jl:472;~/.cache/merl-batch/2026-10-03/scratch/653/julia-1.11.7/share/julia/base/iterators.jl:832	IteratorEltype of a DataFrameRow: DataFrames' method answers, the oracle lists only the generic's methods outside the project	
julia0018			
julia0019			
julia0020			
julia0021	~/.cache/merl-batch/2026-10-03/scratch/653/depot/packages/Tables/qGyu7/src/tofromdatavalues.jl:13		
julia0022			
julia0023	~/.cache/merl-batch/2026-10-03/scratch/653/julia-1.11.7/share/julia/base/boot.jl:383		
julia0024			
julia0025	src/dataframe/dataframe.jl:178;src/dataframe/dataframe.jl:257;src/dataframe/dataframe.jl:259;src/dataframe/dataframe.jl:267;src/dataframe/dataframe.jl:276;src/dataframe/dataframe.jl:291;src/dataframe/dataframe.jl:312;src/dataframe/dataframe.jl:338;src/dataframe/dataframe.jl:355;src/dataframe/dataframe.jl:359;src/dataframe/dataframe.jl:365;src/dataframe/dataframe.jl:369;src/dataframe/dataframe.jl:379;src/dataframe/dataframe.jl:386;src/dataframe/dataframe.jl:390;src/dataframe/dataframe.jl:402;src/dataframe/dataframe.jl:407;src/dataframe/dataframe.jl:412;src/dataframe/dataframe.jl:418;src/subdataframe/subdataframe.jl:309;src/dataframerow/dataframerow.jl:491;src/groupeddataframe/groupeddataframe.jl:352;src/other/tables.jl:48;src/other/tables.jl:67;src/other/tables.jl:74		
julia0026	test/select.jl:754		
julia0027			
julia0028	~/.cache/merl-batch/2026-10-03/scratch/653/julia-1.11.7/share/julia/stdlib/v1.11/LinearAlgebra/src/hessenberg.jl:494;~/.cache/merl-batch/2026-10-03/scratch/653/julia-1.11.7/share/julia/stdlib/v1.11/LinearAlgebra/src/cholesky.jl:499;~/.cache/merl-batch/2026-10-03/scratch/653/julia-1.11.7/share/julia/stdlib/v1.11/LinearAlgebra/src/lu.jl:832;~/.cache/merl-batch/2026-10-03/scratch/653/julia-1.11.7/share/julia/stdlib/v1.11/LinearAlgebra/src/lu.jl:793;~/.cache/merl-batch/2026-10-03/scratch/653/julia-1.11.7/share/julia/stdlib/v1.11/LinearAlgebra/src/qr.jl:455;~/.cache/merl-batch/2026-10-03/scratch/653/julia-1.11.7/share/julia/stdlib/v1.11/LinearAlgebra/src/lq.jl:123;~/.cache/merl-batch/2026-10-03/scratch/653/julia-1.11.7/share/julia/stdlib/v1.11/LinearAlgebra/src/eigen.jl:675;~/.cache/merl-batch/2026-10-03/scratch/653/julia-1.11.7/share/julia/stdlib/v1.11/LinearAlgebra/src/cholesky.jl:508;~/.cache/merl-batch/2026-10-03/scratch/653/julia-1.11.7/share/julia/stdlib/v1.11/LinearAlgebra/src/svd.jl:575;~/.cache/merl-batch/2026-10-03/scratch/653/julia-1.11.7/share/julia/stdlib/v1.11/LinearAlgebra/src/schur.jl:444;~/.cache/merl-batch/2026-10-03/scratch/653/julia-1.11.7/share/julia/stdlib/v1.11/LinearAlgebra/src/ldlt.jl:222;~/.cache/merl-batch/2026-10-03/scratch/653/julia-1.11.7/share/julia/stdlib/v1.11/LinearAlgebra/src/qr.jl:448		
julia0029	~/.cache/merl-batch/2026-10-03/scratch/653/julia-1.11.7/share/julia/base/boot.jl:398;~/.cache/merl-batch/2026-10-03/scratch/653/julia-1.11.7/share/julia/base/boot.jl:396		
julia0030	~/.cache/merl-batch/2026-10-03/scratch/653/julia-1.11.7/share/julia/base/Broadcast.jl:1		
julia0031	src/dataframe/dataframe.jl:178;src/dataframe/dataframe.jl:257;src/dataframe/dataframe.jl:259;src/dataframe/dataframe.jl:267;src/dataframe/dataframe.jl:276;src/dataframe/dataframe.jl:291;src/dataframe/dataframe.jl:312;src/dataframe/dataframe.jl:338;src/dataframe/dataframe.jl:355;src/dataframe/dataframe.jl:359;src/dataframe/dataframe.jl:365;src/dataframe/dataframe.jl:369;src/dataframe/dataframe.jl:379;src/dataframe/dataframe.jl:386;src/dataframe/dataframe.jl:390;src/dataframe/dataframe.jl:402;src/dataframe/dataframe.jl:407;src/dataframe/dataframe.jl:412;src/dataframe/dataframe.jl:418;src/subdataframe/subdataframe.jl:309;src/dataframerow/dataframerow.jl:491;src/groupeddataframe/groupeddataframe.jl:352;src/other/tables.jl:48;src/other/tables.jl:67;src/other/tables.jl:74		
julia0032	~/.cache/merl-batch/2026-10-03/scratch/653/julia-1.11.7/share/julia/base/terminfo.jl:384;~/.cache/merl-batch/2026-10-03/scratch/653/julia-1.11.7/share/julia/base/terminfo.jl:221;~/.cache/merl-batch/2026-10-03/scratch/653/julia-1.11.7/share/julia/base/dict.jl:812;~/.cache/merl-batch/2026-10-03/scratch/653/julia-1.11.7/share/julia/base/idset.jl:41;~/.cache/merl-batch/2026-10-03/scratch/653/julia-1.11.7/share/julia/base/show.jl:424;~/.cache/merl-batch/2026-10-03/scratch/653/julia-1.11.7/share/julia/base/show.jl:425;~/.cache/merl-batch/2026-10-03/scratch/653/julia-1.11.7/share/julia/base/regex.jl:289;~/.cache/merl-batch/2026-10-03/scratch/653/julia-1.11.7/share/julia/base/regex.jl:288;~/.cache/merl-batch/2026-10-03/scratch/653/julia-1.11.7/share/julia/base/dict.jl:988;~/.cache/merl-batch/2026-10-03/scratch/653/julia-1.11.7/share/julia/base/namedtuple.jl:387;~/.cache/merl-batch/2026-10-03/scratch/653/julia-1.11.7/share/julia/base/dict.jl:548;~/.cache/merl-batch/2026-10-03/scratch/653/julia-1.11.7/share/julia/base/weakkeydict.jl:171;~/.cache/merl-batch/2026-10-03/scratch/653/julia-1.11.7/share/julia/base/abstractdict.jl:19;~/.cache/merl-batch/2026-10-03/scratch/653/depot/packages/Tables/qGyu7/src/Tables.jl:191;~/.cache/merl-batch/2026-10-03/scratch/653/depot/packages/Tables/qGyu7/src/Tables.jl:192;~/.cache/merl-batch/2026-10-03/scratch/653/julia-1.11.7/share/julia/base/binaryplatforms.jl:152;~/.cache/merl-batch/2026-10-03/scratch/653/julia-1.11.7/share/julia/base/iterators.jl:321;src/other/index.jl:114;src/other/index.jl:116;src/other/index.jl:117;src/other/index.jl:118;src/other/index.jl:119;src/other/index.jl:574;src/other/index.jl:577;src/other/index.jl:585;src/other/index.jl:586;src/other/index.jl:587;src/dataframerow/dataframerow.jl:282;src/dataframerow/dataframerow.jl:284;src/dataframerow/dataframerow.jl:286;src/dataframerow/dataframerow.jl:288;src/dataframerow/dataframerow.jl:299;src/groupeddataframe/groupeddataframe.jl:660;src/groupeddataframe/groupeddataframe.jl:662;src/groupeddataframe/groupeddataframe.jl:663;src/groupeddataframe/groupeddataframe.jl:664;src/groupeddataframe/groupeddataframe.jl:1017;src/groupeddataframe/groupeddataframe.jl:1020;src/groupeddataframe/groupeddataframe.jl:1033;src/groupeddataframe/groupeddataframe.jl:1041;src/groupeddataframe/groupeddataframe.jl:1049;src/groupeddataframe/groupeddataframe.jl:1052;src/abstractdataframe/iteration.jl:313;src/abstractdataframe/iteration.jl:315		
julia0033	src/abstractdataframe/abstractdataframe.jl:2426		
julia0034			
julia0035	~/.cache/merl-batch/2026-10-03/scratch/653/julia-1.11.7/share/julia/base/bitarray.jl:814;~/.cache/merl-batch/2026-10-03/scratch/653/julia-1.11.7/share/julia/base/array.jl:1447;~/.cache/merl-batch/2026-10-03/scratch/653/depot/packages/PooledArrays/Vy2X0/src/PooledArrays.jl:288;~/.cache/merl-batch/2026-10-03/scratch/653/depot/packages/SentinelArrays/YQPM3/src/missingvector.jl:29;~/.cache/merl-batch/2026-10-03/scratch/653/depot/packages/SentinelArrays/YQPM3/src/chainedvector.jl:525;~/.cache/merl-batch/2026-10-03/scratch/653/depot/packages/SentinelArrays/YQPM3/src/SentinelArrays.jl:236;src/dataframe/dataframe.jl:1067		
julia0036			
julia0037	~/.cache/merl-batch/2026-10-03/scratch/653/julia-1.11.7/share/julia/base/stream.jl:1298;~/.cache/merl-batch/2026-10-03/scratch/653/julia-1.11.7/share/julia/base/reflection.jl:1194;~/.cache/merl-batch/2026-10-03/scratch/653/julia-1.11.7/share/julia/base/process.jl:721;~/.cache/merl-batch/2026-10-03/scratch/653/julia-1.11.7/share/julia/base/terminfo.jl:385;~/.cache/merl-batch/2026-10-03/scratch/653/julia-1.11.7/share/julia/base/reflection.jl:600;~/.cache/merl-batch/2026-10-03/scratch/653/julia-1.11.7/share/julia/base/errorshow.jl:1067;~/.cache/merl-batch/2026-10-03/scratch/653/julia-1.11.7/share/julia/base/deprecated.jl:295;~/.cache/merl-batch/2026-10-03/scratch/653/julia-1.11.7/share/julia/base/essentials.jl:932;~/.cache/merl-batch/2026-10-03/scratch/653/julia-1.11.7/share/julia/base/essentials.jl:959;~/.cache/merl-batch/2026-10-03/scratch/653/julia-1.11.7/share/julia/base/strings/string.jl:496;~/.cache/merl-batch/2026-10-03/scratch/653/julia-1.11.7/share/julia/base/strings/string.jl:460;~/.cache/merl-batch/2026-10-03/scratch/653/julia-1.11.7/share/julia/base/strings/string.jl:494;~/.cache/merl-batch/2026-10-03/scratch/653/julia-1.11.7/share/julia/base/terminfo.jl:224;~/.cache/merl-batch/2026-10-03/scratch/653/julia-1.11.7/share/julia/base/env.jl:164;~/.cache/merl-batch/2026-10-03/scratch/653/julia-1.11.7/share/julia/base/array.jl:423;~/.cache/merl-batch/2026-10-03/scratch/653/julia-1.11.7/share/julia/base/array.jl:415;~/.cache/merl-batch/2026-10-03/scratch/653/julia-1.11.7/share/julia/base/array.jl:397;~/.cache/merl-batch/2026-10-03/scratch/653/julia-1.11.7/share/julia/base/reshapedarray.jl:263;~/.cache/merl-batch/2026-10-03/scratch/653/julia-1.11.7/share/julia/base/reshapedarray.jl:259;~/.cache/merl-batch/2026-10-03/scratch/653/julia-1.11.7/share/julia/base/reshapedarray.jl:253;~/.cache/merl-batch/2026-10-03/scratch/653/julia-1.11.7/share/julia/base/iddict.jl:96;~/.cache/merl-batch/2026-10-03/scratch/653/julia-1.11.7/share/julia/base/abstractdict.jl:555;~/.cache/merl-batch/2026-10-03/scratch/653/julia-1.11.7/share/julia/base/dict.jl:820;~/.cache/merl-batch/2026-10-03/scratch/653/julia-1.11.7/share/julia/base/weakkeydict.jl:177;~/.cache/merl-batch/2026-10-03/scratch/653/julia-1.11.7/share/julia/base/dict.jl:475;~/.cache/merl-batch/2026-10-03/scratch/653/julia-1.11.7/share/julia/base/dict.jl:992;~/.cache/merl-batch/2026-10-03/scratch/653/julia-1.11.7/share/julia/base/abstractdict.jl:545;~/.cache/merl-batch/2026-10-03/scratch/653/julia-1.11.7/share/julia/base/reinterpretarray.jl:417;~/.cache/merl-batch/2026-10-03/scratch/653/julia-1.11.7/share/julia/base/reinterpretarray.jl:378;~/.cache/merl-batch/2026-10-03/scratch/653/julia-1.11.7/share/julia/base/reinterpretarray.jl:393;~/.cache/merl-batch/2026-10-03/scratch/653/julia-1.11.7/share/julia/base/reinterpretarray.jl:399;~/.cache/merl-batch/2026-10-03/scratch/653/julia-1.11.7/share/julia/base/reinterpretarray.jl:405;~/.cache/merl-batch/2026-10-03/scratch/653/julia-1.11.7/share/julia/base/range.jl:1069;~/.cache/merl-batch/2026-10-03/scratch/653/julia-1.11.7/share/julia/base/lock.jl:328;~/.cache/merl-batch/2026-10-03/scratch/653/julia-1.11.7/share/julia/base/indices.jl:428;~/.cache/merl-batch/2026-10-03/scratch/653/julia-1.11.7/share/julia/base/indices.jl:399;~/.cache/merl-batch/2026-10-03/scratch/653/julia-1.11.7/share/julia/base/range.jl:992;~/.cache/merl-batch/2026-10-03/scratch/653/julia-1.11.7/share/julia/base/indices.jl:427;~/.cache/merl-batch/2026-10-03/scratch/653/julia-1.11.7/share/julia/base/indices.jl:434;~/.cache/merl-batch/2026-10-03/scratch/653/julia-1.11.7/share/julia/base/range.jl:986;~/.cache/merl-batch/2026-10-03/scratch/653/julia-1.11.7/share/julia/base/indices.jl:398;~/.cache/merl-batch/2026-10-03/scratch/653/julia-1.11.7/share/julia/base/range.jl:971;~/.cache/merl-batch/2026-10-03/scratch/653/julia-1.11.7/share/julia/base/show.jl:426;~/.cache/merl-batch/2026-10-03/scratch/653/julia-1.11.7/share/julia/base/refvalue.jl:59;~/.cache/merl-batch/2026-10-03/scratch/653/julia-1.11.7/share/julia/base/reinterpretarray.jl:284;~/.cache/merl-batch/2026-10-03/scratch/653/julia-1.11.7/share/julia/base/multidimensional.jl:908;~/.cache/merl-batch/2026-10-03/scratch/653/julia-1.11.7/share/julia/base/tuple.jl:36;~/.cache/merl-batch/2026-10-03/scratch/653/julia-1.11.7/share/julia/base/tuple.jl:31;~/.cache/merl-batch/2026-10-03/scratch/653/julia-1.11.7/share/julia/base/tuple.jl:32;~/.cache/merl-batch/2026-10-03/scratch/653/julia-1.11.7/share/julia/base/deprecated.jl:103;~/.cache/merl-batch/2026-10-03/scratch/653/julia-1.11.7/share/julia/base/range.jl:430;~/.cache/merl-batch/2026-10-03/scratch/653/julia-1.11.7/share/julia/base/tuple.jl:35;~/.cache/merl-batch/2026-10-03/scratch/653/julia-1.11.7/share/julia/base/tuple.jl:34;~/.cache/merl-batch/2026-10-03/scratch/653/julia-1.11.7/share/julia/base/strings/annotated.jl:161;~/.cache/merl-batch/2026-10-03/scratch/653/julia-1.11.7/share/julia/base/genericmemory.jl:238;~/.cache/merl-batch/2026-10-03/scratch/653/julia-1.11.7/share/julia/base/genericmemory.jl:236;~/.cache/merl-batch/2026-10-03/scratch/653/julia-1.11.7/share/julia/base/genericmemory.jl:224;~/.cache/merl-batch/2026-10-03/scratch/653/julia-1.11.7/share/julia/base/essentials.jl:398;~/.cache/merl-batch/2026-10-03/scratch/653/julia-1.11.7/share/julia/base/indices.jl:426;~/.cache/merl-batch/2026-10-03/scratch/653/julia-1.11.7/share/julia/base/indices.jl:397;~/.cache/merl-batch/2026-10-03/scratch/653/julia-1.11.7/share/julia/base/array.jl:3073;~/.cache/merl-batch/2026-10-03/scratch/653/julia-1.11.7/share/julia/base/range.jl:969;~/.cache/merl-batch/2026-10-03/scratch/653/julia-1.11.7/share/julia/base/missing.jl:258;~/.cache/merl-batch/2026-10-03/scratch/653/julia-1.11.7/share/julia/base/strings/substring.jl:303;~/.cache/merl-batch/2026-10-03/scratch/653/julia-1.11.7/share/julia/base/strings/basic.jl:194;~/.cache/merl-batch/2026-10-03/scratch/653/julia-1.11.7/share/julia/base/strings/basic.jl:192;~/.cache/merl-batch/2026-10-03/scratch/653/julia-1.11.7/share/julia/base/strings/basic.jl:189;~/.cache/merl-batch/2026-10-03/scratch/653/julia-1.11.7/share/julia/base/strings/substring.jl:99;~/.cache/merl-batch/2026-10-03/scratch/653/julia-1.11.7/share/julia/base/strings/basic.jl:184;~/.cache/merl-batch/2026-10-03/scratch/653/julia-1.11.7/share/julia/base/pair.jl:51;~/.cache/merl-batch/2026-10-03/scratch/653/julia-1.11.7/share/julia/base/pair.jl:52;~/.cache/merl-batch/2026-10-03/scratch/653/julia-1.11.7/share/julia/base/twiceprecision.jl:494;~/.cache/merl-batch/2026-10-03/scratch/653/julia-1.11.7/share/julia/base/range.jl:1034;~/.cache/merl-batch/2026-10-03/scratch/653/julia-1.11.7/share/julia/base/multidimensional.jl:1952;~/.cache/merl-batch/2026-10-03/scratch/653/julia-1.11.7/share/julia/base/number.jl:96;~/.cache/merl-batch/2026-10-03/scratch/653/julia-1.11.7/share/julia/base/number.jl:95;~/.cache/merl-batch/2026-10-03/scratch/653/julia-1.11.7/share/julia/base/number.jl:101;~/.cache/merl-batch/2026-10-03/scratch/653/julia-1.11.7/share/julia/base/array.jl:948;~/.cache/merl-batch/2026-10-03/scratch/653/julia-1.11.7/share/julia/base/essentials.jl:914;~/.cache/merl-batch/2026-10-03/scratch/653/julia-1.11.7/share/julia/base/array.jl:927;~/.cache/merl-batch/2026-10-03/scratch/653/julia-1.11.7/share/julia/base/array.jl:946;~/.cache/merl-batch/2026-10-03/scratch/653/julia-1.11.7/share/julia/base/array.jl:934;~/.cache/merl-batch/2026-10-03/scratch/653/julia-1.11.7/share/julia/base/array.jl:958;~/.cache/merl-batch/2026-10-03/scratch/653/julia-1.11.7/share/julia/base/abstractarray.jl:1315;~/.cache/merl-batch/2026-10-03/scratch/653/julia-1.11.7/share/julia/base/multidimensional.jl:702;~/.cache/merl-batch/2026-10-03/scratch/653/julia-1.11.7/share/julia/base/range.jl:1651;~/.cache/merl-batch/2026-10-03/scratch/653/julia-1.11.7/share/julia/base/char.jl:203;~/.cache/merl-batch/2026-10-03/scratch/653/julia-1.11.7/share/julia/base/char.jl:202;~/.cache/merl-batch/2026-10-03/scratch/653/julia-1.11.7/share/julia/base/char.jl:204;~/.cache/merl-batch/2026-10-03/scratch/653/julia-1.11.7/share/julia/base/essentials.jl:400;~/.cache/merl-batch/2026-10-03/scratch/653/julia-1.11.7/share/julia/base/bitarray.jl:680;~/.cache/merl-batch/2026-10-03/scratch/653/julia-1.11.7/share/julia/base/regex.jl:282;~/.cache/merl-batch/2026-10-03/scratch/653/julia-1.11.7/share/julia/base/regex.jl:281;~/.cache/merl-batch/2026-10-03/scratch/653/julia-1.11.7/share/julia/base/strings/basic.jl:802;~/.cache/merl-batch/2026-10-03/scratch/653/julia-1.11.7/share/julia/base/indices.jl:521;~/.cache/merl-batch/2026-10-03/scratch/653/julia-1.11.7/share/julia/base/indices.jl:516;~/.cache/merl-batch/2026-10-03/scratch/653/julia-1.11.7/share/julia/base/subarray.jl:366;~/.cache/merl-batch/2026-10-03/scratch/653/julia-1.11.7/share/julia/base/subarray.jl:359;~/.cache/merl-batch/2026-10-03/scratch/653/julia-1.11.7/share/julia/base/subarray.jl:340;~/.cache/merl-batch/2026-10-03/scratch/653/julia-1.11.7/share/julia/base/subarray.jl:331;~/.cache/merl-batch/2026-10-03/scratch/653/julia-1.11.7/share/julia/base/subarray.jl:317;~/.cache/merl-batch/2026-10-03/scratch/653/julia-1.11.7/share/julia/base/namedtuple.jl:171;~/.cache/merl-batch/2026-10-03/scratch/653/julia-1.11.7/share/julia/base/namedtuple.jl:170;~/.cache/merl-batch/2026-10-03/scratch/653/julia-1.11.7/share/julia/base/namedtuple.jl:169;~/.cache/merl-batch/2026-10-03/scratch/653/julia-1.11.7/share/julia/base/namedtuple.jl:168;~/.cache/merl-batch/2026-10-03/scratch/653/julia-1.11.7/share/julia/base/namedtuple.jl:167;~/.cache/merl-batch/2026-10-03/scratch/653/julia-1.11.7/share/julia/base/show.jl:427;~/.cache/merl-batch/2026-10-03/scratch/653/julia-1.11.7/share/julia/base/slicearray.jl:236;~/.cache/merl-batch/2026-10-03/scratch/653/julia-1.11.7/share/julia/base/range.jl:1009;~/.cache/merl-batch/2026-10-03/scratch/653/julia-1.11.7/share/julia/base/abstractarray.jl:1309;~/.cache/merl-batch/2026-10-03/scratch/653/julia-1.11.7/share/julia/base/refpointer.jl:191;~/.cache/merl-batch/2026-10-03/scratch/653/julia-1.11.7/share/julia/base/multidimensional.jl:907;~/.cache/merl-batch/2026-10-03/scratch/653/depot/packages/InlineStrings/3hOt5/src/InlineStrings.jl:395;~/.cache/merl-batch/2026-10-03/scratch/653/depot/packages/InlineStrings/3hOt5/src/InlineStrings.jl:393;~/.cache/merl-batch/2026-10-03/scratch/653/depot/packages/InlineStrings/3hOt5/src/InlineStrings.jl:753;~/.cache/merl-batch/2026-10-03/scratch/653/depot/packages/Missings/MBhnW/src/Missings.jl:358;~/.cache/merl-batch/2026-10-03/scratch/653/depot/packages/Missings/MBhnW/src/Missings.jl:172;~/.cache/merl-batch/2026-10-03/scratch/653/depot/packages/Missings/MBhnW/src/Missings.jl:110;~/.cache/merl-batch/2026-10-03/scratch/653/julia-1.11.7/share/julia/stdlib/v1.11/Markdown/src/parse/parse.jl:33;~/.cache/merl-batch/2026-10-03/scratch/653/depot/packages/PooledArrays/Vy2X0/src/PooledArrays.jl:523;~/.cache/merl-batch/2026-10-03/scratch/653/depot/packages/PooledArrays/Vy2X0/src/PooledArrays.jl:532;~/.cache/merl-batch/2026-10-03/scratch/653/depot/packages/SentinelArrays/YQPM3/src/missingvector.jl:10;~/.cache/merl-batch/2026-10-03/scratch/653/depot/packages/SentinelArrays/YQPM3/src/chainedvector.jl:266;~/.cache/merl-batch/2026-10-03/scratch/653/depot/packages/SentinelArrays/YQPM3/src/chainedvector.jl:97;~/.cache/merl-batch/2026-10-03/scratch/653/depot/packages/SentinelArrays/YQPM3/src/chainedvector.jl:187;~/.cache/merl-batch/2026-10-03/scratch/653/depot/packages/SentinelArrays/YQPM3/src/chainedvector.jl:150;~/.cache/merl-batch/2026-10-03/scratch/653/depot/packages/SentinelArrays/YQPM3/src/chainedvector.jl:277;~/.cache/merl-batch/2026-10-03/scratch/653/depot/packages/SentinelArrays/YQPM3/src/SentinelArrays.jl:189;~/.cache/merl-batch/2026-10-03/scratch/653/depot/packages/SentinelArrays/YQPM3/src/chainedvector.jl:259;~/.cache/merl-batch/2026-10-03/scratch/653/depot/packages/SentinelArrays/YQPM3/src/BufferedVectors.jl:20;~/.cache/merl-batch/2026-10-03/scratch/653/julia-1.11.7/share/julia/stdlib/v1.11/Random/src/Random.jl:185;~/.cache/merl-batch/2026-10-03/scratch/653/julia-1.11.7/share/julia/stdlib/v1.11/Random/src/RNGs.jl:522;~/.cache/merl-batch/2026-10-03/scratch/653/julia-1.11.7/share/julia/stdlib/v1.11/Random/src/Random.jl:203;~/.cache/merl-batch/2026-10-03/scratch/653/julia-1.11.7/share/julia/stdlib/v1.11/Random/src/Random.jl:166;~/.cache/merl-batch/2026-10-03/scratch/653/depot/packages/Tables/qGyu7/src/fallbacks.jl:194;~/.cache/merl-batch/2026-10-03/scratch/653/depot/packages/Tables/qGyu7/src/Tables.jl:184;~/.cache/merl-batch/2026-10-03/scratch/653/depot/packages/Tables/qGyu7/src/Tables.jl:185;~/.cache/merl-batch/2026-10-03/scratch/653/depot/packages/PrettyTables/4jZ8K/src/types.jl:509;~/.cache/merl-batch/2026-10-03/scratch/653/depot/packages/PrettyTables/4jZ8K/src/tables.jl:181;~/.cache/merl-batch/2026-10-03/scratch/653/depot/packages/PrettyTables/4jZ8K/src/tables.jl:205;~/.cache/merl-batch/2026-10-03/scratch/653/depot/packages/PrettyTables/4jZ8K/src/tables.jl:31;~/.cache/merl-batch/2026-10-03/scratch/653/depot/packages/PrettyTables/4jZ8K/src/tables.jl:44;~/.cache/merl-batch/2026-10-03/scratch/653/depot/packages/InvertedIndices/jfcUx/src/InvertedIndices.jl:90;~/.cache/merl-batch/2026-10-03/scratch/653/depot/packages/InvertedIndices/jfcUx/src/InvertedIndices.jl:191;~/.cache/merl-batch/2026-10-03/scratch/653/depot/packages/InvertedIndices/jfcUx/src/InvertedIndices.jl:229;~/.cache/merl-batch/2026-10-03/scratch/653/depot/packages/InvertedIndices/jfcUx/src/InvertedIndices.jl:231;~/.cache/merl-batch/2026-10-03/scratch/653/depot/packages/InvertedIndices/jfcUx/src/InvertedIndices.jl:233;~/.cache/merl-batch/2026-10-03/scratch/653/julia-1.11.7/share/julia/base/binaryplatforms.jl:151;~/.cache/merl-batch/2026-10-03/scratch/653/julia-1.11.7/share/julia/base/permuteddimsarray.jl:68;~/.cache/merl-batch/2026-10-03/scratch/653/julia-1.11.7/share/julia/base/multidimensional.jl:396;~/.cache/merl-batch/2026-10-03/scratch/653/julia-1.11.7/share/julia/base/multidimensional.jl:392;~/.cache/merl-batch/2026-10-03/scratch/653/julia-1.11.7/share/julia/base/multidimensional.jl:368;~/.cache/merl-batch/2026-10-03/scratch/653/julia-1.11.7/share/julia/base/multidimensional.jl:384;~/.cache/merl-batch/2026-10-03/scratch/653/julia-1.11.7/share/julia/base/multidimensional.jl:371;~/.cache/merl-batch/2026-10-03/scratch/653/julia-1.11.7/share/julia/base/multidimensional.jl:99;~/.cache/merl-batch/2026-10-03/scratch/653/julia-1.11.7/share/julia/base/scopedvalues.jl:167;~/.cache/merl-batch/2026-10-03/scratch/653/julia-1.11.7/share/julia/base/broadcast.jl:607;~/.cache/merl-batch/2026-10-03/scratch/653/julia-1.11.7/share/julia/base/show.jl:2827;~/.cache/merl-batch/2026-10-03/scratch/653/julia-1.11.7/share/julia/base/show.jl:2825;~/.cache/merl-batch/2026-10-03/scratch/653/julia-1.11.7/share/julia/base/show.jl:2826;~/.cache/merl-batch/2026-10-03/scratch/653/julia-1.11.7/share/julia/base/show.jl:2819;~/.cache/merl-batch/2026-10-03/scratch/653/julia-1.11.7/share/julia/base/experimental.jl:31;~/.cache/merl-batch/2026-10-03/scratch/653/julia-1.11.7/share/julia/base/iterators.jl:324;~/.cache/merl-batch/2026-10-03/scratch/653/julia-1.11.7/share/julia/base/sort.jl:590;~/.cache/merl-batch/2026-10-03/scratch/653/julia-1.11.7/share/julia/base/atomics.jl:365;~/.cache/merl-batch/2026-10-03/scratch/653/julia-1.11.7/share/julia/stdlib/v1.11/LinearAlgebra/src/tridiag.jl:448;~/.cache/merl-batch/2026-10-03/scratch/653/julia-1.11.7/share/julia/stdlib/v1.11/LinearAlgebra/src/tridiag.jl:680;~/.cache/merl-batch/2026-10-03/scratch/653/julia-1.11.7/share/julia/stdlib/v1.11/LinearAlgebra/src/diagonal.jl:176;~/.cache/merl-batch/2026-10-03/scratch/653/julia-1.11.7/share/julia/stdlib/v1.11/LinearAlgebra/src/triangular.jl:282;~/.cache/merl-batch/2026-10-03/scratch/653/julia-1.11.7/share/julia/stdlib/v1.11/LinearAlgebra/src/givens.jl:335;~/.cache/merl-batch/2026-10-03/scratch/653/julia-1.11.7/share/julia/stdlib/v1.11/LinearAlgebra/src/symmetric.jl:246;~/.cache/merl-batch/2026-10-03/scratch/653/julia-1.11.7/share/julia/stdlib/v1.11/LinearAlgebra/src/triangular.jl:280;~/.cache/merl-batch/2026-10-03/scratch/653/julia-1.11.7/share/julia/stdlib/v1.11/LinearAlgebra/src/bidiag.jl:159;~/.cache/merl-batch/2026-10-03/scratch/653/julia-1.11.7/share/julia/stdlib/v1.11/LinearAlgebra/src/abstractq.jl:95;~/.cache/merl-batch/2026-10-03/scratch/653/julia-1.11.7/share/julia/stdlib/v1.11/LinearAlgebra/src/abstractq.jl:94;~/.cache/merl-batch/2026-10-03/scratch/653/julia-1.11.7/share/julia/stdlib/v1.11/LinearAlgebra/src/abstractq.jl:90;~/.cache/merl-batch/2026-10-03/scratch/653/julia-1.11.7/share/julia/stdlib/v1.11/LinearAlgebra/src/hessenberg.jl:87;~/.cache/merl-batch/2026-10-03/scratch/653/julia-1.11.7/share/julia/stdlib/v1.11/LinearAlgebra/src/triangular.jl:284;~/.cache/merl-batch/2026-10-03/scratch/653/julia-1.11.7/share/julia/stdlib/v1.11/LinearAlgebra/src/triangular.jl:286;~/.cache/merl-batch/2026-10-03/scratch/653/julia-1.11.7/share/julia/stdlib/v1.11/LinearAlgebra/src/symmetric.jl:236;~/.cache/merl-batch/2026-10-03/scratch/653/julia-1.11.7/share/julia/stdlib/v1.11/LinearAlgebra/src/adjtrans.jl:339;~/.cache/merl-batch/2026-10-03/scratch/653/julia-1.11.7/share/julia/stdlib/v1.11/LinearAlgebra/src/adjtrans.jl:338;~/.cache/merl-batch/2026-10-03/scratch/653/julia-1.11.7/share/julia/stdlib/v1.11/LinearAlgebra/src/adjtrans.jl:334;~/.cache/merl-batch/2026-10-03/scratch/653/julia-1.11.7/share/julia/stdlib/v1.11/LinearAlgebra/src/adjtrans.jl:333;~/.cache/merl-batch/2026-10-03/scratch/653/julia-1.11.7/share/julia/stdlib/v1.11/LinearAlgebra/src/uniformscaling.jl:102;~/.cache/merl-batch/2026-10-03/scratch/653/julia-1.11.7/share/julia/stdlib/v1.11/LinearAlgebra/src/uniformscaling.jl:92;~/.cache/merl-batch/2026-10-03/scratch/653/julia-1.11.7/share/julia/stdlib/v1.11/LinearAlgebra/src/uniformscaling.jl:91;~/.cache/merl-batch/2026-10-03/scratch/653/julia-1.11.7/share/julia/stdlib/v1.11/LinearAlgebra/src/uniformscaling.jl:89;src/other/index.jl:183;src/other/index.jl:186;src/other/index.jl:189;src/other/index.jl:196;src/other/index.jl:209;src/other/index.jl:222;src/other/index.jl:224;src/other/index.jl:225;src/other/index.jl:228;src/other/index.jl:234;src/other/index.jl:236;src/other/index.jl:237;src/other/index.jl:245;src/other/index.jl:250;src/other/index.jl:258;src/other/index.jl:261;src/other/index.jl:267;src/other/index.jl:294;src/other/index.jl:440;src/other/index.jl:441;src/other/index.jl:443;src/other/index.jl:590;src/other/index.jl:591;src/other/index.jl:593;src/abstractdataframe/abstractdataframe.jl:2238;src/dataframe/dataframe.jl:508;src/dataframe/dataframe.jl:522;src/dataframe/dataframe.jl:532;src/dataframe/dataframe.jl:540;src/dataframe/dataframe.jl:544;src/dataframe/dataframe.jl:550;src/dataframe/dataframe.jl:558;src/dataframe/dataframe.jl:581;src/dataframe/dataframe.jl:607;src/dataframe/dataframe.jl:625;src/dataframe/dataframe.jl:629;src/dataframe/dataframe.jl:633;src/subdataframe/subdataframe.jl:166;src/subdataframe/subdataframe.jl:168;src/subdataframe/subdataframe.jl:170;src/subdataframe/subdataframe.jl:173;src/subdataframe/subdataframe.jl:175;src/subdataframe/subdataframe.jl:178;src/subdataframe/subdataframe.jl:185;src/subdataframe/subdataframe.jl:188;src/dataframerow/dataframerow.jl:207;src/dataframerow/dataframerow.jl:210;src/dataframerow/dataframerow.jl:212;src/dataframerow/dataframerow.jl:215;src/dataframerow/dataframerow.jl:225;src/groupeddataframe/groupeddataframe.jl:577;src/groupeddataframe/groupeddataframe.jl:581;src/groupeddataframe/groupeddataframe.jl:600;src/groupeddataframe/groupeddataframe.jl:669;src/groupeddataframe/groupeddataframe.jl:672;src/groupeddataframe/groupeddataframe.jl:680;src/groupeddataframe/groupeddataframe.jl:776;src/groupeddataframe/groupeddataframe.jl:789;src/groupeddataframe/utils.jl:103;src/groupeddataframe/utils.jl:125;src/other/broadcasting.jl:3;src/abstractdataframe/iteration.jl:83;src/abstractdataframe/iteration.jl:84;src/abstractdataframe/iteration.jl:85;src/abstractdataframe/iteration.jl:265;src/abstractdataframe/iteration.jl:267;src/abstractdataframe/iteration.jl:269;src/abstractdataframe/reshape.jl:673;src/abstractdataframe/reshape.jl:731;src/join/core.jl:31		
julia0038	~/.cache/merl-batch/2026-10-03/scratch/653/julia-1.11.7/share/julia/base/boot.jl:383		
julia0039	~/.cache/merl-batch/2026-10-03/scratch/653/depot/packages/Tables/qGyu7/src/fallbacks.jl:115		
julia0040			
julia0041	~/.cache/merl-batch/2026-10-03/scratch/653/depot/packages/DataAPI/atdEM/src/DataAPI.jl:337	colmetadatasupport of a SubDataFrame type: DataFrames' method answers, the oracle lists only the generic's methods outside the project	
julia0042	~/.cache/merl-batch/2026-10-03/scratch/653/julia-1.11.7/share/julia/base/reflection.jl:2625	hasproperty(x) on a DataFrame: DataFrames' method answers, the oracle lists only the generic's methods outside the project	
julia0043	src/abstractdataframe/selection.jl:950;src/abstractdataframe/selection.jl:955;src/abstractdataframe/selection.jl:961;src/groupeddataframe/splitapplycombine.jl:929;src/groupeddataframe/splitapplycombine.jl:937		
julia0044			
julia0045	~/.cache/merl-batch/2026-10-03/scratch/653/julia-1.11.7/share/julia/stdlib/v1.11/LinearAlgebra/src/hessenberg.jl:494;~/.cache/merl-batch/2026-10-03/scratch/653/julia-1.11.7/share/julia/stdlib/v1.11/LinearAlgebra/src/cholesky.jl:499;~/.cache/merl-batch/2026-10-03/scratch/653/julia-1.11.7/share/julia/stdlib/v1.11/LinearAlgebra/src/lu.jl:832;~/.cache/merl-batch/2026-10-03/scratch/653/julia-1.11.7/share/julia/stdlib/v1.11/LinearAlgebra/src/lu.jl:793;~/.cache/merl-batch/2026-10-03/scratch/653/julia-1.11.7/share/julia/stdlib/v1.11/LinearAlgebra/src/qr.jl:455;~/.cache/merl-batch/2026-10-03/scratch/653/julia-1.11.7/share/julia/stdlib/v1.11/LinearAlgebra/src/lq.jl:123;~/.cache/merl-batch/2026-10-03/scratch/653/julia-1.11.7/share/julia/stdlib/v1.11/LinearAlgebra/src/eigen.jl:675;~/.cache/merl-batch/2026-10-03/scratch/653/julia-1.11.7/share/julia/stdlib/v1.11/LinearAlgebra/src/cholesky.jl:508;~/.cache/merl-batch/2026-10-03/scratch/653/julia-1.11.7/share/julia/stdlib/v1.11/LinearAlgebra/src/svd.jl:575;~/.cache/merl-batch/2026-10-03/scratch/653/julia-1.11.7/share/julia/stdlib/v1.11/LinearAlgebra/src/schur.jl:444;~/.cache/merl-batch/2026-10-03/scratch/653/julia-1.11.7/share/julia/stdlib/v1.11/LinearAlgebra/src/ldlt.jl:222;~/.cache/merl-batch/2026-10-03/scratch/653/julia-1.11.7/share/julia/stdlib/v1.11/LinearAlgebra/src/qr.jl:448		
julia0046	src/abstractdataframe/iteration.jl:184		
julia0047	~/.cache/merl-batch/2026-10-03/scratch/653/depot/packages/DataAPI/atdEM/src/DataAPI.jl:337	colmetadatasupport of a SubDataFrame type: DataFrames' method answers, the oracle lists only the generic's methods outside the project	
julia0048	src/abstractdataframe/abstractdataframe.jl:1011		
julia0049	~/.cache/merl-batch/2026-10-03/scratch/653/julia-1.11.7/share/julia/base/bitarray.jl:77;~/.cache/merl-batch/2026-10-03/scratch/653/julia-1.11.7/share/julia/base/bitarray.jl:96;~/.cache/merl-batch/2026-10-03/scratch/653/julia-1.11.7/share/julia/base/bitarray.jl:28;~/.cache/merl-batch/2026-10-03/scratch/653/julia-1.11.7/share/julia/base/bitarray.jl:70;~/.cache/merl-batch/2026-10-03/scratch/653/julia-1.11.7/share/julia/base/bitarray.jl:72;~/.cache/merl-batch/2026-10-03/scratch/653/julia-1.11.7/share/julia/base/bitarray.jl:545;~/.cache/merl-batch/2026-10-03/scratch/653/julia-1.11.7/share/julia/base/bitarray.jl:506;~/.cache/merl-batch/2026-10-03/scratch/653/julia-1.11.7/share/julia/base/bitarray.jl:578		
julia0050	src/abstractdataframe/sort.jl:22		
julia0051	src/other/index.jl:13		
julia0052	~/.cache/merl-batch/2026-10-03/scratch/653/julia-1.11.7/share/julia/stdlib/v1.11/Random/src/RNGs.jl:15;~/.cache/merl-batch/2026-10-03/scratch/653/julia-1.11.7/share/julia/stdlib/v1.11/Random/src/RNGs.jl:377;~/.cache/merl-batch/2026-10-03/scratch/653/julia-1.11.7/share/julia/stdlib/v1.11/Random/src/RNGs.jl:378;~/.cache/merl-batch/2026-10-03/scratch/653/julia-1.11.7/share/julia/stdlib/v1.11/Random/src/Random.jl:458;~/.cache/merl-batch/2026-10-03/scratch/653/julia-1.11.7/share/julia/stdlib/v1.11/Random/src/RNGs.jl:427;~/.cache/merl-batch/2026-10-03/scratch/653/julia-1.11.7/share/julia/stdlib/v1.11/Random/src/Xoshiro.jl:249;~/.cache/merl-batch/2026-10-03/scratch/653/julia-1.11.7/share/julia/stdlib/v1.11/Random/src/Xoshiro.jl:259		
julia0053	test/index.jl:98		
julia0054	~/.cache/merl-batch/2026-10-03/scratch/653/julia-1.11.7/share/julia/base/indices.jl:95;~/.cache/merl-batch/2026-10-03/scratch/653/julia-1.11.7/share/julia/base/indices.jl:102;~/.cache/merl-batch/2026-10-03/scratch/653/julia-1.11.7/share/julia/base/reinterpretarray.jl:251;~/.cache/merl-batch/2026-10-03/scratch/653/julia-1.11.7/share/julia/base/reinterpretarray.jl:250;~/.cache/merl-batch/2026-10-03/scratch/653/julia-1.11.7/share/julia/base/indices.jl:97;~/.cache/merl-batch/2026-10-03/scratch/653/julia-1.11.7/share/julia/base/subarray.jl:417;~/.cache/merl-batch/2026-10-03/scratch/653/julia-1.11.7/share/julia/base/subarray.jl:416;~/.cache/merl-batch/2026-10-03/scratch/653/julia-1.11.7/share/julia/base/genericmemory.jl:69;~/.cache/merl-batch/2026-10-03/scratch/653/julia-1.11.7/share/julia/base/indices.jl:98;~/.cache/merl-batch/2026-10-03/scratch/653/julia-1.11.7/share/julia/base/reshapedarray.jl:220;~/.cache/merl-batch/2026-10-03/scratch/653/julia-1.11.7/share/julia/base/missing.jl:253;~/.cache/merl-batch/2026-10-03/scratch/653/julia-1.11.7/share/julia/base/bitarray.jl:114;~/.cache/merl-batch/2026-10-03/scratch/653/julia-1.11.7/share/julia/base/strings/basic.jl:803;~/.cache/merl-batch/2026-10-03/scratch/653/julia-1.11.7/share/julia/base/indices.jl:512;~/.cache/merl-batch/2026-10-03/scratch/653/julia-1.11.7/share/julia/base/indices.jl:96;~/.cache/merl-batch/2026-10-03/scratch/653/julia-1.11.7/share/julia/base/reinterpretarray.jl:258;~/.cache/merl-batch/2026-10-03/scratch/653/julia-1.11.7/share/julia/base/indices.jl:94;~/.cache/merl-batch/2026-10-03/scratch/653/julia-1.11.7/share/julia/base/indices.jl:100;~/.cache/merl-batch/2026-10-03/scratch/653/julia-1.11.7/share/julia/base/indices.jl:101;~/.cache/merl-batch/2026-10-03/scratch/653/julia-1.11.7/share/julia/base/indices.jl:103;~/.cache/merl-batch/2026-10-03/scratch/653/depot/packages/Missings/MBhnW/src/Missings.jl:344;~/.cache/merl-batch/2026-10-03/scratch/653/depot/packages/Missings/MBhnW/src/Missings.jl:312;~/.cache/merl-batch/2026-10-03/scratch/653/depot/packages/PooledArrays/Vy2X0/src/PooledArrays.jl:585;~/.cache/merl-batch/2026-10-03/scratch/653/depot/packages/SentinelArrays/YQPM3/src/missingvector.jl:5;~/.cache/merl-batch/2026-10-03/scratch/653/depot/packages/SentinelArrays/YQPM3/src/SentinelArrays.jl:182;~/.cache/merl-batch/2026-10-03/scratch/653/depot/packages/SentinelArrays/YQPM3/src/chainedvector.jl:59;~/.cache/merl-batch/2026-10-03/scratch/653/depot/packages/SentinelArrays/YQPM3/src/BufferedVectors.jl:26;~/.cache/merl-batch/2026-10-03/scratch/653/depot/packages/Tables/qGyu7/src/fallbacks.jl:192;~/.cache/merl-batch/2026-10-03/scratch/653/depot/packages/Tables/qGyu7/src/Tables.jl:181;~/.cache/merl-batch/2026-10-03/scratch/653/julia-1.11.7/share/julia/base/broadcast.jl:255;~/.cache/merl-batch/2026-10-03/scratch/653/julia-1.11.7/share/julia/base/broadcast.jl:254;~/.cache/merl-batch/2026-10-03/scratch/653/julia-1.11.7/share/julia/base/broadcast.jl:253;~/.cache/merl-batch/2026-10-03/scratch/653/julia-1.11.7/share/julia/base/experimental.jl:28;~/.cache/merl-batch/2026-10-03/scratch/653/julia-1.11.7/share/julia/stdlib/v1.11/LinearAlgebra/src/adjtrans.jl:330;~/.cache/merl-batch/2026-10-03/scratch/653/julia-1.11.7/share/julia/stdlib/v1.11/LinearAlgebra/src/adjtrans.jl:329;src/groupeddataframe/groupeddataframe.jl:572;src/groupeddataframe/groupeddataframe.jl:573;src/groupeddataframe/groupeddataframe.jl:775;src/groupeddataframe/utils.jl:102;src/groupeddataframe/utils.jl:124;src/abstractdataframe/iteration.jl:80;src/abstractdataframe/reshape.jl:687;src/abstractdataframe/reshape.jl:737;src/join/core.jl:27		
julia0055	test/metadata.jl:2688		
julia0056	test/constructors.jl:415		
julia0057	test/select.jl:1057		
julia0058	src/dataframe/dataframe.jl:178;src/dataframe/dataframe.jl:257;src/dataframe/dataframe.jl:259;src/dataframe/dataframe.jl:267;src/dataframe/dataframe.jl:276;src/dataframe/dataframe.jl:291;src/dataframe/dataframe.jl:312;src/dataframe/dataframe.jl:338;src/dataframe/dataframe.jl:355;src/dataframe/dataframe.jl:359;src/dataframe/dataframe.jl:365;src/dataframe/dataframe.jl:369;src/dataframe/dataframe.jl:379;src/dataframe/dataframe.jl:386;src/dataframe/dataframe.jl:390;src/dataframe/dataframe.jl:402;src/dataframe/dataframe.jl:407;src/dataframe/dataframe.jl:412;src/dataframe/dataframe.jl:418;src/subdataframe/subdataframe.jl:309;src/dataframerow/dataframerow.jl:491;src/groupeddataframe/groupeddataframe.jl:352;src/other/tables.jl:48;src/other/tables.jl:67;src/other/tables.jl:74		
julia0059	~/.cache/merl-batch/2026-10-03/scratch/653/julia-1.11.7/share/julia/base/iterators.jl:1331;~/.cache/merl-batch/2026-10-03/scratch/653/julia-1.11.7/share/julia/base/iterators.jl:1330;~/.cache/merl-batch/2026-10-03/scratch/653/julia-1.11.7/share/julia/base/iterators.jl:1326		
julia0060			
julia0061	~/.cache/merl-batch/2026-10-03/scratch/653/julia-1.11.7/share/julia/base/boot.jl:383		
julia0062			
julia0063	src/dataframe/dataframe.jl:178;src/dataframe/dataframe.jl:257;src/dataframe/dataframe.jl:259;src/dataframe/dataframe.jl:267;src/dataframe/dataframe.jl:276;src/dataframe/dataframe.jl:291;src/dataframe/dataframe.jl:312;src/dataframe/dataframe.jl:338;src/dataframe/dataframe.jl:355;src/dataframe/dataframe.jl:359;src/dataframe/dataframe.jl:365;src/dataframe/dataframe.jl:369;src/dataframe/dataframe.jl:379;src/dataframe/dataframe.jl:386;src/dataframe/dataframe.jl:390;src/dataframe/dataframe.jl:402;src/dataframe/dataframe.jl:407;src/dataframe/dataframe.jl:412;src/dataframe/dataframe.jl:418;src/subdataframe/subdataframe.jl:309;src/dataframerow/dataframerow.jl:491;src/groupeddataframe/groupeddataframe.jl:352;src/other/tables.jl:48;src/other/tables.jl:67;src/other/tables.jl:74		
julia0064	~/.cache/merl-batch/2026-10-03/scratch/653/julia-1.11.7/share/julia/base/boot.jl:383		
julia0065	~/.cache/merl-batch/2026-10-03/scratch/653/julia-1.11.7/share/julia/base/bitset.jl:48;~/.cache/merl-batch/2026-10-03/scratch/653/julia-1.11.7/share/julia/base/secretbuffer.jl:120;~/.cache/merl-batch/2026-10-03/scratch/653/julia-1.11.7/share/julia/base/expr.jl:76;~/.cache/merl-batch/2026-10-03/scratch/653/julia-1.11.7/share/julia/base/expr.jl:44;~/.cache/merl-batch/2026-10-03/scratch/653/julia-1.11.7/share/julia/base/strings/annotated.jl:488;~/.cache/merl-batch/2026-10-03/scratch/653/julia-1.11.7/share/julia/base/array.jl:345;~/.cache/merl-batch/2026-10-03/scratch/653/julia-1.11.7/share/julia/base/idset.jl:39;~/.cache/merl-batch/2026-10-03/scratch/653/julia-1.11.7/share/julia/base/iddict.jl:146;~/.cache/merl-batch/2026-10-03/scratch/653/julia-1.11.7/share/julia/base/weakkeydict.jl:50;~/.cache/merl-batch/2026-10-03/scratch/653/julia-1.11.7/share/julia/base/dict.jl:110;~/.cache/merl-batch/2026-10-03/scratch/653/julia-1.11.7/share/julia/base/abstractdict.jl:197;~/.cache/merl-batch/2026-10-03/scratch/653/julia-1.11.7/share/julia/base/set.jl:166;~/.cache/merl-batch/2026-10-03/scratch/653/julia-1.11.7/share/julia/base/abstractdict.jl:71;~/.cache/merl-batch/2026-10-03/scratch/653/julia-1.11.7/share/julia/base/subarray.jl:72;~/.cache/merl-batch/2026-10-03/scratch/653/julia-1.11.7/share/julia/base/genericmemory.jl:170;~/.cache/merl-batch/2026-10-03/scratch/653/julia-1.11.7/share/julia/base/range.jl:892;~/.cache/merl-batch/2026-10-03/scratch/653/julia-1.11.7/share/julia/base/iobuffer.jl:158;~/.cache/merl-batch/2026-10-03/scratch/653/julia-1.11.7/share/julia/base/abstractarray.jl:1133;~/.cache/merl-batch/2026-10-03/scratch/653/julia-1.11.7/share/julia/base/number.jl:113;~/.cache/merl-batch/2026-10-03/scratch/653/julia-1.11.7/share/julia/stdlib/v1.11/Random/src/DSFMT.jl:37;~/.cache/merl-batch/2026-10-03/scratch/653/julia-1.11.7/share/julia/stdlib/v1.11/Random/src/DSFMT.jl:111;~/.cache/merl-batch/2026-10-03/scratch/653/julia-1.11.7/share/julia/stdlib/v1.11/Random/src/RNGs.jl:129;~/.cache/merl-batch/2026-10-03/scratch/653/julia-1.11.7/share/julia/stdlib/v1.11/Random/src/Xoshiro.jl:243;~/.cache/merl-batch/2026-10-03/scratch/653/julia-1.11.7/share/julia/base/broadcast.jl:1098;~/.cache/merl-batch/2026-10-03/scratch/653/julia-1.11.7/share/julia/base/broadcast.jl:888;~/.cache/merl-batch/2026-10-03/scratch/653/julia-1.11.7/share/julia/base/broadcast.jl:887;~/.cache/merl-batch/2026-10-03/scratch/653/julia-1.11.7/share/julia/base/broadcast.jl:893	copy of a DataFrame: DataFrames' method answers, the oracle lists only the generic's methods outside the project	
julia0066	~/.cache/merl-batch/2026-10-03/scratch/653/julia-1.11.7/share/julia/base/boot.jl:383		
julia0067	~/.cache/merl-batch/2026-10-03/scratch/653/julia-1.11.7/share/julia/stdlib/v1.11/LinearAlgebra/src/hessenberg.jl:494;~/.cache/merl-batch/2026-10-03/scratch/653/julia-1.11.7/share/julia/stdlib/v1.11/LinearAlgebra/src/cholesky.jl:499;~/.cache/merl-batch/2026-10-03/scratch/653/julia-1.11.7/share/julia/stdlib/v1.11/LinearAlgebra/src/lu.jl:832;~/.cache/merl-batch/2026-10-03/scratch/653/julia-1.11.7/share/julia/stdlib/v1.11/LinearAlgebra/src/lu.jl:793;~/.cache/merl-batch/2026-10-03/scratch/653/julia-1.11.7/share/julia/stdlib/v1.11/LinearAlgebra/src/qr.jl:455;~/.cache/merl-batch/2026-10-03/scratch/653/julia-1.11.7/share/julia/stdlib/v1.11/LinearAlgebra/src/lq.jl:123;~/.cache/merl-batch/2026-10-03/scratch/653/julia-1.11.7/share/julia/stdlib/v1.11/LinearAlgebra/src/eigen.jl:675;~/.cache/merl-batch/2026-10-03/scratch/653/julia-1.11.7/share/julia/stdlib/v1.11/LinearAlgebra/src/cholesky.jl:508;~/.cache/merl-batch/2026-10-03/scratch/653/julia-1.11.7/share/julia/stdlib/v1.11/LinearAlgebra/src/svd.jl:575;~/.cache/merl-batch/2026-10-03/scratch/653/julia-1.11.7/share/julia/stdlib/v1.11/LinearAlgebra/src/schur.jl:444;~/.cache/merl-batch/2026-10-03/scratch/653/julia-1.11.7/share/julia/stdlib/v1.11/LinearAlgebra/src/ldlt.jl:222;~/.cache/merl-batch/2026-10-03/scratch/653/julia-1.11.7/share/julia/stdlib/v1.11/LinearAlgebra/src/qr.jl:448		
julia0068	src/dataframe/dataframe.jl:178;src/dataframe/dataframe.jl:257;src/dataframe/dataframe.jl:259;src/dataframe/dataframe.jl:267;src/dataframe/dataframe.jl:276;src/dataframe/dataframe.jl:291;src/dataframe/dataframe.jl:312;src/dataframe/dataframe.jl:338;src/dataframe/dataframe.jl:355;src/dataframe/dataframe.jl:359;src/dataframe/dataframe.jl:365;src/dataframe/dataframe.jl:369;src/dataframe/dataframe.jl:379;src/dataframe/dataframe.jl:386;src/dataframe/dataframe.jl:390;src/dataframe/dataframe.jl:402;src/dataframe/dataframe.jl:407;src/dataframe/dataframe.jl:412;src/dataframe/dataframe.jl:418;src/subdataframe/subdataframe.jl:309;src/dataframerow/dataframerow.jl:491;src/groupeddataframe/groupeddataframe.jl:352;src/other/tables.jl:48;src/other/tables.jl:67;src/other/tables.jl:74		
julia0069	test/indexing.jl:1160		
julia0070	~/.cache/merl-batch/2026-10-03/scratch/653/julia-1.11.7/share/julia/base/strings/substring.jl:62;~/.cache/merl-batch/2026-10-03/scratch/653/julia-1.11.7/share/julia/base/subarray.jl:240;~/.cache/merl-batch/2026-10-03/scratch/653/julia-1.11.7/share/julia/base/subarray.jl:236;~/.cache/merl-batch/2026-10-03/scratch/653/julia-1.11.7/share/julia/base/subarray.jl:232;~/.cache/merl-batch/2026-10-03/scratch/653/julia-1.11.7/share/julia/base/subarray.jl:220;~/.cache/merl-batch/2026-10-03/scratch/653/julia-1.11.7/share/julia/base/subarray.jl:224;~/.cache/merl-batch/2026-10-03/scratch/653/julia-1.11.7/share/julia/base/subarray.jl:228;~/.cache/merl-batch/2026-10-03/scratch/653/julia-1.11.7/share/julia/base/subarray.jl:246;~/.cache/merl-batch/2026-10-03/scratch/653/julia-1.11.7/share/julia/base/subarray.jl:211;~/.cache/merl-batch/2026-10-03/scratch/653/depot/packages/InlineStrings/3hOt5/src/InlineStrings.jl:407;~/.cache/merl-batch/2026-10-03/scratch/653/julia-1.11.7/share/julia/base/multidimensional.jl:402;~/.cache/merl-batch/2026-10-03/scratch/653/julia-1.11.7/share/julia/base/multidimensional.jl:399;~/.cache/merl-batch/2026-10-03/scratch/653/julia-1.11.7/share/julia/stdlib/v1.11/LinearAlgebra/src/abstractq.jl:119;src/subdataframe/subdataframe.jl:140;src/subdataframe/subdataframe.jl:142;src/subdataframe/subdataframe.jl:144;src/subdataframe/subdataframe.jl:146;src/subdataframe/subdataframe.jl:149;src/subdataframe/subdataframe.jl:152;src/dataframerow/dataframerow.jl:203;src/dataframerow/dataframerow.jl:312;src/dataframerow/dataframerow.jl:315;src/dataframerow/dataframerow.jl:325;src/other/broadcasting.jl:4		
julia0071			
julia0072	test/grouping.jl:932		
julia0073			
julia0074	~/.cache/merl-batch/2026-10-03/scratch/653/julia-1.11.7/share/julia/base/strings/substring.jl:62;~/.cache/merl-batch/2026-10-03/scratch/653/julia-1.11.7/share/julia/base/subarray.jl:240;~/.cache/merl-batch/2026-10-03/scratch/653/julia-1.11.7/share/julia/base/subarray.jl:236;~/.cache/merl-batch/2026-10-03/scratch/653/julia-1.11.7/share/julia/base/subarray.jl:232;~/.cache/merl-batch/2026-10-03/scratch/653/julia-1.11.7/share/julia/base/subarray.jl:220;~/.cache/merl-batch/2026-10-03/scratch/653/julia-1.11.7/share/julia/base/subarray.jl:224;~/.cache/merl-batch/2026-10-03/scratch/653/julia-1.11.7/share/julia/base/subarray.jl:228;~/.cache/merl-batch/2026-10-03/scratch/653/julia-1.11.7/share/julia/base/subarray.jl:246;~/.cache/merl-batch/2026-10-03/scratch/653/julia-1.11.7/share/julia/base/subarray.jl:211;~/.cache/merl-batch/2026-10-03/scratch/653/julia-1.11.7/share/julia/base/multidimensional.jl:402;~/.cache/merl-batch/2026-10-03/scratch/653/julia-1.11.7/share/julia/base/multidimensional.jl:399	view of a DataFrame: DataFrames' method answers, the oracle lists only the generic's methods outside the project	
julia0075	~/.cache/merl-batch/2026-10-03/scratch/653/julia-1.11.7/share/julia/base/boot.jl:383		
julia0076	~/.cache/merl-batch/2026-10-03/scratch/653/julia-1.11.7/share/julia/base/process.jl:716;~/.cache/merl-batch/2026-10-03/scratch/653/julia-1.11.7/share/julia/base/essentials.jl:941;~/.cache/merl-batch/2026-10-03/scratch/653/julia-1.11.7/share/julia/base/strings/lazy.jl:93;~/.cache/merl-batch/2026-10-03/scratch/653/julia-1.11.7/share/julia/base/strings/annotated.jl:159;~/.cache/merl-batch/2026-10-03/scratch/653/julia-1.11.7/share/julia/base/strings/basic.jl:179;~/.cache/merl-batch/2026-10-03/scratch/653/julia-1.11.7/share/julia/base/pair.jl:56;~/.cache/merl-batch/2026-10-03/scratch/653/julia-1.11.7/share/julia/base/char.jl:201;~/.cache/merl-batch/2026-10-03/scratch/653/julia-1.11.7/share/julia/base/namedtuple.jl:166;~/.cache/merl-batch/2026-10-03/scratch/653/julia-1.11.7/share/julia/base/abstractarray.jl:426;~/.cache/merl-batch/2026-10-03/scratch/653/julia-1.11.7/share/julia/base/tuple.jl:28;~/.cache/merl-batch/2026-10-03/scratch/653/julia-1.11.7/share/julia/base/number.jl:90;~/.cache/merl-batch/2026-10-03/scratch/653/julia-1.11.7/share/julia/base/number.jl:91;~/.cache/merl-batch/2026-10-03/scratch/653/julia-1.11.7/share/julia/base/abstractarray.jl:427	lastindex on a DataFrameRow: DataFrames' method answers, the oracle lists only the generic's methods outside the project	
julia0077	src/other/index.jl:489;src/other/index.jl:490;src/other/index.jl:504;src/other/index.jl:506;src/other/index.jl:508;src/other/index.jl:511;src/other/index.jl:522;src/other/index.jl:525;src/other/index.jl:528;src/other/index.jl:531;src/other/index.jl:534;src/other/index.jl:537		
julia0078	~/.cache/merl-batch/2026-10-03/scratch/653/depot/packages/DataAPI/atdEM/src/DataAPI.jl:1		
julia0079			
julia0080	src/groupeddataframe/splitapplycombine.jl:10		
julia0081	src/other/utils.jl:55		
julia0082	src/other/broadcasting.jl:24		
julia0083	test/insertion.jl:393		
julia0084	test/select.jl:777		
julia0085	~/.cache/merl-batch/2026-10-03/scratch/653/julia-1.11.7/share/julia/base/boot.jl:919;~/.cache/merl-batch/2026-10-03/scratch/653/julia-1.11.7/share/julia/base/boot.jl:917;~/.cache/merl-batch/2026-10-03/scratch/653/julia-1.11.7/share/julia/base/boot.jl:915;~/.cache/merl-batch/2026-10-03/scratch/653/julia-1.11.7/share/julia/base/boot.jl:913;~/.cache/merl-batch/2026-10-03/scratch/653/julia-1.11.7/share/julia/base/boot.jl:911;~/.cache/merl-batch/2026-10-03/scratch/653/julia-1.11.7/share/julia/base/boot.jl:922;~/.cache/merl-batch/2026-10-03/scratch/653/julia-1.11.7/share/julia/base/boot.jl:900;~/.cache/merl-batch/2026-10-03/scratch/653/depot/packages/SentinelArrays/YQPM3/src/chainedvector.jl:256;~/.cache/merl-batch/2026-10-03/scratch/653/julia-1.11.7/share/julia/base/gmp.jl:282;~/.cache/merl-batch/2026-10-03/scratch/653/julia-1.11.7/share/julia/base/rational.jl:151;~/.cache/merl-batch/2026-10-03/scratch/653/julia-1.11.7/share/julia/base/complex.jl:44;~/.cache/merl-batch/2026-10-03/scratch/653/julia-1.11.7/share/julia/base/twiceprecision.jl:265;~/.cache/merl-batch/2026-10-03/scratch/653/julia-1.11.7/share/julia/base/char.jl:50;~/.cache/merl-batch/2026-10-03/scratch/653/julia-1.11.7/share/julia/base/Enums.jl:19;~/.cache/merl-batch/2026-10-03/scratch/653/julia-1.11.7/share/julia/base/mpfr.jl:403		
julia0086	~/.cache/merl-batch/2026-10-03/scratch/653/julia-1.11.7/share/julia/base/iterators.jl:200		
julia0087	~/.cache/merl-batch/2026-10-03/scratch/653/julia-1.11.7/share/julia/base/essentials.jl:1037		
julia0088	~/.cache/merl-batch/2026-10-03/scratch/653/julia-1.11.7/share/julia/stdlib/v1.11/LinearAlgebra/src/hessenberg.jl:494;~/.cache/merl-batch/2026-10-03/scratch/653/julia-1.11.7/share/julia/stdlib/v1.11/LinearAlgebra/src/cholesky.jl:499;~/.cache/merl-batch/2026-10-03/scratch/653/julia-1.11.7/share/julia/stdlib/v1.11/LinearAlgebra/src/lu.jl:832;~/.cache/merl-batch/2026-10-03/scratch/653/julia-1.11.7/share/julia/stdlib/v1.11/LinearAlgebra/src/lu.jl:793;~/.cache/merl-batch/2026-10-03/scratch/653/julia-1.11.7/share/julia/stdlib/v1.11/LinearAlgebra/src/qr.jl:455;~/.cache/merl-batch/2026-10-03/scratch/653/julia-1.11.7/share/julia/stdlib/v1.11/LinearAlgebra/src/lq.jl:123;~/.cache/merl-batch/2026-10-03/scratch/653/julia-1.11.7/share/julia/stdlib/v1.11/LinearAlgebra/src/eigen.jl:675;~/.cache/merl-batch/2026-10-03/scratch/653/julia-1.11.7/share/julia/stdlib/v1.11/LinearAlgebra/src/cholesky.jl:508;~/.cache/merl-batch/2026-10-03/scratch/653/julia-1.11.7/share/julia/stdlib/v1.11/LinearAlgebra/src/svd.jl:575;~/.cache/merl-batch/2026-10-03/scratch/653/julia-1.11.7/share/julia/stdlib/v1.11/LinearAlgebra/src/schur.jl:444;~/.cache/merl-batch/2026-10-03/scratch/653/julia-1.11.7/share/julia/stdlib/v1.11/LinearAlgebra/src/ldlt.jl:222;~/.cache/merl-batch/2026-10-03/scratch/653/julia-1.11.7/share/julia/stdlib/v1.11/LinearAlgebra/src/qr.jl:448		
julia0089	src/dataframerow/dataframerow.jl:76;src/dataframerow/dataframerow.jl:91;src/dataframerow/dataframerow.jl:98;src/dataframerow/dataframerow.jl:101;src/dataframerow/dataframerow.jl:113;src/dataframerow/dataframerow.jl:116		
julia0090	test/grouping.jl:3984		
julia0091	~/.cache/merl-batch/2026-10-03/scratch/653/julia-1.11.7/share/julia/base/boot.jl:383		
julia0092	~/.cache/merl-batch/2026-10-03/scratch/653/julia-1.11.7/share/julia/base/lock.jl:49		
julia0093			
julia0094	src/abstractdataframe/selection.jl:1303;src/abstractdataframe/selection.jl:1308;src/groupeddataframe/splitapplycombine.jl:882;src/groupeddataframe/splitapplycombine.jl:892		
julia0095			
julia0096	~/.cache/merl-batch/2026-10-03/scratch/653/julia-1.11.7/share/julia/base/range.jl:475;~/.cache/merl-batch/2026-10-03/scratch/653/julia-1.11.7/share/julia/base/range.jl:474		
julia0097			
julia0098	~/.cache/merl-batch/2026-10-03/scratch/653/julia-1.11.7/share/julia/base/subarray.jl:80;~/.cache/merl-batch/2026-10-03/scratch/653/julia-1.11.7/share/julia/base/slicearray.jl:245;~/.cache/merl-batch/2026-10-03/scratch/653/julia-1.11.7/share/julia/base/strings/substring.jl:115;~/.cache/merl-batch/2026-10-03/scratch/653/julia-1.11.7/share/julia/base/reshapedarray.jl:221;~/.cache/merl-batch/2026-10-03/scratch/653/julia-1.11.7/share/julia/base/reinterpretarray.jl:340;~/.cache/merl-batch/2026-10-03/scratch/653/julia-1.11.7/share/julia/base/abstractarray.jl:1482;~/.cache/merl-batch/2026-10-03/scratch/653/julia-1.11.7/share/julia/base/permuteddimsarray.jl:48	parent of a DataFrameRow: DataFrames' method answers, the oracle lists only the generic's methods outside the project	
julia0099	~/.cache/merl-batch/2026-10-03/scratch/653/julia-1.11.7/share/julia/base/essentials.jl:1174		
julia0100	src/dataframe/insertion.jl:214		
julia0101	src/join/core.jl:509		
julia0102	~/.cache/merl-batch/2026-10-03/scratch/653/julia-1.11.7/share/julia/base/multimedia.jl:49		
julia0103	~/.cache/merl-batch/2026-10-03/scratch/653/julia-1.11.7/share/julia/base/Broadcast.jl:1		
julia0104	~/.cache/merl-batch/2026-10-03/scratch/653/julia-1.11.7/share/julia/stdlib/v1.11/Random/src/Random.jl:1		
julia0105			
julia0106			
julia0107	~/.cache/merl-batch/2026-10-03/scratch/653/julia-1.11.7/share/julia/base/essentials.jl:455;~/.cache/merl-batch/2026-10-03/scratch/653/julia-1.11.7/share/julia/base/secretbuffer.jl:64;~/.cache/merl-batch/2026-10-03/scratch/653/julia-1.11.7/share/julia/base/essentials.jl:461;~/.cache/merl-batch/2026-10-03/scratch/653/julia-1.11.7/share/julia/base/strings/cstring.jl:36;~/.cache/merl-batch/2026-10-03/scratch/653/julia-1.11.7/share/julia/base/strings/cstring.jl:37;~/.cache/merl-batch/2026-10-03/scratch/653/julia-1.11.7/share/julia/base/uuid.jl:23;~/.cache/merl-batch/2026-10-03/scratch/653/julia-1.11.7/share/julia/base/uuid.jl:16;~/.cache/merl-batch/2026-10-03/scratch/653/julia-1.11.7/share/julia/base/expr.jl:37;~/.cache/merl-batch/2026-10-03/scratch/653/julia-1.11.7/share/julia/base/strings/substring.jl:72;~/.cache/merl-batch/2026-10-03/scratch/653/julia-1.11.7/share/julia/base/strings/substring.jl:71;~/.cache/merl-batch/2026-10-03/scratch/653/julia-1.11.7/share/julia/base/strings/substring.jl:73;~/.cache/merl-batch/2026-10-03/scratch/653/julia-1.11.7/share/julia/base/Base.jl:125;~/.cache/merl-batch/2026-10-03/scratch/653/julia-1.11.7/share/julia/base/essentials.jl:457;~/.cache/merl-batch/2026-10-03/scratch/653/julia-1.11.7/share/julia/base/strings/annotated.jl:136;~/.cache/merl-batch/2026-10-03/scratch/653/julia-1.11.7/share/julia/base/strings/annotated.jl:139;~/.cache/merl-batch/2026-10-03/scratch/653/julia-1.11.7/share/julia/base/strings/annotated.jl:137;~/.cache/merl-batch/2026-10-03/scratch/653/julia-1.11.7/share/julia/base/char.jl:187;~/.cache/merl-batch/2026-10-03/scratch/653/julia-1.11.7/share/julia/base/abstractdict.jl:571;~/.cache/merl-batch/2026-10-03/scratch/653/julia-1.11.7/share/julia/base/pointer.jl:29;~/.cache/merl-batch/2026-10-03/scratch/653/julia-1.11.7/share/julia/base/pointer.jl:30;~/.cache/merl-batch/2026-10-03/scratch/653/julia-1.11.7/share/julia/base/show.jl:327;~/.cache/merl-batch/2026-10-03/scratch/653/julia-1.11.7/share/julia/base/show.jl:328;~/.cache/merl-batch/2026-10-03/scratch/653/julia-1.11.7/share/julia/base/show.jl:325;~/.cache/merl-batch/2026-10-03/scratch/653/julia-1.11.7/share/julia/base/show.jl:326;~/.cache/merl-batch/2026-10-03/scratch/653/julia-1.11.7/share/julia/base/strings/substring.jl:68;~/.cache/merl-batch/2026-10-03/scratch/653/julia-1.11.7/share/julia/base/strings/substring.jl:66;~/.cache/merl-batch/2026-10-03/scratch/653/julia-1.11.7/share/julia/base/essentials.jl:600;~/.cache/merl-batch/2026-10-03/scratch/653/julia-1.11.7/share/julia/base/indices.jl:486;~/.cache/merl-batch/2026-10-03/scratch/653/julia-1.11.7/share/julia/base/namedtuple.jl:181;~/.cache/merl-batch/2026-10-03/scratch/653/julia-1.11.7/share/julia/base/namedtuple.jl:180;~/.cache/merl-batch/2026-10-03/scratch/653/julia-1.11.7/share/julia/base/namedtuple.jl:184;~/.cache/merl-batch/2026-10-03/scratch/653/julia-1.11.7/share/julia/base/strings/annotated.jl:129;~/.cache/merl-batch/2026-10-03/scratch/653/julia-1.11.7/share/julia/base/strings/annotated.jl:132;~/.cache/merl-batch/2026-10-03/scratch/653/julia-1.11.7/share/julia/base/strings/annotated.jl:130;~/.cache/merl-batch/2026-10-03/scratch/653/julia-1.11.7/share/julia/base/twiceprecision.jl:267;~/.cache/merl-batch/2026-10-03/scratch/653/julia-1.11.7/share/julia/base/twiceprecision.jl:268;~/.cache/merl-batch/2026-10-03/scratch/653/julia-1.11.7/share/julia/base/set.jl:679;~/.cache/merl-batch/2026-10-03/scratch/653/julia-1.11.7/share/julia/base/some.jl:38;~/.cache/merl-batch/2026-10-03/scratch/653/julia-1.11.7/share/julia/base/some.jl:39;~/.cache/merl-batch/2026-10-03/scratch/653/julia-1.11.7/share/julia/base/refpointer.jl:124;~/.cache/merl-batch/2026-10-03/scratch/653/julia-1.11.7/share/julia/base/refpointer.jl:96;~/.cache/merl-batch/2026-10-03/scratch/653/julia-1.11.7/share/julia/base/pair.jl:61;~/.cache/merl-batch/2026-10-03/scratch/653/julia-1.11.7/share/julia/base/pair.jl:62;~/.cache/merl-batch/2026-10-03/scratch/653/julia-1.11.7/share/julia/base/strings/basic.jl:231;~/.cache/merl-batch/2026-10-03/scratch/653/julia-1.11.7/share/julia/base/baseext.jl:18;~/.cache/merl-batch/2026-10-03/scratch/653/julia-1.11.7/share/julia/base/char.jl:183;~/.cache/merl-batch/2026-10-03/scratch/653/julia-1.11.7/share/julia/base/number.jl:6;~/.cache/merl-batch/2026-10-03/scratch/653/julia-1.11.7/share/julia/base/array.jl:618;~/.cache/merl-batch/2026-10-03/scratch/653/julia-1.11.7/share/julia/base/bitarray.jl:580;~/.cache/merl-batch/2026-10-03/scratch/653/julia-1.11.7/share/julia/base/genericmemory.jl:204;~/.cache/merl-batch/2026-10-03/scratch/653/julia-1.11.7/share/julia/base/range.jl:269;~/.cache/merl-batch/2026-10-03/scratch/653/julia-1.11.7/share/julia/base/baseext.jl:19;~/.cache/merl-batch/2026-10-03/scratch/653/julia-1.11.7/share/julia/base/Base.jl:126;~/.cache/merl-batch/2026-10-03/scratch/653/julia-1.11.7/share/julia/base/missing.jl:71;~/.cache/merl-batch/2026-10-03/scratch/653/julia-1.11.7/share/julia/base/some.jl:37;~/.cache/merl-batch/2026-10-03/scratch/653/julia-1.11.7/share/julia/base/some.jl:36;~/.cache/merl-batch/2026-10-03/scratch/653/julia-1.11.7/share/julia/base/missing.jl:68;~/.cache/merl-batch/2026-10-03/scratch/653/julia-1.11.7/share/julia/base/missing.jl:69;~/.cache/merl-batch/2026-10-03/scratch/653/julia-1.11.7/share/julia/base/missing.jl:70;~/.cache/merl-batch/2026-10-03/scratch/653/julia-1.11.7/share/julia/base/char.jl:186;~/.cache/merl-batch/2026-10-03/scratch/653/julia-1.11.7/share/julia/base/char.jl:185;~/.cache/merl-batch/2026-10-03/scratch/653/julia-1.11.7/share/julia/base/abstractdict.jl:573;~/.cache/merl-batch/2026-10-03/scratch/653/julia-1.11.7/share/julia/base/essentials.jl:601;~/.cache/merl-batch/2026-10-03/scratch/653/julia-1.11.7/share/julia/base/namedtuple.jl:182;~/.cache/merl-batch/2026-10-03/scratch/653/julia-1.11.7/share/julia/base/namedtuple.jl:188;~/.cache/merl-batch/2026-10-03/scratch/653/julia-1.11.7/share/julia/base/set.jl:680;~/.cache/merl-batch/2026-10-03/scratch/653/julia-1.11.7/share/julia/base/refpointer.jl:111;~/.cache/merl-batch/2026-10-03/scratch/653/julia-1.11.7/share/julia/base/strings/basic.jl:232;~/.cache/merl-batch/2026-10-03/scratch/653/julia-1.11.7/share/julia/base/abstractarray.jl:18;~/.cache/merl-batch/2026-10-03/scratch/653/julia-1.11.7/share/julia/base/abstractarray.jl:16;~/.cache/merl-batch/2026-10-03/scratch/653/julia-1.11.7/share/julia/base/abstractarray.jl:17;~/.cache/merl-batch/2026-10-03/scratch/653/julia-1.11.7/share/julia/base/number.jl:7;~/.cache/merl-batch/2026-10-03/scratch/653/julia-1.11.7/share/julia/base/char.jl:184;~/.cache/merl-batch/2026-10-03/scratch/653/julia-1.11.7/share/julia/base/pointer.jl:23;~/.cache/merl-batch/2026-10-03/scratch/653/julia-1.11.7/share/julia/base/twiceprecision.jl:271;~/.cache/merl-batch/2026-10-03/scratch/653/julia-1.11.7/share/julia/base/strings/cstring.jl:39;~/.cache/merl-batch/2026-10-03/scratch/653/julia-1.11.7/share/julia/base/strings/cstring.jl:38;~/.cache/merl-batch/2026-10-03/scratch/653/julia-1.11.7/share/julia/base/pointer.jl:26;~/.cache/merl-batch/2026-10-03/scratch/653/julia-1.11.7/share/julia/base/twiceprecision.jl:272;~/.cache/merl-batch/2026-10-03/scratch/653/julia-1.11.7/share/julia/base/deprecated.jl:103;~/.cache/merl-batch/2026-10-03/scratch/653/depot/packages/PooledArrays/Vy2X0/src/PooledArrays.jl:499;~/.cache/merl-batch/2026-10-03/scratch/653/depot/packages/PooledArrays/Vy2X0/src/PooledArrays.jl:509;~/.cache/merl-batch/2026-10-03/scratch/653/depot/packages/PooledArrays/Vy2X0/src/PooledArrays.jl:511;~/.cache/merl-batch/2026-10-03/scratch/653/depot/packages/PooledArrays/Vy2X0/src/PooledArrays.jl:513;~/.cache/merl-batch/2026-10-03/scratch/653/depot/packages/PooledArrays/Vy2X0/src/PooledArrays.jl:488;~/.cache/merl-batch/2026-10-03/scratch/653/depot/packages/PooledArrays/Vy2X0/src/PooledArrays.jl:496;~/.cache/merl-batch/2026-10-03/scratch/653/depot/packages/PooledArrays/Vy2X0/src/PooledArrays.jl:486;~/.cache/merl-batch/2026-10-03/scratch/653/depot/packages/PooledArrays/Vy2X0/src/PooledArrays.jl:494;~/.cache/merl-batch/2026-10-03/scratch/653/depot/packages/PooledArrays/Vy2X0/src/PooledArrays.jl:483;~/.cache/merl-batch/2026-10-03/scratch/653/depot/packages/PooledArrays/Vy2X0/src/PooledArrays.jl:469;~/.cache/merl-batch/2026-10-03/scratch/653/depot/packages/PooledArrays/Vy2X0/src/PooledArrays.jl:490;~/.cache/merl-batch/2026-10-03/scratch/653/depot/packages/PooledArrays/Vy2X0/src/PooledArrays.jl:484;~/.cache/merl-batch/2026-10-03/scratch/653/depot/packages/PooledArrays/Vy2X0/src/PooledArrays.jl:492;~/.cache/merl-batch/2026-10-03/scratch/653/depot/packages/SentinelArrays/YQPM3/src/SentinelArrays.jl:101;~/.cache/merl-batch/2026-10-03/scratch/653/depot/packages/SentinelArrays/YQPM3/src/SentinelArrays.jl:109;~/.cache/merl-batch/2026-10-03/scratch/653/depot/packages/SentinelArrays/YQPM3/src/SentinelArrays.jl:110;~/.cache/merl-batch/2026-10-03/scratch/653/julia-1.11.7/share/julia/base/multidimensional.jl:329;~/.cache/merl-batch/2026-10-03/scratch/653/julia-1.11.7/share/julia/base/multidimensional.jl:349;~/.cache/merl-batch/2026-10-03/scratch/653/julia-1.11.7/share/julia/base/multidimensional.jl:137;~/.cache/merl-batch/2026-10-03/scratch/653/julia-1.11.7/share/julia/base/multidimensional.jl:136;~/.cache/merl-batch/2026-10-03/scratch/653/julia-1.11.7/share/julia/base/multidimensional.jl:346;~/.cache/merl-batch/2026-10-03/scratch/653/julia-1.11.7/share/julia/base/multidimensional.jl:344;~/.cache/merl-batch/2026-10-03/scratch/653/julia-1.11.7/share/julia/base/multidimensional.jl:342;~/.cache/merl-batch/2026-10-03/scratch/653/julia-1.11.7/share/julia/base/multidimensional.jl:334;~/.cache/merl-batch/2026-10-03/scratch/653/julia-1.11.7/share/julia/base/multidimensional.jl:331;~/.cache/merl-batch/2026-10-03/scratch/653/julia-1.11.7/share/julia/base/multidimensional.jl:338;~/.cache/merl-batch/2026-10-03/scratch/653/julia-1.11.7/share/julia/base/multidimensional.jl:336;~/.cache/merl-batch/2026-10-03/scratch/653/julia-1.11.7/share/julia/base/multidimensional.jl:340;~/.cache/merl-batch/2026-10-03/scratch/653/julia-1.11.7/share/julia/base/broadcast.jl:209;~/.cache/merl-batch/2026-10-03/scratch/653/julia-1.11.7/share/julia/base/logging/logging.jl:134;~/.cache/merl-batch/2026-10-03/scratch/653/julia-1.11.7/share/julia/base/logging/logging.jl:135;~/.cache/merl-batch/2026-10-03/scratch/653/julia-1.11.7/share/julia/base/mpfr.jl:78;~/.cache/merl-batch/2026-10-03/scratch/653/julia-1.11.7/share/julia/base/mpfr.jl:77;~/.cache/merl-batch/2026-10-03/scratch/653/julia-1.11.7/share/julia/base/mpfr.jl:76;~/.cache/merl-batch/2026-10-03/scratch/653/julia-1.11.7/share/julia/base/mpfr.jl:75;~/.cache/merl-batch/2026-10-03/scratch/653/julia-1.11.7/share/julia/base/mpfr.jl:74;~/.cache/merl-batch/2026-10-03/scratch/653/julia-1.11.7/share/julia/base/mpfr.jl:80;~/.cache/merl-batch/2026-10-03/scratch/653/julia-1.11.7/share/julia/stdlib/v1.11/LinearAlgebra/src/givens.jl:50;~/.cache/merl-batch/2026-10-03/scratch/653/julia-1.11.7/share/julia/stdlib/v1.11/LinearAlgebra/src/givens.jl:49;~/.cache/merl-batch/2026-10-03/scratch/653/julia-1.11.7/share/julia/stdlib/v1.11/LinearAlgebra/src/givens.jl:47;~/.cache/merl-batch/2026-10-03/scratch/653/julia-1.11.7/share/julia/stdlib/v1.11/LinearAlgebra/src/adjtrans.jl:342;~/.cache/merl-batch/2026-10-03/scratch/653/julia-1.11.7/share/julia/stdlib/v1.11/LinearAlgebra/src/adjtrans.jl:343;~/.cache/merl-batch/2026-10-03/scratch/653/julia-1.11.7/share/julia/stdlib/v1.11/LinearAlgebra/src/factorization.jl:101;~/.cache/merl-batch/2026-10-03/scratch/653/julia-1.11.7/share/julia/stdlib/v1.11/LinearAlgebra/src/uniformscaling.jl:121;~/.cache/merl-batch/2026-10-03/scratch/653/julia-1.11.7/share/julia/stdlib/v1.11/LinearAlgebra/src/abstractq.jl:557;~/.cache/merl-batch/2026-10-03/scratch/653/julia-1.11.7/share/julia/stdlib/v1.11/LinearAlgebra/src/abstractq.jl:315;~/.cache/merl-batch/2026-10-03/scratch/653/julia-1.11.7/share/julia/stdlib/v1.11/LinearAlgebra/src/abstractq.jl:314;~/.cache/merl-batch/2026-10-03/scratch/653/julia-1.11.7/share/julia/stdlib/v1.11/LinearAlgebra/src/abstractq.jl:39;~/.cache/merl-batch/2026-10-03/scratch/653/julia-1.11.7/share/julia/stdlib/v1.11/LinearAlgebra/src/abstractq.jl:40;~/.cache/merl-batch/2026-10-03/scratch/653/julia-1.11.7/share/julia/stdlib/v1.11/LinearAlgebra/src/abstractq.jl:38;~/.cache/merl-batch/2026-10-03/scratch/653/julia-1.11.7/share/julia/stdlib/v1.11/LinearAlgebra/src/special.jl:60;~/.cache/merl-batch/2026-10-03/scratch/653/julia-1.11.7/share/julia/stdlib/v1.11/LinearAlgebra/src/special.jl:70;~/.cache/merl-batch/2026-10-03/scratch/653/julia-1.11.7/share/julia/stdlib/v1.11/LinearAlgebra/src/special.jl:66;~/.cache/merl-batch/2026-10-03/scratch/653/julia-1.11.7/share/julia/stdlib/v1.11/LinearAlgebra/src/symmetric.jl:218;~/.cache/merl-batch/2026-10-03/scratch/653/julia-1.11.7/share/julia/stdlib/v1.11/LinearAlgebra/src/diagonal.jl:105;~/.cache/merl-batch/2026-10-03/scratch/653/julia-1.11.7/share/julia/stdlib/v1.11/LinearAlgebra/src/special.jl:62;~/.cache/merl-batch/2026-10-03/scratch/653/julia-1.11.7/share/julia/stdlib/v1.11/LinearAlgebra/src/special.jl:58;~/.cache/merl-batch/2026-10-03/scratch/653/julia-1.11.7/share/julia/stdlib/v1.11/LinearAlgebra/src/bidiag.jl:234;~/.cache/merl-batch/2026-10-03/scratch/653/julia-1.11.7/share/julia/stdlib/v1.11/LinearAlgebra/src/givens.jl:48;~/.cache/merl-batch/2026-10-03/scratch/653/julia-1.11.7/share/julia/stdlib/v1.11/LinearAlgebra/src/factorization.jl:102;~/.cache/merl-batch/2026-10-03/scratch/653/julia-1.11.7/share/julia/stdlib/v1.11/LinearAlgebra/src/factorization.jl:104;~/.cache/merl-batch/2026-10-03/scratch/653/julia-1.11.7/share/julia/stdlib/v1.11/LinearAlgebra/src/symmetric.jl:217;~/.cache/merl-batch/2026-10-03/scratch/653/julia-1.11.7/share/julia/stdlib/v1.11/LinearAlgebra/src/special.jl:68;~/.cache/merl-batch/2026-10-03/scratch/653/julia-1.11.7/share/julia/stdlib/v1.11/LinearAlgebra/src/special.jl:65;~/.cache/merl-batch/2026-10-03/scratch/653/julia-1.11.7/share/julia/stdlib/v1.11/LinearAlgebra/src/abstractq.jl:49;src/subdataframe/subdataframe.jl:319;src/dataframerow/dataframerow.jl:443;src/groupeddataframe/groupeddataframe.jl:747		
julia0108			
julia0109	~/.cache/merl-batch/2026-10-03/scratch/653/julia-1.11.7/share/julia/base/essentials.jl:946;~/.cache/merl-batch/2026-10-03/scratch/653/julia-1.11.7/share/julia/base/essentials.jl:947;~/.cache/merl-batch/2026-10-03/scratch/653/julia-1.11.7/share/julia/base/indices.jl:390;~/.cache/merl-batch/2026-10-03/scratch/653/julia-1.11.7/share/julia/base/indices.jl:388;~/.cache/merl-batch/2026-10-03/scratch/653/julia-1.11.7/share/julia/base/reinterpretarray.jl:370;~/.cache/merl-batch/2026-10-03/scratch/653/julia-1.11.7/share/julia/base/reinterpretarray.jl:364;~/.cache/merl-batch/2026-10-03/scratch/653/julia-1.11.7/share/julia/base/reinterpretarray.jl:358;~/.cache/merl-batch/2026-10-03/scratch/653/julia-1.11.7/share/julia/base/tuple.jl:30;~/.cache/merl-batch/2026-10-03/scratch/653/julia-1.11.7/share/julia/base/reinterpretarray.jl:279;~/.cache/merl-batch/2026-10-03/scratch/653/julia-1.11.7/share/julia/base/indices.jl:513;~/.cache/merl-batch/2026-10-03/scratch/653/julia-1.11.7/share/julia/base/subarray.jl:504;~/.cache/merl-batch/2026-10-03/scratch/653/julia-1.11.7/share/julia/base/indices.jl:419;~/.cache/merl-batch/2026-10-03/scratch/653/julia-1.11.7/share/julia/base/indices.jl:417;~/.cache/merl-batch/2026-10-03/scratch/653/julia-1.11.7/share/julia/base/refpointer.jl:98;~/.cache/merl-batch/2026-10-03/scratch/653/julia-1.11.7/share/julia/base/slicearray.jl:229;~/.cache/merl-batch/2026-10-03/scratch/653/julia-1.11.7/share/julia/base/generator.jl:53;~/.cache/merl-batch/2026-10-03/scratch/653/julia-1.11.7/share/julia/base/abstractarray.jl:75;~/.cache/merl-batch/2026-10-03/scratch/653/julia-1.11.7/share/julia/base/number.jl:82;~/.cache/merl-batch/2026-10-03/scratch/653/julia-1.11.7/share/julia/base/number.jl:83;~/.cache/merl-batch/2026-10-03/scratch/653/julia-1.11.7/share/julia/base/abstractarray.jl:96;~/.cache/merl-batch/2026-10-03/scratch/653/depot/packages/Missings/MBhnW/src/Missings.jl:91;~/.cache/merl-batch/2026-10-03/scratch/653/depot/packages/Missings/MBhnW/src/Missings.jl:151;~/.cache/merl-batch/2026-10-03/scratch/653/depot/packages/SentinelArrays/YQPM3/src/SentinelArrays.jl:177;~/.cache/merl-batch/2026-10-03/scratch/653/depot/packages/SentinelArrays/YQPM3/src/SentinelArrays.jl:178;~/.cache/merl-batch/2026-10-03/scratch/653/depot/packages/PrettyTables/4jZ8K/src/tables.jl:213;~/.cache/merl-batch/2026-10-03/scratch/653/depot/packages/PrettyTables/4jZ8K/src/tables.jl:52;~/.cache/merl-batch/2026-10-03/scratch/653/julia-1.11.7/share/julia/base/permuteddimsarray.jl:50;~/.cache/merl-batch/2026-10-03/scratch/653/julia-1.11.7/share/julia/base/multidimensional.jl:358;~/.cache/merl-batch/2026-10-03/scratch/653/julia-1.11.7/share/julia/base/broadcast.jl:643;~/.cache/merl-batch/2026-10-03/scratch/653/julia-1.11.7/share/julia/base/broadcast.jl:239;~/.cache/merl-batch/2026-10-03/scratch/653/julia-1.11.7/share/julia/base/broadcast.jl:234;~/.cache/merl-batch/2026-10-03/scratch/653/julia-1.11.7/share/julia/base/experimental.jl:30;~/.cache/merl-batch/2026-10-03/scratch/653/julia-1.11.7/share/julia/base/iterators.jl:1104;~/.cache/merl-batch/2026-10-03/scratch/653/julia-1.11.7/share/julia/base/iterators.jl:407;~/.cache/merl-batch/2026-10-03/scratch/653/julia-1.11.7/share/julia/base/iterators.jl:290;~/.cache/merl-batch/2026-10-03/scratch/653/julia-1.11.7/share/julia/base/sort.jl:600;~/.cache/merl-batch/2026-10-03/scratch/653/julia-1.11.7/share/julia/stdlib/v1.11/LinearAlgebra/src/tridiag.jl:151;~/.cache/merl-batch/2026-10-03/scratch/653/julia-1.11.7/share/julia/stdlib/v1.11/LinearAlgebra/src/triangular.jl:36;~/.cache/merl-batch/2026-10-03/scratch/653/julia-1.11.7/share/julia/stdlib/v1.11/LinearAlgebra/src/hessenberg.jl:59;~/.cache/merl-batch/2026-10-03/scratch/653/julia-1.11.7/share/julia/stdlib/v1.11/LinearAlgebra/src/tridiag.jl:589;~/.cache/merl-batch/2026-10-03/scratch/653/julia-1.11.7/share/julia/stdlib/v1.11/LinearAlgebra/src/diagonal.jl:142;~/.cache/merl-batch/2026-10-03/scratch/653/julia-1.11.7/share/julia/stdlib/v1.11/LinearAlgebra/src/bidiag.jl:276;~/.cache/merl-batch/2026-10-03/scratch/653/julia-1.11.7/share/julia/stdlib/v1.11/LinearAlgebra/src/abstractq.jl:76;~/.cache/merl-batch/2026-10-03/scratch/653/julia-1.11.7/share/julia/stdlib/v1.11/LinearAlgebra/src/abstractq.jl:75;~/.cache/merl-batch/2026-10-03/scratch/653/julia-1.11.7/share/julia/stdlib/v1.11/LinearAlgebra/src/symmetric.jl:226;~/.cache/merl-batch/2026-10-03/scratch/653/julia-1.11.7/share/julia/stdlib/v1.11/LinearAlgebra/src/adjtrans.jl:328;~/.cache/merl-batch/2026-10-03/scratch/653/julia-1.11.7/share/julia/stdlib/v1.11/LinearAlgebra/src/adjtrans.jl:327;~/.cache/merl-batch/2026-10-03/scratch/653/julia-1.11.7/share/julia/stdlib/v1.11/LinearAlgebra/src/adjtrans.jl:322;src/abstractdataframe/abstractdataframe.jl:436;src/dataframerow/dataframerow.jl:389;src/groupeddataframe/groupeddataframe.jl:557;src/groupeddataframe/groupeddataframe.jl:653;src/groupeddataframe/utils.jl:101;src/groupeddataframe/utils.jl:123;src/other/broadcasting.jl:127;src/other/broadcasting.jl:135;src/abstractdataframe/iteration.jl:261		
julia0110	src/groupeddataframe/utils.jl:59		
julia0111			
julia0112	~/.cache/merl-batch/2026-10-03/scratch/653/julia-1.11.7/share/julia/stdlib/v1.11/Random/src/Random.jl:1		
julia0113	src/dataframe/dataframe.jl:178;src/dataframe/dataframe.jl:257;src/dataframe/dataframe.jl:259;src/dataframe/dataframe.jl:267;src/dataframe/dataframe.jl:276;src/dataframe/dataframe.jl:291;src/dataframe/dataframe.jl:312;src/dataframe/dataframe.jl:338;src/dataframe/dataframe.jl:355;src/dataframe/dataframe.jl:359;src/dataframe/dataframe.jl:365;src/dataframe/dataframe.jl:369;src/dataframe/dataframe.jl:379;src/dataframe/dataframe.jl:386;src/dataframe/dataframe.jl:390;src/dataframe/dataframe.jl:402;src/dataframe/dataframe.jl:407;src/dataframe/dataframe.jl:412;src/dataframe/dataframe.jl:418;src/subdataframe/subdataframe.jl:309;src/dataframerow/dataframerow.jl:491;src/groupeddataframe/groupeddataframe.jl:352;src/other/tables.jl:48;src/other/tables.jl:67;src/other/tables.jl:74		
julia0114	src/abstractdataframe/abstractdataframe.jl:474		
julia0115	~/.cache/merl-batch/2026-10-03/scratch/653/julia-1.11.7/share/julia/base/bitset.jl:285;~/.cache/merl-batch/2026-10-03/scratch/653/julia-1.11.7/share/julia/base/bitarray.jl:1144;~/.cache/merl-batch/2026-10-03/scratch/653/julia-1.11.7/share/julia/base/set.jl:173;~/.cache/merl-batch/2026-10-03/scratch/653/julia-1.11.7/share/julia/base/idset.jl:95;~/.cache/merl-batch/2026-10-03/scratch/653/julia-1.11.7/share/julia/base/array.jl:2028;~/.cache/merl-batch/2026-10-03/scratch/653/julia-1.11.7/share/julia/base/dict.jl:220;~/.cache/merl-batch/2026-10-03/scratch/653/julia-1.11.7/share/julia/base/channels.jl:227;~/.cache/merl-batch/2026-10-03/scratch/653/julia-1.11.7/share/julia/base/iddict.jl:125;~/.cache/merl-batch/2026-10-03/scratch/653/julia-1.11.7/share/julia/base/weakkeydict.jl:165;~/.cache/merl-batch/2026-10-03/scratch/653/depot/packages/PooledArrays/Vy2X0/src/PooledArrays.jl:630;~/.cache/merl-batch/2026-10-03/scratch/653/depot/packages/SentinelArrays/YQPM3/src/missingvector.jl:22;~/.cache/merl-batch/2026-10-03/scratch/653/depot/packages/SentinelArrays/YQPM3/src/SentinelArrays.jl:231;~/.cache/merl-batch/2026-10-03/scratch/653/depot/packages/SentinelArrays/YQPM3/src/chainedvector.jl:502;~/.cache/merl-batch/2026-10-03/scratch/653/depot/packages/SentinelArrays/YQPM3/src/BufferedVectors.jl:24;src/other/index.jl:163;src/dataframe/dataframe.jl:1034		
julia0116	~/.cache/merl-batch/2026-10-03/scratch/653/julia-1.11.7/share/julia/base/process.jl:716;~/.cache/merl-batch/2026-10-03/scratch/653/julia-1.11.7/share/julia/base/bitset.jl:345;~/.cache/merl-batch/2026-10-03/scratch/653/julia-1.11.7/share/julia/base/tuple.jl:263;~/.cache/merl-batch/2026-10-03/scratch/653/julia-1.11.7/share/julia/base/number.jl:111;~/.cache/merl-batch/2026-10-03/scratch/653/julia-1.11.7/share/julia/base/range.jl:1635;~/.cache/merl-batch/2026-10-03/scratch/653/julia-1.11.7/share/julia/base/indices.jl:393;~/.cache/merl-batch/2026-10-03/scratch/653/julia-1.11.7/share/julia/base/char.jl:205;~/.cache/merl-batch/2026-10-03/scratch/653/julia-1.11.7/share/julia/base/indices.jl:422;~/.cache/merl-batch/2026-10-03/scratch/653/julia-1.11.7/share/julia/base/range.jl:842;~/.cache/merl-batch/2026-10-03/scratch/653/julia-1.11.7/share/julia/base/range.jl:841;~/.cache/merl-batch/2026-10-03/scratch/653/julia-1.11.7/share/julia/base/strings/basic.jl:707;~/.cache/merl-batch/2026-10-03/scratch/653/julia-1.11.7/share/julia/base/strings/basic.jl:182;~/.cache/merl-batch/2026-10-03/scratch/653/julia-1.11.7/share/julia/base/range.jl:844;~/.cache/merl-batch/2026-10-03/scratch/653/julia-1.11.7/share/julia/base/range.jl:843;~/.cache/merl-batch/2026-10-03/scratch/653/julia-1.11.7/share/julia/base/pair.jl:58;~/.cache/merl-batch/2026-10-03/scratch/653/julia-1.11.7/share/julia/base/strings/basic.jl:591;~/.cache/merl-batch/2026-10-03/scratch/653/julia-1.11.7/share/julia/base/abstractarray.jl:504;~/.cache/merl-batch/2026-10-03/scratch/653/julia-1.11.7/share/julia/base/indices.jl:533;~/.cache/merl-batch/2026-10-03/scratch/653/julia-1.11.7/share/julia/base/indices.jl:532;~/.cache/merl-batch/2026-10-03/scratch/653/julia-1.11.7/share/julia/base/reinterpretarray.jl:281;~/.cache/merl-batch/2026-10-03/scratch/653/julia-1.11.7/share/julia/base/abstractarray.jl:452;~/.cache/merl-batch/2026-10-03/scratch/653/julia-1.11.7/share/julia/base/tuple.jl:264;~/.cache/merl-batch/2026-10-03/scratch/653/julia-1.11.7/share/julia/base/abstractarray.jl:471;~/.cache/merl-batch/2026-10-03/scratch/653/julia-1.11.7/share/julia/base/abstractarray.jl:502;~/.cache/merl-batch/2026-10-03/scratch/653/depot/packages/InlineStrings/3hOt5/src/InlineStrings.jl:512;~/.cache/merl-batch/2026-10-03/scratch/653/depot/packages/SentinelArrays/YQPM3/src/BufferedVectors.jl:16;~/.cache/merl-batch/2026-10-03/scratch/653/julia-1.11.7/share/julia/base/multidimensional.jl:464;~/.cache/merl-batch/2026-10-03/scratch/653/julia-1.11.7/share/julia/base/show.jl:2821;src/abstractdataframe/abstractdataframe.jl:556;src/abstractdataframe/abstractdataframe.jl:570;src/groupeddataframe/groupeddataframe.jl:559;src/groupeddataframe/groupeddataframe.jl:560		
julia0117			
julia0118	~/.cache/merl-batch/2026-10-03/scratch/653/julia-1.11.7/share/julia/base/strings/basic.jl:210;~/.cache/merl-batch/2026-10-03/scratch/653/julia-1.11.7/share/julia/base/strings/basic.jl:214;~/.cache/merl-batch/2026-10-03/scratch/653/julia-1.11.7/share/julia/base/strings/basic.jl:212;~/.cache/merl-batch/2026-10-03/scratch/653/julia-1.11.7/share/julia/base/strings/basic.jl:208;~/.cache/merl-batch/2026-10-03/scratch/653/julia-1.11.7/share/julia/base/multidimensional.jl:827;~/.cache/merl-batch/2026-10-03/scratch/653/julia-1.11.7/share/julia/base/multidimensional.jl:837;~/.cache/merl-batch/2026-10-03/scratch/653/julia-1.11.7/share/julia/base/multidimensional.jl:834;~/.cache/merl-batch/2026-10-03/scratch/653/julia-1.11.7/share/julia/base/multidimensional.jl:709;~/.cache/merl-batch/2026-10-03/scratch/653/julia-1.11.7/share/julia/base/multidimensional.jl:687;~/.cache/merl-batch/2026-10-03/scratch/653/julia-1.11.7/share/julia/base/abstractarray.jl:687;~/.cache/merl-batch/2026-10-03/scratch/653/julia-1.11.7/share/julia/base/abstractarray.jl:679;~/.cache/merl-batch/2026-10-03/scratch/653/julia-1.11.7/share/julia/base/strings/basic.jl:216;~/.cache/merl-batch/2026-10-03/scratch/653/julia-1.11.7/share/julia/base/abstractarray.jl:697;~/.cache/merl-batch/2026-10-03/scratch/653/depot/packages/SentinelArrays/YQPM3/src/chainedvector.jl:261;~/.cache/merl-batch/2026-10-03/scratch/653/depot/packages/InvertedIndices/jfcUx/src/InvertedIndices.jl:154;~/.cache/merl-batch/2026-10-03/scratch/653/depot/packages/InvertedIndices/jfcUx/src/InvertedIndices.jl:156;~/.cache/merl-batch/2026-10-03/scratch/653/julia-1.11.7/share/julia/base/broadcast.jl:616		
julia0119			
julia0120			
julia0121			
julia0122			
julia0123	~/.cache/merl-batch/2026-10-03/scratch/653/julia-1.11.7/share/julia/base/broadcast.jl:645;~/.cache/merl-batch/2026-10-03/scratch/653/julia-1.11.7/share/julia/base/broadcast.jl:646		
julia0124	src/abstractdataframe/iteration.jl:135		
julia0125	~/.cache/merl-batch/2026-10-03/scratch/653/julia-1.11.7/share/julia/base/bitarray.jl:424;~/.cache/merl-batch/2026-10-03/scratch/653/julia-1.11.7/share/julia/base/bitarray.jl:421;~/.cache/merl-batch/2026-10-03/scratch/653/julia-1.11.7/share/julia/base/bitarray.jl:423;~/.cache/merl-batch/2026-10-03/scratch/653/julia-1.11.7/share/julia/base/bitarray.jl:422		
julia0126			
julia0127	~/.cache/merl-batch/2026-10-03/scratch/653/julia-1.11.7/share/julia/stdlib/v1.11/LinearAlgebra/src/hessenberg.jl:494;~/.cache/merl-batch/2026-10-03/scratch/653/julia-1.11.7/share/julia/stdlib/v1.11/LinearAlgebra/src/cholesky.jl:499;~/.cache/merl-batch/2026-10-03/scratch/653/julia-1.11.7/share/julia/stdlib/v1.11/LinearAlgebra/src/lu.jl:832;~/.cache/merl-batch/2026-10-03/scratch/653/julia-1.11.7/share/julia/stdlib/v1.11/LinearAlgebra/src/lu.jl:793;~/.cache/merl-batch/2026-10-03/scratch/653/julia-1.11.7/share/julia/stdlib/v1.11/LinearAlgebra/src/qr.jl:455;~/.cache/merl-batch/2026-10-03/scratch/653/julia-1.11.7/share/julia/stdlib/v1.11/LinearAlgebra/src/lq.jl:123;~/.cache/merl-batch/2026-10-03/scratch/653/julia-1.11.7/share/julia/stdlib/v1.11/LinearAlgebra/src/eigen.jl:675;~/.cache/merl-batch/2026-10-03/scratch/653/julia-1.11.7/share/julia/stdlib/v1.11/LinearAlgebra/src/cholesky.jl:508;~/.cache/merl-batch/2026-10-03/scratch/653/julia-1.11.7/share/julia/stdlib/v1.11/LinearAlgebra/src/svd.jl:575;~/.cache/merl-batch/2026-10-03/scratch/653/julia-1.11.7/share/julia/stdlib/v1.11/LinearAlgebra/src/schur.jl:444;~/.cache/merl-batch/2026-10-03/scratch/653/julia-1.11.7/share/julia/stdlib/v1.11/LinearAlgebra/src/ldlt.jl:222;~/.cache/merl-batch/2026-10-03/scratch/653/julia-1.11.7/share/julia/stdlib/v1.11/LinearAlgebra/src/qr.jl:448		
julia0128	~/.cache/merl-batch/2026-10-03/scratch/653/julia-1.11.7/share/julia/base/boot.jl:891;~/.cache/merl-batch/2026-10-03/scratch/653/julia-1.11.7/share/julia/base/boot.jl:900;~/.cache/merl-batch/2026-10-03/scratch/653/julia-1.11.7/share/julia/base/gmp.jl:373;~/.cache/merl-batch/2026-10-03/scratch/653/julia-1.11.7/share/julia/base/float.jl:966;~/.cache/merl-batch/2026-10-03/scratch/653/julia-1.11.7/share/julia/base/float.jl:990;~/.cache/merl-batch/2026-10-03/scratch/653/julia-1.11.7/share/julia/base/rational.jl:151;~/.cache/merl-batch/2026-10-03/scratch/653/julia-1.11.7/share/julia/base/complex.jl:44;~/.cache/merl-batch/2026-10-03/scratch/653/julia-1.11.7/share/julia/base/twiceprecision.jl:265;~/.cache/merl-batch/2026-10-03/scratch/653/julia-1.11.7/share/julia/base/char.jl:51;~/.cache/merl-batch/2026-10-03/scratch/653/julia-1.11.7/share/julia/base/char.jl:50;~/.cache/merl-batch/2026-10-03/scratch/653/julia-1.11.7/share/julia/base/Enums.jl:19;~/.cache/merl-batch/2026-10-03/scratch/653/julia-1.11.7/share/julia/base/mpfr.jl:403		
julia0129	~/.cache/merl-batch/2026-10-03/scratch/653/julia-1.11.7/share/julia/base/bitset.jl:333;~/.cache/merl-batch/2026-10-03/scratch/653/julia-1.11.7/share/julia/base/deprecated.jl:293;~/.cache/merl-batch/2026-10-03/scratch/653/julia-1.11.7/share/julia/base/essentials.jl:942;~/.cache/merl-batch/2026-10-03/scratch/653/julia-1.11.7/share/julia/base/strings/lazy.jl:94;~/.cache/merl-batch/2026-10-03/scratch/653/julia-1.11.7/share/julia/base/strings/lazy.jl:95;~/.cache/merl-batch/2026-10-03/scratch/653/julia-1.11.7/share/julia/base/asyncmap.jl:362;~/.cache/merl-batch/2026-10-03/scratch/653/julia-1.11.7/share/julia/base/strings/string.jl:429;~/.cache/merl-batch/2026-10-03/scratch/653/julia-1.11.7/share/julia/base/error.jl:264;~/.cache/merl-batch/2026-10-03/scratch/653/julia-1.11.7/share/julia/base/stream.jl:1297;~/.cache/merl-batch/2026-10-03/scratch/653/julia-1.11.7/share/julia/base/stream.jl:1296;~/.cache/merl-batch/2026-10-03/scratch/653/julia-1.11.7/share/julia/base/reflection.jl:1299;~/.cache/merl-batch/2026-10-03/scratch/653/julia-1.11.7/share/julia/base/reflection.jl:1305;~/.cache/merl-batch/2026-10-03/scratch/653/julia-1.11.7/share/julia/base/reflection.jl:1306;~/.cache/merl-batch/2026-10-03/scratch/653/julia-1.11.7/share/julia/base/process.jl:716;~/.cache/merl-batch/2026-10-03/scratch/653/julia-1.11.7/share/julia/base/process.jl:721;~/.cache/merl-batch/2026-10-03/scratch/653/julia-1.11.7/share/julia/base/env.jl:216;~/.cache/merl-batch/2026-10-03/scratch/653/julia-1.11.7/share/julia/base/asyncmap.jl:315;~/.cache/merl-batch/2026-10-03/scratch/653/julia-1.11.7/share/julia/base/asyncmap.jl:299;~/.cache/merl-batch/2026-10-03/scratch/653/julia-1.11.7/share/julia/base/task.jl:55;~/.cache/merl-batch/2026-10-03/scratch/653/julia-1.11.7/share/julia/base/idset.jl:108;~/.cache/merl-batch/2026-10-03/scratch/653/julia-1.11.7/share/julia/base/multidimensional.jl:812;~/.cache/merl-batch/2026-10-03/scratch/653/julia-1.11.7/share/julia/base/multidimensional.jl:806;~/.cache/merl-batch/2026-10-03/scratch/653/julia-1.11.7/share/julia/base/multidimensional.jl:801;~/.cache/merl-batch/2026-10-03/scratch/653/julia-1.11.7/share/julia/base/multidimensional.jl:786;~/.cache/merl-batch/2026-10-03/scratch/653/julia-1.11.7/share/julia/base/multidimensional.jl:782;~/.cache/merl-batch/2026-10-03/scratch/653/julia-1.11.7/share/julia/base/multidimensional.jl:778;~/.cache/merl-batch/2026-10-03/scratch/653/julia-1.11.7/share/julia/base/iddict.jl:138;~/.cache/merl-batch/2026-10-03/scratch/653/julia-1.11.7/share/julia/base/strings/util.jl:593;~/.cache/merl-batch/2026-10-03/scratch/653/julia-1.11.7/share/julia/base/set.jl:176;~/.cache/merl-batch/2026-10-03/scratch/653/julia-1.11.7/share/julia/base/strings/util.jl:570;~/.cache/merl-batch/2026-10-03/scratch/653/julia-1.11.7/share/julia/base/reshapedarray.jl:31;~/.cache/merl-batch/2026-10-03/scratch/653/julia-1.11.7/share/julia/base/linked_list.jl:137;~/.cache/merl-batch/2026-10-03/scratch/653/julia-1.11.7/share/julia/base/linked_list.jl:136;~/.cache/merl-batch/2026-10-03/scratch/653/julia-1.11.7/share/julia/base/linked_list.jl:16;~/.cache/merl-batch/2026-10-03/scratch/653/julia-1.11.7/share/julia/base/linked_list.jl:15;~/.cache/merl-batch/2026-10-03/scratch/653/julia-1.11.7/share/julia/base/strings/basic.jl:593;~/.cache/merl-batch/2026-10-03/scratch/653/julia-1.11.7/share/julia/base/tuple.jl:69;~/.cache/merl-batch/2026-10-03/scratch/653/julia-1.11.7/share/julia/base/reinterpretarray.jl:296;~/.cache/merl-batch/2026-10-03/scratch/653/julia-1.11.7/share/julia/base/reinterpretarray.jl:289;~/.cache/merl-batch/2026-10-03/scratch/653/julia-1.11.7/share/julia/base/dict.jl:844;~/.cache/merl-batch/2026-10-03/scratch/653/julia-1.11.7/share/julia/base/show.jl:82;~/.cache/merl-batch/2026-10-03/scratch/653/julia-1.11.7/share/julia/base/strings/annotated.jl:155;~/.cache/merl-batch/2026-10-03/scratch/653/julia-1.11.7/share/julia/base/genericmemory.jl:219;~/.cache/merl-batch/2026-10-03/scratch/653/julia-1.11.7/share/julia/base/indices.jl:430;~/.cache/merl-batch/2026-10-03/scratch/653/julia-1.11.7/share/julia/base/indices.jl:401;~/.cache/merl-batch/2026-10-03/scratch/653/julia-1.11.7/share/julia/base/range.jl:906;~/.cache/merl-batch/2026-10-03/scratch/653/julia-1.11.7/share/julia/base/range.jl:904;~/.cache/merl-batch/2026-10-03/scratch/653/julia-1.11.7/share/julia/base/missing.jl:241;~/.cache/merl-batch/2026-10-03/scratch/653/julia-1.11.7/share/julia/base/refpointer.jl:104;~/.cache/merl-batch/2026-10-03/scratch/653/julia-1.11.7/share/julia/base/refpointer.jl:103;~/.cache/merl-batch/2026-10-03/scratch/653/julia-1.11.7/share/julia/base/pair.jl:41;~/.cache/merl-batch/2026-10-03/scratch/653/julia-1.11.7/share/julia/base/regex.jl:590;~/.cache/merl-batch/2026-10-03/scratch/653/julia-1.11.7/share/julia/base/strings/substring.jl:90;~/.cache/merl-batch/2026-10-03/scratch/653/julia-1.11.7/share/julia/base/strings/basic.jl:155;~/.cache/merl-batch/2026-10-03/scratch/653/julia-1.11.7/share/julia/base/strings/util.jl:677;~/.cache/merl-batch/2026-10-03/scratch/653/julia-1.11.7/share/julia/base/channels.jl:626;~/.cache/merl-batch/2026-10-03/scratch/653/julia-1.11.7/share/julia/base/number.jl:280;~/.cache/merl-batch/2026-10-03/scratch/653/julia-1.11.7/share/julia/base/number.jl:279;~/.cache/merl-batch/2026-10-03/scratch/653/julia-1.11.7/share/julia/base/array.jl:902;~/.cache/merl-batch/2026-10-03/scratch/653/julia-1.11.7/share/julia/base/char.jl:209;~/.cache/merl-batch/2026-10-03/scratch/653/julia-1.11.7/share/julia/base/weakkeydict.jl:191;~/.cache/merl-batch/2026-10-03/scratch/653/julia-1.11.7/share/julia/base/bitarray.jl:361;~/.cache/merl-batch/2026-10-03/scratch/653/julia-1.11.7/share/julia/base/regex.jl:294;~/.cache/merl-batch/2026-10-03/scratch/653/julia-1.11.7/share/julia/base/strings/basic.jl:804;~/.cache/merl-batch/2026-10-03/scratch/653/julia-1.11.7/share/julia/base/dict.jl:703;~/.cache/merl-batch/2026-10-03/scratch/653/julia-1.11.7/share/julia/base/dict.jl:700;~/.cache/merl-batch/2026-10-03/scratch/653/julia-1.11.7/share/julia/base/indices.jl:528;~/.cache/merl-batch/2026-10-03/scratch/653/julia-1.11.7/share/julia/base/indices.jl:529;~/.cache/merl-batch/2026-10-03/scratch/653/julia-1.11.7/share/julia/base/namedtuple.jl:162;~/.cache/merl-batch/2026-10-03/scratch/653/julia-1.11.7/share/julia/base/dict.jl:1034;~/.cache/merl-batch/2026-10-03/scratch/653/julia-1.11.7/share/julia/base/io.jl:1381;~/.cache/merl-batch/2026-10-03/scratch/653/julia-1.11.7/share/julia/base/reinterpretarray.jl:745;~/.cache/merl-batch/2026-10-03/scratch/653/julia-1.11.7/share/julia/base/reinterpretarray.jl:740;~/.cache/merl-batch/2026-10-03/scratch/653/julia-1.11.7/share/julia/base/regex.jl:724;~/.cache/merl-batch/2026-10-03/scratch/653/julia-1.11.7/share/julia/base/strings/basic.jl:782;~/.cache/merl-batch/2026-10-03/scratch/653/julia-1.11.7/share/julia/base/strings/basic.jl:783;~/.cache/merl-batch/2026-10-03/scratch/653/julia-1.11.7/share/julia/base/io.jl:1268;~/.cache/merl-batch/2026-10-03/scratch/653/julia-1.11.7/share/julia/base/io.jl:1247;~/.cache/merl-batch/2026-10-03/scratch/653/julia-1.11.7/share/julia/base/generator.jl:43;~/.cache/merl-batch/2026-10-03/scratch/653/julia-1.11.7/share/julia/base/io.jl:1234;~/.cache/merl-batch/2026-10-03/scratch/653/julia-1.11.7/share/julia/base/range.jl:897;~/.cache/merl-batch/2026-10-03/scratch/653/julia-1.11.7/share/julia/base/abstractarray.jl:1206;~/.cache/merl-batch/2026-10-03/scratch/653/julia-1.11.7/share/julia/base/dict.jl:710;~/.cache/merl-batch/2026-10-03/scratch/653/julia-1.11.7/share/julia/base/abstractdict.jl:65;~/.cache/merl-batch/2026-10-03/scratch/653/depot/packages/InlineStrings/3hOt5/src/InlineStrings.jl:723;~/.cache/merl-batch/2026-10-03/scratch/653/depot/packages/Missings/MBhnW/src/Missings.jl:328;~/.cache/merl-batch/2026-10-03/scratch/653/depot/packages/Missings/MBhnW/src/Missings.jl:314;~/.cache/merl-batch/2026-10-03/scratch/653/depot/packages/Missings/MBhnW/src/Missings.jl:156;~/.cache/merl-batch/2026-10-03/scratch/653/depot/packages/Missings/MBhnW/src/Missings.jl:164;~/.cache/merl-batch/2026-10-03/scratch/653/depot/packages/Missings/MBhnW/src/Missings.jl:96;~/.cache/merl-batch/2026-10-03/scratch/653/depot/packages/Missings/MBhnW/src/Missings.jl:103;~/.cache/merl-batch/2026-10-03/scratch/653/depot/packages/SentinelArrays/YQPM3/src/chainedvector.jl:359;~/.cache/merl-batch/2026-10-03/scratch/653/depot/packages/SentinelArrays/YQPM3/src/chainedvector.jl:367;~/.cache/merl-batch/2026-10-03/scratch/653/depot/packages/SentinelArrays/YQPM3/src/chainedvector.jl:339;~/.cache/merl-batch/2026-10-03/scratch/653/depot/packages/SentinelArrays/YQPM3/src/chainedvector.jl:348;~/.cache/merl-batch/2026-10-03/scratch/653/depot/packages/Tables/qGyu7/src/dicts.jl:122;~/.cache/merl-batch/2026-10-03/scratch/653/depot/packages/Tables/qGyu7/src/tofromdatavalues.jl:106;~/.cache/merl-batch/2026-10-03/scratch/653/depot/packages/Tables/qGyu7/src/Tables.jl:687;~/.cache/merl-batch/2026-10-03/scratch/653/depot/packages/Tables/qGyu7/src/namedtuples.jl:60;~/.cache/merl-batch/2026-10-03/scratch/653/depot/packages/Tables/qGyu7/src/namedtuples.jl:71;~/.cache/merl-batch/2026-10-03/scratch/653/depot/packages/Tables/qGyu7/src/namedtuples.jl:79;~/.cache/merl-batch/2026-10-03/scratch/653/depot/packages/Tables/qGyu7/src/tofromdatavalues.jl:43;~/.cache/merl-batch/2026-10-03/scratch/653/depot/packages/Tables/qGyu7/src/tofromdatavalues.jl:51;~/.cache/merl-batch/2026-10-03/scratch/653/depot/packages/Tables/qGyu7/src/fallbacks.jl:77;~/.cache/merl-batch/2026-10-03/scratch/653/depot/packages/Tables/qGyu7/src/matrix.jl:46;~/.cache/merl-batch/2026-10-03/scratch/653/depot/packages/Tables/qGyu7/src/Tables.jl:195;~/.cache/merl-batch/2026-10-03/scratch/653/depot/packages/InvertedIndices/jfcUx/src/InvertedIndices.jl:119;~/.cache/merl-batch/2026-10-03/scratch/653/depot/packages/InvertedIndices/jfcUx/src/InvertedIndices.jl:124;~/.cache/merl-batch/2026-10-03/scratch/653/depot/packages/InvertedIndices/jfcUx/src/InvertedIndices.jl:104;~/.cache/merl-batch/2026-10-03/scratch/653/julia-1.11.7/share/julia/base/multidimensional.jl:455;~/.cache/merl-batch/2026-10-03/scratch/653/julia-1.11.7/share/julia/base/multidimensional.jl:421;~/.cache/merl-batch/2026-10-03/scratch/653/julia-1.11.7/share/julia/base/multidimensional.jl:414;~/.cache/merl-batch/2026-10-03/scratch/653/julia-1.11.7/share/julia/base/multidimensional.jl:631;~/.cache/merl-batch/2026-10-03/scratch/653/julia-1.11.7/share/julia/base/multidimensional.jl:626;~/.cache/merl-batch/2026-10-03/scratch/653/julia-1.11.7/share/julia/base/multidimensional.jl:579;~/.cache/merl-batch/2026-10-03/scratch/653/julia-1.11.7/share/julia/base/multidimensional.jl:548;~/.cache/merl-batch/2026-10-03/scratch/653/julia-1.11.7/share/julia/base/multidimensional.jl:541;~/.cache/merl-batch/2026-10-03/scratch/653/julia-1.11.7/share/julia/base/multidimensional.jl:167;~/.cache/merl-batch/2026-10-03/scratch/653/julia-1.11.7/share/julia/base/strings/unicode.jl:809;~/.cache/merl-batch/2026-10-03/scratch/653/julia-1.11.7/share/julia/base/broadcast.jl:269;~/.cache/merl-batch/2026-10-03/scratch/653/julia-1.11.7/share/julia/base/broadcast.jl:265;~/.cache/merl-batch/2026-10-03/scratch/653/julia-1.11.7/share/julia/base/show.jl:2824;~/.cache/merl-batch/2026-10-03/scratch/653/julia-1.11.7/share/julia/base/iterators.jl:1128;~/.cache/merl-batch/2026-10-03/scratch/653/julia-1.11.7/share/julia/base/iterators.jl:1129;~/.cache/merl-batch/2026-10-03/scratch/653/julia-1.11.7/share/julia/base/iterators.jl:1360;~/.cache/merl-batch/2026-10-03/scratch/653/julia-1.11.7/share/julia/base/iterators.jl:1354;~/.cache/merl-batch/2026-10-03/scratch/653/julia-1.11.7/share/julia/base/iterators.jl:1368;~/.cache/merl-batch/2026-10-03/scratch/653/julia-1.11.7/share/julia/base/iterators.jl:783;~/.cache/merl-batch/2026-10-03/scratch/653/julia-1.11.7/share/julia/base/iterators.jl:1042;~/.cache/merl-batch/2026-10-03/scratch/653/julia-1.11.7/share/julia/base/iterators.jl:935;~/.cache/merl-batch/2026-10-03/scratch/653/julia-1.11.7/share/julia/base/iterators.jl:934;~/.cache/merl-batch/2026-10-03/scratch/653/julia-1.11.7/share/julia/base/iterators.jl:996;~/.cache/merl-batch/2026-10-03/scratch/653/julia-1.11.7/share/julia/base/iterators.jl:993;~/.cache/merl-batch/2026-10-03/scratch/653/julia-1.11.7/share/julia/base/iterators.jl:728;~/.cache/merl-batch/2026-10-03/scratch/653/julia-1.11.7/share/julia/base/iterators.jl:297;~/.cache/merl-batch/2026-10-03/scratch/653/julia-1.11.7/share/julia/base/iterators.jl:614;~/.cache/merl-batch/2026-10-03/scratch/653/julia-1.11.7/share/julia/base/iterators.jl:605;~/.cache/merl-batch/2026-10-03/scratch/653/julia-1.11.7/share/julia/base/iterators.jl:688;~/.cache/merl-batch/2026-10-03/scratch/653/julia-1.11.7/share/julia/base/iterators.jl:1172;~/.cache/merl-batch/2026-10-03/scratch/653/julia-1.11.7/share/julia/base/iterators.jl:1151;~/.cache/merl-batch/2026-10-03/scratch/653/julia-1.11.7/share/julia/base/iterators.jl:204;~/.cache/merl-batch/2026-10-03/scratch/653/julia-1.11.7/share/julia/base/iterators.jl:427;~/.cache/merl-batch/2026-10-03/scratch/653/julia-1.11.7/share/julia/base/iterators.jl:426;~/.cache/merl-batch/2026-10-03/scratch/653/julia-1.11.7/share/julia/base/iterators.jl:886;~/.cache/merl-batch/2026-10-03/scratch/653/julia-1.11.7/share/julia/base/iterators.jl:1246;~/.cache/merl-batch/2026-10-03/scratch/653/julia-1.11.7/share/julia/base/iterators.jl:545;~/.cache/merl-batch/2026-10-03/scratch/653/julia-1.11.7/share/julia/base/iterators.jl:1508;~/.cache/merl-batch/2026-10-03/scratch/653/julia-1.11.7/share/julia/base/iterators.jl:155;~/.cache/merl-batch/2026-10-03/scratch/653/julia-1.11.7/share/julia/base/iterators.jl:221;~/.cache/merl-batch/2026-10-03/scratch/653/julia-1.11.7/share/julia/base/iterators.jl:304;~/.cache/merl-batch/2026-10-03/scratch/653/julia-1.11.7/share/julia/base/iterators.jl:133;~/.cache/merl-batch/2026-10-03/scratch/653/julia-1.11.7/share/julia/base/iterators.jl:217;~/.cache/merl-batch/2026-10-03/scratch/653/julia-1.11.7/share/julia/base/iterators.jl:142;~/.cache/merl-batch/2026-10-03/scratch/653/julia-1.11.7/share/julia/base/iterators.jl:847;~/.cache/merl-batch/2026-10-03/scratch/653/julia-1.11.7/share/julia/base/iterators.jl:839;~/.cache/merl-batch/2026-10-03/scratch/653/julia-1.11.7/share/julia/stdlib/v1.11/LinearAlgebra/src/svd.jl:88;~/.cache/merl-batch/2026-10-03/scratch/653/julia-1.11.7/share/julia/stdlib/v1.11/LinearAlgebra/src/svd.jl:87;~/.cache/merl-batch/2026-10-03/scratch/653/julia-1.11.7/share/julia/stdlib/v1.11/LinearAlgebra/src/svd.jl:86;~/.cache/merl-batch/2026-10-03/scratch/653/julia-1.11.7/share/julia/stdlib/v1.11/LinearAlgebra/src/svd.jl:85;~/.cache/merl-batch/2026-10-03/scratch/653/julia-1.11.7/share/julia/stdlib/v1.11/LinearAlgebra/src/bunchkaufman.jl:99;~/.cache/merl-batch/2026-10-03/scratch/653/julia-1.11.7/share/julia/stdlib/v1.11/LinearAlgebra/src/bunchkaufman.jl:98;~/.cache/merl-batch/2026-10-03/scratch/653/julia-1.11.7/share/julia/stdlib/v1.11/LinearAlgebra/src/bunchkaufman.jl:97;~/.cache/merl-batch/2026-10-03/scratch/653/julia-1.11.7/share/julia/stdlib/v1.11/LinearAlgebra/src/bunchkaufman.jl:96;~/.cache/merl-batch/2026-10-03/scratch/653/julia-1.11.7/share/julia/stdlib/v1.11/LinearAlgebra/src/lq.jl:63;~/.cache/merl-batch/2026-10-03/scratch/653/julia-1.11.7/share/julia/stdlib/v1.11/LinearAlgebra/src/lq.jl:62;~/.cache/merl-batch/2026-10-03/scratch/653/julia-1.11.7/share/julia/stdlib/v1.11/LinearAlgebra/src/lq.jl:61;~/.cache/merl-batch/2026-10-03/scratch/653/julia-1.11.7/share/julia/stdlib/v1.11/LinearAlgebra/src/schur.jl:68;~/.cache/merl-batch/2026-10-03/scratch/653/julia-1.11.7/share/julia/stdlib/v1.11/LinearAlgebra/src/schur.jl:67;~/.cache/merl-batch/2026-10-03/scratch/653/julia-1.11.7/share/julia/stdlib/v1.11/LinearAlgebra/src/schur.jl:66;~/.cache/merl-batch/2026-10-03/scratch/653/julia-1.11.7/share/julia/stdlib/v1.11/LinearAlgebra/src/schur.jl:65;~/.cache/merl-batch/2026-10-03/scratch/653/julia-1.11.7/share/julia/stdlib/v1.11/LinearAlgebra/src/qr.jl:133;~/.cache/merl-batch/2026-10-03/scratch/653/julia-1.11.7/share/julia/stdlib/v1.11/LinearAlgebra/src/qr.jl:132;~/.cache/merl-batch/2026-10-03/scratch/653/julia-1.11.7/share/julia/stdlib/v1.11/LinearAlgebra/src/qr.jl:131;~/.cache/merl-batch/2026-10-03/scratch/653/julia-1.11.7/share/julia/stdlib/v1.11/LinearAlgebra/src/qr.jl:227;~/.cache/merl-batch/2026-10-03/scratch/653/julia-1.11.7/share/julia/stdlib/v1.11/LinearAlgebra/src/qr.jl:226;~/.cache/merl-batch/2026-10-03/scratch/653/julia-1.11.7/share/julia/stdlib/v1.11/LinearAlgebra/src/qr.jl:225;~/.cache/merl-batch/2026-10-03/scratch/653/julia-1.11.7/share/julia/stdlib/v1.11/LinearAlgebra/src/qr.jl:224;~/.cache/merl-batch/2026-10-03/scratch/653/julia-1.11.7/share/julia/stdlib/v1.11/LinearAlgebra/src/qr.jl:56;~/.cache/merl-batch/2026-10-03/scratch/653/julia-1.11.7/share/julia/stdlib/v1.11/LinearAlgebra/src/qr.jl:55;~/.cache/merl-batch/2026-10-03/scratch/653/julia-1.11.7/share/julia/stdlib/v1.11/LinearAlgebra/src/qr.jl:54;~/.cache/merl-batch/2026-10-03/scratch/653/julia-1.11.7/share/julia/stdlib/v1.11/LinearAlgebra/src/hessenberg.jl:405;~/.cache/merl-batch/2026-10-03/scratch/653/julia-1.11.7/share/julia/stdlib/v1.11/LinearAlgebra/src/hessenberg.jl:404;~/.cache/merl-batch/2026-10-03/scratch/653/julia-1.11.7/share/julia/stdlib/v1.11/LinearAlgebra/src/hessenberg.jl:403;~/.cache/merl-batch/2026-10-03/scratch/653/julia-1.11.7/share/julia/stdlib/v1.11/LinearAlgebra/src/hessenberg.jl:402;~/.cache/merl-batch/2026-10-03/scratch/653/julia-1.11.7/share/julia/stdlib/v1.11/LinearAlgebra/src/cholesky.jl:102;~/.cache/merl-batch/2026-10-03/scratch/653/julia-1.11.7/share/julia/stdlib/v1.11/LinearAlgebra/src/cholesky.jl:101;~/.cache/merl-batch/2026-10-03/scratch/653/julia-1.11.7/share/julia/stdlib/v1.11/LinearAlgebra/src/cholesky.jl:100;~/.cache/merl-batch/2026-10-03/scratch/653/julia-1.11.7/share/julia/stdlib/v1.11/LinearAlgebra/src/lu.jl:74;~/.cache/merl-batch/2026-10-03/scratch/653/julia-1.11.7/share/julia/stdlib/v1.11/LinearAlgebra/src/lu.jl:73;~/.cache/merl-batch/2026-10-03/scratch/653/julia-1.11.7/share/julia/stdlib/v1.11/LinearAlgebra/src/lu.jl:72;~/.cache/merl-batch/2026-10-03/scratch/653/julia-1.11.7/share/julia/stdlib/v1.11/LinearAlgebra/src/lu.jl:71;~/.cache/merl-batch/2026-10-03/scratch/653/julia-1.11.7/share/julia/stdlib/v1.11/LinearAlgebra/src/cholesky.jl:177;~/.cache/merl-batch/2026-10-03/scratch/653/julia-1.11.7/share/julia/stdlib/v1.11/LinearAlgebra/src/cholesky.jl:176;~/.cache/merl-batch/2026-10-03/scratch/653/julia-1.11.7/share/julia/stdlib/v1.11/LinearAlgebra/src/cholesky.jl:175;~/.cache/merl-batch/2026-10-03/scratch/653/julia-1.11.7/share/julia/stdlib/v1.11/LinearAlgebra/src/schur.jl:341;~/.cache/merl-batch/2026-10-03/scratch/653/julia-1.11.7/share/julia/stdlib/v1.11/LinearAlgebra/src/schur.jl:340;~/.cache/merl-batch/2026-10-03/scratch/653/julia-1.11.7/share/julia/stdlib/v1.11/LinearAlgebra/src/schur.jl:339;~/.cache/merl-batch/2026-10-03/scratch/653/julia-1.11.7/share/julia/stdlib/v1.11/LinearAlgebra/src/schur.jl:338;~/.cache/merl-batch/2026-10-03/scratch/653/julia-1.11.7/share/julia/stdlib/v1.11/LinearAlgebra/src/schur.jl:337;~/.cache/merl-batch/2026-10-03/scratch/653/julia-1.11.7/share/julia/stdlib/v1.11/LinearAlgebra/src/schur.jl:336;~/.cache/merl-batch/2026-10-03/scratch/653/julia-1.11.7/share/julia/stdlib/v1.11/LinearAlgebra/src/schur.jl:335;~/.cache/merl-batch/2026-10-03/scratch/653/julia-1.11.7/share/julia/stdlib/v1.11/LinearAlgebra/src/svd.jl:387;~/.cache/merl-batch/2026-10-03/scratch/653/julia-1.11.7/share/julia/stdlib/v1.11/LinearAlgebra/src/svd.jl:386;~/.cache/merl-batch/2026-10-03/scratch/653/julia-1.11.7/share/julia/stdlib/v1.11/LinearAlgebra/src/svd.jl:385;~/.cache/merl-batch/2026-10-03/scratch/653/julia-1.11.7/share/julia/stdlib/v1.11/LinearAlgebra/src/svd.jl:384;~/.cache/merl-batch/2026-10-03/scratch/653/julia-1.11.7/share/julia/stdlib/v1.11/LinearAlgebra/src/svd.jl:383;~/.cache/merl-batch/2026-10-03/scratch/653/julia-1.11.7/share/julia/stdlib/v1.11/LinearAlgebra/src/svd.jl:382;~/.cache/merl-batch/2026-10-03/scratch/653/julia-1.11.7/share/julia/stdlib/v1.11/LinearAlgebra/src/svd.jl:381;~/.cache/merl-batch/2026-10-03/scratch/653/julia-1.11.7/share/julia/stdlib/v1.11/LinearAlgebra/src/eigen.jl:124;~/.cache/merl-batch/2026-10-03/scratch/653/julia-1.11.7/share/julia/stdlib/v1.11/LinearAlgebra/src/eigen.jl:123;~/.cache/merl-batch/2026-10-03/scratch/653/julia-1.11.7/share/julia/stdlib/v1.11/LinearAlgebra/src/eigen.jl:122;src/abstractdataframe/abstractdataframe.jl:2991;src/dataframerow/dataframerow.jl:391;src/dataframerow/dataframerow.jl:393;src/groupeddataframe/groupeddataframe.jl:540;src/groupeddataframe/groupeddataframe.jl:667;src/abstractdataframe/iteration.jl:23;src/abstractdataframe/iteration.jl:151;src/abstractdataframe/iteration.jl:263		
julia0130			
julia0131	src/dataframe/dataframe.jl:178;src/dataframe/dataframe.jl:257;src/dataframe/dataframe.jl:259;src/dataframe/dataframe.jl:267;src/dataframe/dataframe.jl:276;src/dataframe/dataframe.jl:291;src/dataframe/dataframe.jl:312;src/dataframe/dataframe.jl:338;src/dataframe/dataframe.jl:355;src/dataframe/dataframe.jl:359;src/dataframe/dataframe.jl:365;src/dataframe/dataframe.jl:369;src/dataframe/dataframe.jl:379;src/dataframe/dataframe.jl:386;src/dataframe/dataframe.jl:390;src/dataframe/dataframe.jl:402;src/dataframe/dataframe.jl:407;src/dataframe/dataframe.jl:412;src/dataframe/dataframe.jl:418;src/subdataframe/subdataframe.jl:309;src/dataframerow/dataframerow.jl:491;src/groupeddataframe/groupeddataframe.jl:352;src/other/tables.jl:48;src/other/tables.jl:67;src/other/tables.jl:74		
julia0132	src/abstractdataframe/abstractdataframe.jl:1406		
julia0133	src/groupeddataframe/splitapplycombine.jl:213		
julia0134	~/.cache/merl-batch/2026-10-03/scratch/653/depot/packages/DataAPI/atdEM/src/DataAPI.jl:337;src/other/metadata.jl:12;src/other/metadata.jl:13;src/other/metadata.jl:14;src/other/metadata.jl:15		
julia0135	src/dataframe/dataframe.jl:178;src/dataframe/dataframe.jl:257;src/dataframe/dataframe.jl:259;src/dataframe/dataframe.jl:267;src/dataframe/dataframe.jl:276;src/dataframe/dataframe.jl:291;src/dataframe/dataframe.jl:312;src/dataframe/dataframe.jl:338;src/dataframe/dataframe.jl:355;src/dataframe/dataframe.jl:359;src/dataframe/dataframe.jl:365;src/dataframe/dataframe.jl:369;src/dataframe/dataframe.jl:379;src/dataframe/dataframe.jl:386;src/dataframe/dataframe.jl:390;src/dataframe/dataframe.jl:402;src/dataframe/dataframe.jl:407;src/dataframe/dataframe.jl:412;src/dataframe/dataframe.jl:418;src/subdataframe/subdataframe.jl:309;src/dataframerow/dataframerow.jl:491;src/groupeddataframe/groupeddataframe.jl:352;src/other/tables.jl:48;src/other/tables.jl:67;src/other/tables.jl:74		
julia0136			
julia0137	~/.cache/merl-batch/2026-10-03/scratch/653/julia-1.11.7/share/julia/base/iostream.jl:437;~/.cache/merl-batch/2026-10-03/scratch/653/julia-1.11.7/share/julia/base/iobuffer.jl:462;~/.cache/merl-batch/2026-10-03/scratch/653/julia-1.11.7/share/julia/base/channels.jl:487;~/.cache/merl-batch/2026-10-03/scratch/653/julia-1.11.7/share/julia/base/iobuffer.jl:446		
julia0138	~/.cache/merl-batch/2026-10-03/scratch/653/depot/packages/Tables/qGyu7/src/fallbacks.jl:250;~/.cache/merl-batch/2026-10-03/scratch/653/depot/packages/Tables/qGyu7/src/fallbacks.jl:74;~/.cache/merl-batch/2026-10-03/scratch/653/depot/packages/Tables/qGyu7/src/namedtuples.jl:140;~/.cache/merl-batch/2026-10-03/scratch/653/depot/packages/Tables/qGyu7/src/namedtuples.jl:7;~/.cache/merl-batch/2026-10-03/scratch/653/depot/packages/Tables/qGyu7/src/Tables.jl:392;~/.cache/merl-batch/2026-10-03/scratch/653/depot/packages/Tables/qGyu7/src/Tables.jl:391;src/other/tables.jl:25;src/other/tables.jl:86		
julia0139	test/subdataframe_mutation.jl:906		
julia0140			
julia0141			
julia0142			
julia0143	~/.cache/merl-batch/2026-10-03/scratch/653/julia-1.11.7/share/julia/base/Base.jl:1		
julia0144	~/.cache/merl-batch/2026-10-03/scratch/653/julia-1.11.7/share/julia/base/reflection.jl:1326;~/.cache/merl-batch/2026-10-03/scratch/653/julia-1.11.7/share/julia/base/bitset.jl:291;~/.cache/merl-batch/2026-10-03/scratch/653/julia-1.11.7/share/julia/base/essentials.jl:945;~/.cache/merl-batch/2026-10-03/scratch/653/julia-1.11.7/share/julia/base/secretbuffer.jl:178;~/.cache/merl-batch/2026-10-03/scratch/653/julia-1.11.7/share/julia/base/task.jl:54;~/.cache/merl-batch/2026-10-03/scratch/653/julia-1.11.7/share/julia/base/tuple.jl:645;~/.cache/merl-batch/2026-10-03/scratch/653/julia-1.11.7/share/julia/base/dict.jl:849;~/.cache/merl-batch/2026-10-03/scratch/653/julia-1.11.7/share/julia/base/idset.jl:42;~/.cache/merl-batch/2026-10-03/scratch/653/julia-1.11.7/share/julia/base/channels.jl:556;~/.cache/merl-batch/2026-10-03/scratch/653/julia-1.11.7/share/julia/base/namedtuple.jl:173;~/.cache/merl-batch/2026-10-03/scratch/653/julia-1.11.7/share/julia/base/namedtuple.jl:174;~/.cache/merl-batch/2026-10-03/scratch/653/julia-1.11.7/share/julia/base/dict.jl:1037;~/.cache/merl-batch/2026-10-03/scratch/653/julia-1.11.7/share/julia/base/char.jl:210;~/.cache/merl-batch/2026-10-03/scratch/653/julia-1.11.7/share/julia/base/reinterpretarray.jl:739;~/.cache/merl-batch/2026-10-03/scratch/653/julia-1.11.7/share/julia/base/weakkeydict.jl:183;~/.cache/merl-batch/2026-10-03/scratch/653/julia-1.11.7/share/julia/base/set.jl:90;~/.cache/merl-batch/2026-10-03/scratch/653/julia-1.11.7/share/julia/base/refpointer.jl:100;~/.cache/merl-batch/2026-10-03/scratch/653/julia-1.11.7/share/julia/base/range.jl:682;~/.cache/merl-batch/2026-10-03/scratch/653/julia-1.11.7/share/julia/base/range.jl:683;~/.cache/merl-batch/2026-10-03/scratch/653/julia-1.11.7/share/julia/base/generator.jl:57;~/.cache/merl-batch/2026-10-03/scratch/653/julia-1.11.7/share/julia/base/strings/basic.jl:180;~/.cache/merl-batch/2026-10-03/scratch/653/julia-1.11.7/share/julia/base/range.jl:678;~/.cache/merl-batch/2026-10-03/scratch/653/julia-1.11.7/share/julia/base/range.jl:681;~/.cache/merl-batch/2026-10-03/scratch/653/julia-1.11.7/share/julia/base/task.jl:718;~/.cache/merl-batch/2026-10-03/scratch/653/julia-1.11.7/share/julia/base/linked_list.jl:18;~/.cache/merl-batch/2026-10-03/scratch/653/julia-1.11.7/share/julia/base/dict.jl:705;~/.cache/merl-batch/2026-10-03/scratch/653/julia-1.11.7/share/julia/base/abstractarray.jl:1212;~/.cache/merl-batch/2026-10-03/scratch/653/julia-1.11.7/share/julia/base/tuple.jl:646;~/.cache/merl-batch/2026-10-03/scratch/653/julia-1.11.7/share/julia/base/number.jl:281;~/.cache/merl-batch/2026-10-03/scratch/653/julia-1.11.7/share/julia/base/condition.jl:168;~/.cache/merl-batch/2026-10-03/scratch/653/julia-1.11.7/share/julia/base/abstractdict.jl:61;~/.cache/merl-batch/2026-10-03/scratch/653/julia-1.11.7/share/julia/base/essentials.jl:1118;~/.cache/merl-batch/2026-10-03/scratch/653/julia-1.11.7/share/julia/stdlib/v1.11/Test/src/Test.jl:2235		
julia0145	src/other/index.jl:23		
julia0146	src/other/index.jl:23		
julia0147	~/.cache/merl-batch/2026-10-03/scratch/653/julia-1.11.7/share/julia/base/array.jl:584;~/.cache/merl-batch/2026-10-03/scratch/653/julia-1.11.7/share/julia/base/array.jl:593;~/.cache/merl-batch/2026-10-03/scratch/653/julia-1.11.7/share/julia/base/array.jl:588;~/.cache/merl-batch/2026-10-03/scratch/653/julia-1.11.7/share/julia/base/array.jl:587;~/.cache/merl-batch/2026-10-03/scratch/653/julia-1.11.7/share/julia/base/array.jl:586;~/.cache/merl-batch/2026-10-03/scratch/653/julia-1.11.7/share/julia/base/array.jl:585		
julia0148	src/other/metadata.jl:426;src/other/metadata.jl:436;src/other/metadata.jl:442;src/other/metadata.jl:445;src/other/metadata.jl:448;src/other/metadata.jl:460		
julia0149			
julia0150	~/.cache/merl-batch/2026-10-03/scratch/653/julia-1.11.7/share/julia/base/bitarray.jl:807;~/.cache/merl-batch/2026-10-03/scratch/653/julia-1.11.7/share/julia/base/bitarray.jl:789;~/.cache/merl-batch/2026-10-03/scratch/653/julia-1.11.7/share/julia/base/bitarray.jl:806;~/.cache/merl-batch/2026-10-03/scratch/653/julia-1.11.7/share/julia/base/array.jl:1380;~/.cache/merl-batch/2026-10-03/scratch/653/julia-1.11.7/share/julia/base/array.jl:1390;~/.cache/merl-batch/2026-10-03/scratch/653/julia-1.11.7/share/julia/base/array.jl:1392	prepend! on a DataFrame: DataFrames' method answers, the oracle lists only the generic's methods outside the project	
julia0151	~/.cache/merl-batch/2026-10-03/scratch/653/julia-1.11.7/share/julia/base/array.jl:1627;~/.cache/merl-batch/2026-10-03/scratch/653/julia-1.11.7/share/julia/base/array.jl:1621;src/dataframe/dataframe.jl:1184		
julia0152			
julia0153	~/.cache/merl-batch/2026-10-03/scratch/653/julia-1.11.7/share/julia/base/subarray.jl:80;~/.cache/merl-batch/2026-10-03/scratch/653/julia-1.11.7/share/julia/base/slicearray.jl:245;~/.cache/merl-batch/2026-10-03/scratch/653/julia-1.11.7/share/julia/base/strings/substring.jl:115;~/.cache/merl-batch/2026-10-03/scratch/653/julia-1.11.7/share/julia/base/reshapedarray.jl:221;~/.cache/merl-batch/2026-10-03/scratch/653/julia-1.11.7/share/julia/base/reinterpretarray.jl:340;~/.cache/merl-batch/2026-10-03/scratch/653/julia-1.11.7/share/julia/base/abstractarray.jl:1482;~/.cache/merl-batch/2026-10-03/scratch/653/julia-1.11.7/share/julia/base/permuteddimsarray.jl:48	parent of a DataFrameRow: DataFrames' method answers, the oracle lists only the generic's methods outside the project	
julia0154	test/metadata.jl:3643		
julia0155	~/.cache/merl-batch/2026-10-03/scratch/653/julia-1.11.7/share/julia/base/strings/lazy.jl:96;~/.cache/merl-batch/2026-10-03/scratch/653/julia-1.11.7/share/julia/base/missing.jl:80;~/.cache/merl-batch/2026-10-03/scratch/653/julia-1.11.7/share/julia/base/missing.jl:81;~/.cache/merl-batch/2026-10-03/scratch/653/julia-1.11.7/share/julia/base/missing.jl:82;~/.cache/merl-batch/2026-10-03/scratch/653/julia-1.11.7/share/julia/base/float.jl:621;~/.cache/merl-batch/2026-10-03/scratch/653/julia-1.11.7/share/julia/base/operators.jl:139;~/.cache/merl-batch/2026-10-03/scratch/653/julia-1.11.7/share/julia/base/operators.jl:141;~/.cache/merl-batch/2026-10-03/scratch/653/julia-1.11.7/share/julia/base/operators.jl:140;~/.cache/merl-batch/2026-10-03/scratch/653/julia-1.11.7/share/julia/base/pair.jl:47;~/.cache/merl-batch/2026-10-03/scratch/653/julia-1.11.7/share/julia/base/pointer.jl:309;~/.cache/merl-batch/2026-10-03/scratch/653/julia-1.11.7/share/julia/base/complex.jl:252;~/.cache/merl-batch/2026-10-03/scratch/653/julia-1.11.7/share/julia/base/complex.jl:251;~/.cache/merl-batch/2026-10-03/scratch/653/julia-1.11.7/share/julia/base/namedtuple.jl:247;~/.cache/merl-batch/2026-10-03/scratch/653/julia-1.11.7/share/julia/base/namedtuple.jl:248;~/.cache/merl-batch/2026-10-03/scratch/653/julia-1.11.7/share/julia/base/complex.jl:253;~/.cache/merl-batch/2026-10-03/scratch/653/julia-1.11.7/share/julia/base/abstractarray.jl:2999;~/.cache/merl-batch/2026-10-03/scratch/653/julia-1.11.7/share/julia/base/tuple.jl:533;~/.cache/merl-batch/2026-10-03/scratch/653/julia-1.11.7/share/julia/base/abstractdict.jl:502;~/.cache/merl-batch/2026-10-03/scratch/653/julia-1.11.7/share/julia/base/operators.jl:134;~/.cache/merl-batch/2026-10-03/scratch/653/julia-1.11.7/share/julia/base/operators.jl:1155;~/.cache/merl-batch/2026-10-03/scratch/653/depot/packages/Tables/qGyu7/src/scan.jl:242;~/.cache/merl-batch/2026-10-03/scratch/653/depot/packages/Tables/qGyu7/src/fallbacks.jl:45;~/.cache/merl-batch/2026-10-03/scratch/653/julia-1.11.7/share/julia/stdlib/v1.11/LinearAlgebra/src/uniformscaling.jl:348;~/.cache/merl-batch/2026-10-03/scratch/653/julia-1.11.7/share/julia/stdlib/v1.11/LinearAlgebra/src/eigen.jl:667;~/.cache/merl-batch/2026-10-03/scratch/653/julia-1.11.7/share/julia/stdlib/v1.11/LinearAlgebra/src/qr.jl:163;~/.cache/merl-batch/2026-10-03/scratch/653/julia-1.11.7/share/julia/stdlib/v1.11/LinearAlgebra/src/factorization.jl:117;~/.cache/merl-batch/2026-10-03/scratch/653/julia-1.11.7/share/julia/stdlib/v1.11/LinearAlgebra/src/uniformscaling.jl:347;src/other/index.jl:40;src/abstractdataframe/abstractdataframe.jl:505;src/groupeddataframe/groupeddataframe.jl:342;src/abstractdataframe/iteration.jl:273;src/join/core.jl:56;src/join/core.jl:66		
julia0156	~/.cache/merl-batch/2026-10-03/scratch/653/julia-1.11.7/share/julia/base/boot.jl:383		
julia0157			
julia0158	~/.cache/merl-batch/2026-10-03/scratch/653/julia-1.11.7/share/julia/base/slicearray.jl:205;~/.cache/merl-batch/2026-10-03/scratch/653/julia-1.11.7/share/julia/base/slicearray.jl:204	eachcol of a DataFrame: DataFrames' method answers, the oracle lists only the generic's methods outside the project	
julia0159	~/.cache/merl-batch/2026-10-03/scratch/653/julia-1.11.7/share/julia/base/bitset.jl:48;~/.cache/merl-batch/2026-10-03/scratch/653/julia-1.11.7/share/julia/base/secretbuffer.jl:120;~/.cache/merl-batch/2026-10-03/scratch/653/julia-1.11.7/share/julia/base/expr.jl:76;~/.cache/merl-batch/2026-10-03/scratch/653/julia-1.11.7/share/julia/base/expr.jl:44;~/.cache/merl-batch/2026-10-03/scratch/653/julia-1.11.7/share/julia/base/strings/annotated.jl:488;~/.cache/merl-batch/2026-10-03/scratch/653/julia-1.11.7/share/julia/base/array.jl:345;~/.cache/merl-batch/2026-10-03/scratch/653/julia-1.11.7/share/julia/base/idset.jl:39;~/.cache/merl-batch/2026-10-03/scratch/653/julia-1.11.7/share/julia/base/iddict.jl:146;~/.cache/merl-batch/2026-10-03/scratch/653/julia-1.11.7/share/julia/base/weakkeydict.jl:50;~/.cache/merl-batch/2026-10-03/scratch/653/julia-1.11.7/share/julia/base/dict.jl:110;~/.cache/merl-batch/2026-10-03/scratch/653/julia-1.11.7/share/julia/base/abstractdict.jl:197;~/.cache/merl-batch/2026-10-03/scratch/653/julia-1.11.7/share/julia/base/set.jl:166;~/.cache/merl-batch/2026-10-03/scratch/653/julia-1.11.7/share/julia/base/abstractdict.jl:71;~/.cache/merl-batch/2026-10-03/scratch/653/julia-1.11.7/share/julia/base/subarray.jl:72;~/.cache/merl-batch/2026-10-03/scratch/653/julia-1.11.7/share/julia/base/genericmemory.jl:170;~/.cache/merl-batch/2026-10-03/scratch/653/julia-1.11.7/share/julia/base/range.jl:892;~/.cache/merl-batch/2026-10-03/scratch/653/julia-1.11.7/share/julia/base/iobuffer.jl:158;~/.cache/merl-batch/2026-10-03/scratch/653/julia-1.11.7/share/julia/base/abstractarray.jl:1133;~/.cache/merl-batch/2026-10-03/scratch/653/julia-1.11.7/share/julia/base/number.jl:113;~/.cache/merl-batch/2026-10-03/scratch/653/julia-1.11.7/share/julia/stdlib/v1.11/Markdown/src/parse/parse.jl:39;~/.cache/merl-batch/2026-10-03/scratch/653/depot/packages/PooledArrays/Vy2X0/src/PooledArrays.jl:227;~/.cache/merl-batch/2026-10-03/scratch/653/depot/packages/SentinelArrays/YQPM3/src/chainedvector.jl:508;~/.cache/merl-batch/2026-10-03/scratch/653/julia-1.11.7/share/julia/stdlib/v1.11/Random/src/DSFMT.jl:37;~/.cache/merl-batch/2026-10-03/scratch/653/julia-1.11.7/share/julia/stdlib/v1.11/Random/src/DSFMT.jl:111;~/.cache/merl-batch/2026-10-03/scratch/653/julia-1.11.7/share/julia/stdlib/v1.11/Random/src/RNGs.jl:129;~/.cache/merl-batch/2026-10-03/scratch/653/julia-1.11.7/share/julia/stdlib/v1.11/Random/src/Xoshiro.jl:243;~/.cache/merl-batch/2026-10-03/scratch/653/julia-1.11.7/share/julia/base/broadcast.jl:1098;~/.cache/merl-batch/2026-10-03/scratch/653/julia-1.11.7/share/julia/base/broadcast.jl:888;~/.cache/merl-batch/2026-10-03/scratch/653/julia-1.11.7/share/julia/base/broadcast.jl:887;~/.cache/merl-batch/2026-10-03/scratch/653/julia-1.11.7/share/julia/base/broadcast.jl:893;~/.cache/merl-batch/2026-10-03/scratch/653/julia-1.11.7/share/julia/stdlib/v1.11/LinearAlgebra/src/bitarray.jl:240;~/.cache/merl-batch/2026-10-03/scratch/653/julia-1.11.7/share/julia/stdlib/v1.11/LinearAlgebra/src/bitarray.jl:239;~/.cache/merl-batch/2026-10-03/scratch/653/julia-1.11.7/share/julia/stdlib/v1.11/LinearAlgebra/src/schur.jl:449;~/.cache/merl-batch/2026-10-03/scratch/653/julia-1.11.7/share/julia/stdlib/v1.11/LinearAlgebra/src/tridiag.jl:161;~/.cache/merl-batch/2026-10-03/scratch/653/julia-1.11.7/share/julia/stdlib/v1.11/LinearAlgebra/src/triangular.jl:190;~/.cache/merl-batch/2026-10-03/scratch/653/julia-1.11.7/share/julia/stdlib/v1.11/LinearAlgebra/src/triangular.jl:45;~/.cache/merl-batch/2026-10-03/scratch/653/julia-1.11.7/share/julia/stdlib/v1.11/LinearAlgebra/src/lu.jl:368;~/.cache/merl-batch/2026-10-03/scratch/653/julia-1.11.7/share/julia/stdlib/v1.11/LinearAlgebra/src/lq.jl:131;~/.cache/merl-batch/2026-10-03/scratch/653/julia-1.11.7/share/julia/stdlib/v1.11/LinearAlgebra/src/symmetric.jl:344;~/.cache/merl-batch/2026-10-03/scratch/653/julia-1.11.7/share/julia/stdlib/v1.11/LinearAlgebra/src/hessenberg.jl:69;~/.cache/merl-batch/2026-10-03/scratch/653/julia-1.11.7/share/julia/stdlib/v1.11/LinearAlgebra/src/hessenberg.jl:104;~/.cache/merl-batch/2026-10-03/scratch/653/julia-1.11.7/share/julia/stdlib/v1.11/LinearAlgebra/src/bidiag.jl:292;~/.cache/merl-batch/2026-10-03/scratch/653/julia-1.11.7/share/julia/stdlib/v1.11/LinearAlgebra/src/symmetric.jl:422;~/.cache/merl-batch/2026-10-03/scratch/653/julia-1.11.7/share/julia/stdlib/v1.11/LinearAlgebra/src/tridiag.jl:629;~/.cache/merl-batch/2026-10-03/scratch/653/julia-1.11.7/share/julia/stdlib/v1.11/LinearAlgebra/src/tridiag.jl:172;~/.cache/merl-batch/2026-10-03/scratch/653/julia-1.11.7/share/julia/stdlib/v1.11/LinearAlgebra/src/transpose.jl:184;~/.cache/merl-batch/2026-10-03/scratch/653/julia-1.11.7/share/julia/stdlib/v1.11/LinearAlgebra/src/tridiag.jl:615;~/.cache/merl-batch/2026-10-03/scratch/653/julia-1.11.7/share/julia/stdlib/v1.11/LinearAlgebra/src/diagonal.jl:206;~/.cache/merl-batch/2026-10-03/scratch/653/julia-1.11.7/share/julia/stdlib/v1.11/LinearAlgebra/src/hessenberg.jl:393;~/.cache/merl-batch/2026-10-03/scratch/653/julia-1.11.7/share/julia/stdlib/v1.11/LinearAlgebra/src/hessenberg.jl:392;~/.cache/merl-batch/2026-10-03/scratch/653/julia-1.11.7/share/julia/stdlib/v1.11/LinearAlgebra/src/bidiag.jl:280;~/.cache/merl-batch/2026-10-03/scratch/653/julia-1.11.7/share/julia/stdlib/v1.11/LinearAlgebra/src/cholesky.jl:512;~/.cache/merl-batch/2026-10-03/scratch/653/julia-1.11.7/share/julia/stdlib/v1.11/LinearAlgebra/src/hessenberg.jl:105;~/.cache/merl-batch/2026-10-03/scratch/653/julia-1.11.7/share/julia/stdlib/v1.11/LinearAlgebra/src/bidiag.jl:296;~/.cache/merl-batch/2026-10-03/scratch/653/julia-1.11.7/share/julia/stdlib/v1.11/LinearAlgebra/src/symmetric.jl:424;~/.cache/merl-batch/2026-10-03/scratch/653/julia-1.11.7/share/julia/stdlib/v1.11/LinearAlgebra/src/tridiag.jl:630;~/.cache/merl-batch/2026-10-03/scratch/653/julia-1.11.7/share/julia/stdlib/v1.11/LinearAlgebra/src/transpose.jl:183;~/.cache/merl-batch/2026-10-03/scratch/653/julia-1.11.7/share/julia/stdlib/v1.11/LinearAlgebra/src/bunchkaufman.jl:100;~/.cache/merl-batch/2026-10-03/scratch/653/julia-1.11.7/share/julia/stdlib/v1.11/LinearAlgebra/src/symmetric.jl:343;~/.cache/merl-batch/2026-10-03/scratch/653/julia-1.11.7/share/julia/stdlib/v1.11/LinearAlgebra/src/uniformscaling.jl:119;~/.cache/merl-batch/2026-10-03/scratch/653/julia-1.11.7/share/julia/stdlib/v1.11/LinearAlgebra/src/cholesky.jl:513;~/.cache/merl-batch/2026-10-03/scratch/653/julia-1.11.7/share/julia/stdlib/v1.11/LinearAlgebra/src/lq.jl:117;~/.cache/merl-batch/2026-10-03/scratch/653/julia-1.11.7/share/julia/stdlib/v1.11/LinearAlgebra/src/schur.jl:448;~/.cache/merl-batch/2026-10-03/scratch/653/julia-1.11.7/share/julia/stdlib/v1.11/LinearAlgebra/src/abstractq.jl:79;~/.cache/merl-batch/2026-10-03/scratch/653/julia-1.11.7/share/julia/stdlib/v1.11/LinearAlgebra/src/givens.jl:64;src/other/index.jl:39;src/other/index.jl:502;src/dataframe/dataframe.jl:807;src/subdataframe/subdataframe.jl:304;src/dataframerow/dataframerow.jl:441;src/groupeddataframe/groupeddataframe.jl:745;src/other/broadcasting.jl:49		
julia0160	~/.cache/merl-batch/2026-10-03/scratch/653/depot/packages/Documenter/13nbQ/src/Documenter.jl:1		
julia0161	src/abstractdataframe/abstractdataframe.jl:907		
julia0162	test/tables.jl:130		
julia0163	src/dataframe/dataframe.jl:178;src/dataframe/dataframe.jl:257;src/dataframe/dataframe.jl:259;src/dataframe/dataframe.jl:267;src/dataframe/dataframe.jl:276;src/dataframe/dataframe.jl:291;src/dataframe/dataframe.jl:312;src/dataframe/dataframe.jl:338;src/dataframe/dataframe.jl:355;src/dataframe/dataframe.jl:359;src/dataframe/dataframe.jl:365;src/dataframe/dataframe.jl:369;src/dataframe/dataframe.jl:379;src/dataframe/dataframe.jl:386;src/dataframe/dataframe.jl:390;src/dataframe/dataframe.jl:402;src/dataframe/dataframe.jl:407;src/dataframe/dataframe.jl:412;src/dataframe/dataframe.jl:418;src/subdataframe/subdataframe.jl:309;src/dataframerow/dataframerow.jl:491;src/groupeddataframe/groupeddataframe.jl:352;src/other/tables.jl:48;src/other/tables.jl:67;src/other/tables.jl:74		
julia0164	~/.cache/merl-batch/2026-10-03/scratch/653/julia-1.11.7/share/julia/base/array.jl:1267;~/.cache/merl-batch/2026-10-03/scratch/653/julia-1.11.7/share/julia/base/array.jl:1272;~/.cache/merl-batch/2026-10-03/scratch/653/julia-1.11.7/share/julia/base/bitset.jl:255;~/.cache/merl-batch/2026-10-03/scratch/653/julia-1.11.7/share/julia/base/bitset.jl:257;~/.cache/merl-batch/2026-10-03/scratch/653/julia-1.11.7/share/julia/base/bitarray.jl:752;~/.cache/merl-batch/2026-10-03/scratch/653/julia-1.11.7/share/julia/base/env.jl:176;~/.cache/merl-batch/2026-10-03/scratch/653/julia-1.11.7/share/julia/base/task.jl:52;~/.cache/merl-batch/2026-10-03/scratch/653/julia-1.11.7/share/julia/base/array.jl:1822;~/.cache/merl-batch/2026-10-03/scratch/653/julia-1.11.7/share/julia/base/set.jl:137;~/.cache/merl-batch/2026-10-03/scratch/653/julia-1.11.7/share/julia/base/array.jl:1258;~/.cache/merl-batch/2026-10-03/scratch/653/julia-1.11.7/share/julia/base/idset.jl:45;~/.cache/merl-batch/2026-10-03/scratch/653/julia-1.11.7/share/julia/base/task.jl:720;~/.cache/merl-batch/2026-10-03/scratch/653/julia-1.11.7/share/julia/base/linked_list.jl:138;~/.cache/merl-batch/2026-10-03/scratch/653/julia-1.11.7/share/julia/base/linked_list.jl:52;~/.cache/merl-batch/2026-10-03/scratch/653/julia-1.11.7/share/julia/base/channels.jl:10;~/.cache/merl-batch/2026-10-03/scratch/653/julia-1.11.7/share/julia/base/abstractarray.jl:3516;~/.cache/merl-batch/2026-10-03/scratch/653/julia-1.11.7/share/julia/base/abstractarray.jl:3522;~/.cache/merl-batch/2026-10-03/scratch/653/julia-1.11.7/share/julia/base/abstractarray.jl:3506;~/.cache/merl-batch/2026-10-03/scratch/653/julia-1.11.7/share/julia/base/array.jl:1330;~/.cache/merl-batch/2026-10-03/scratch/653/julia-1.11.7/share/julia/base/abstractdict.jl:568;~/.cache/merl-batch/2026-10-03/scratch/653/julia-1.11.7/share/julia/base/abstractarray.jl:3536;~/.cache/merl-batch/2026-10-03/scratch/653/julia-1.11.7/share/julia/base/abstractarray.jl:3537;~/.cache/merl-batch/2026-10-03/scratch/653/julia-1.11.7/share/julia/stdlib/v1.11/Markdown/src/parse/parse.jl:32;~/.cache/merl-batch/2026-10-03/scratch/653/depot/packages/PooledArrays/Vy2X0/src/PooledArrays.jl:598;~/.cache/merl-batch/2026-10-03/scratch/653/depot/packages/SentinelArrays/YQPM3/src/BufferedVectors.jl:32;~/.cache/merl-batch/2026-10-03/scratch/653/depot/packages/SentinelArrays/YQPM3/src/BufferedVectors.jl:31;~/.cache/merl-batch/2026-10-03/scratch/653/depot/packages/SentinelArrays/YQPM3/src/missingvector.jl:35;~/.cache/merl-batch/2026-10-03/scratch/653/depot/packages/SentinelArrays/YQPM3/src/missingvector.jl:45;~/.cache/merl-batch/2026-10-03/scratch/653/depot/packages/SentinelArrays/YQPM3/src/SentinelArrays.jl:258;~/.cache/merl-batch/2026-10-03/scratch/653/depot/packages/SentinelArrays/YQPM3/src/chainedvector.jl:545;src/other/index.jl:122;src/dataframe/insertion.jl:538;src/dataframe/insertion.jl:819;src/dataframe/insertion.jl:887;src/dataframe/insertion.jl:1103		
julia0165	~/.cache/merl-batch/2026-10-03/scratch/653/julia-1.11.7/share/julia/base/bitset.jl:426;~/.cache/merl-batch/2026-10-03/scratch/653/julia-1.11.7/share/julia/base/range.jl:1394;~/.cache/merl-batch/2026-10-03/scratch/653/julia-1.11.7/share/julia/base/range.jl:1395;~/.cache/merl-batch/2026-10-03/scratch/653/julia-1.11.7/share/julia/base/sort.jl:89;~/.cache/merl-batch/2026-10-03/scratch/653/julia-1.11.7/share/julia/base/sort.jl:50;src/abstractdataframe/sort.jl:409;src/abstractdataframe/sort.jl:434;src/groupeddataframe/utils.jl:134		
julia0166	~/.cache/merl-batch/2026-10-03/scratch/653/julia-1.11.7/share/julia/base/strings/substring.jl:62;~/.cache/merl-batch/2026-10-03/scratch/653/julia-1.11.7/share/julia/base/subarray.jl:240;~/.cache/merl-batch/2026-10-03/scratch/653/julia-1.11.7/share/julia/base/subarray.jl:236;~/.cache/merl-batch/2026-10-03/scratch/653/julia-1.11.7/share/julia/base/subarray.jl:232;~/.cache/merl-batch/2026-10-03/scratch/653/julia-1.11.7/share/julia/base/subarray.jl:220;~/.cache/merl-batch/2026-10-03/scratch/653/julia-1.11.7/share/julia/base/subarray.jl:224;~/.cache/merl-batch/2026-10-03/scratch/653/julia-1.11.7/share/julia/base/subarray.jl:228;~/.cache/merl-batch/2026-10-03/scratch/653/julia-1.11.7/share/julia/base/subarray.jl:246;~/.cache/merl-batch/2026-10-03/scratch/653/julia-1.11.7/share/julia/base/subarray.jl:211;~/.cache/merl-batch/2026-10-03/scratch/653/julia-1.11.7/share/julia/base/multidimensional.jl:402;~/.cache/merl-batch/2026-10-03/scratch/653/julia-1.11.7/share/julia/base/multidimensional.jl:399	view of a DataFrame: DataFrames' method answers, the oracle lists only the generic's methods outside the project	
julia0167	~/.cache/merl-batch/2026-10-03/scratch/653/julia-1.11.7/share/julia/base/Base.jl:1		
julia0168	~/.cache/merl-batch/2026-10-03/scratch/653/depot/packages/Statistics/2IU8F/src/Statistics.jl:1022;~/.cache/merl-batch/2026-10-03/scratch/653/depot/packages/Statistics/2IU8F/src/Statistics.jl:989;~/.cache/merl-batch/2026-10-03/scratch/653/depot/packages/Statistics/2IU8F/src/Statistics.jl:1018;~/.cache/merl-batch/2026-10-03/scratch/653/depot/packages/Statistics/2IU8F/src/Statistics.jl:1006;~/.cache/merl-batch/2026-10-03/scratch/653/depot/packages/Statistics/2IU8F/src/Statistics.jl:1014		
julia0169	src/dataframe/dataframe.jl:178;src/dataframe/dataframe.jl:257;src/dataframe/dataframe.jl:259;src/dataframe/dataframe.jl:267;src/dataframe/dataframe.jl:276;src/dataframe/dataframe.jl:291;src/dataframe/dataframe.jl:312;src/dataframe/dataframe.jl:338;src/dataframe/dataframe.jl:355;src/dataframe/dataframe.jl:359;src/dataframe/dataframe.jl:365;src/dataframe/dataframe.jl:369;src/dataframe/dataframe.jl:379;src/dataframe/dataframe.jl:386;src/dataframe/dataframe.jl:390;src/dataframe/dataframe.jl:402;src/dataframe/dataframe.jl:407;src/dataframe/dataframe.jl:412;src/dataframe/dataframe.jl:418;src/subdataframe/subdataframe.jl:309;src/dataframerow/dataframerow.jl:491;src/groupeddataframe/groupeddataframe.jl:352;src/other/tables.jl:48;src/other/tables.jl:67;src/other/tables.jl:74		
julia0170	src/abstractdataframe/abstractdataframe.jl:2894		
julia0171	~/.cache/merl-batch/2026-10-03/scratch/653/julia-1.11.7/share/julia/base/boot.jl:926;~/.cache/merl-batch/2026-10-03/scratch/653/julia-1.11.7/share/julia/base/boot.jl:925;~/.cache/merl-batch/2026-10-03/scratch/653/julia-1.11.7/share/julia/base/boot.jl:900;~/.cache/merl-batch/2026-10-03/scratch/653/julia-1.11.7/share/julia/base/rational.jl:151;~/.cache/merl-batch/2026-10-03/scratch/653/julia-1.11.7/share/julia/base/complex.jl:44;~/.cache/merl-batch/2026-10-03/scratch/653/julia-1.11.7/share/julia/base/twiceprecision.jl:265;~/.cache/merl-batch/2026-10-03/scratch/653/julia-1.11.7/share/julia/base/char.jl:50;~/.cache/merl-batch/2026-10-03/scratch/653/julia-1.11.7/share/julia/base/Enums.jl:19;~/.cache/merl-batch/2026-10-03/scratch/653/julia-1.11.7/share/julia/base/mpfr.jl:403		
julia0172			
julia0173	test/indexing.jl:105		
julia0174			
julia0175	src/abstractdataframe/selection.jl:1303;src/abstractdataframe/selection.jl:1308;src/groupeddataframe/splitapplycombine.jl:882;src/groupeddataframe/splitapplycombine.jl:892		
julia0176	~/.cache/merl-batch/2026-10-03/scratch/653/julia-1.11.7/share/julia/base/Base.jl:1		
julia0177	~/.cache/merl-batch/2026-10-03/scratch/653/julia-1.11.7/share/julia/base/Base.jl:1		
julia0178			
julia0179	~/.cache/merl-batch/2026-10-03/scratch/653/julia-1.11.7/share/julia/stdlib/v1.11/LinearAlgebra/src/hessenberg.jl:494;~/.cache/merl-batch/2026-10-03/scratch/653/julia-1.11.7/share/julia/stdlib/v1.11/LinearAlgebra/src/cholesky.jl:499;~/.cache/merl-batch/2026-10-03/scratch/653/julia-1.11.7/share/julia/stdlib/v1.11/LinearAlgebra/src/lu.jl:832;~/.cache/merl-batch/2026-10-03/scratch/653/julia-1.11.7/share/julia/stdlib/v1.11/LinearAlgebra/src/lu.jl:793;~/.cache/merl-batch/2026-10-03/scratch/653/julia-1.11.7/share/julia/stdlib/v1.11/LinearAlgebra/src/qr.jl:455;~/.cache/merl-batch/2026-10-03/scratch/653/julia-1.11.7/share/julia/stdlib/v1.11/LinearAlgebra/src/lq.jl:123;~/.cache/merl-batch/2026-10-03/scratch/653/julia-1.11.7/share/julia/stdlib/v1.11/LinearAlgebra/src/eigen.jl:675;~/.cache/merl-batch/2026-10-03/scratch/653/julia-1.11.7/share/julia/stdlib/v1.11/LinearAlgebra/src/cholesky.jl:508;~/.cache/merl-batch/2026-10-03/scratch/653/julia-1.11.7/share/julia/stdlib/v1.11/LinearAlgebra/src/svd.jl:575;~/.cache/merl-batch/2026-10-03/scratch/653/julia-1.11.7/share/julia/stdlib/v1.11/LinearAlgebra/src/schur.jl:444;~/.cache/merl-batch/2026-10-03/scratch/653/julia-1.11.7/share/julia/stdlib/v1.11/LinearAlgebra/src/ldlt.jl:222;~/.cache/merl-batch/2026-10-03/scratch/653/julia-1.11.7/share/julia/stdlib/v1.11/LinearAlgebra/src/qr.jl:448		
julia0180	src/dataframe/dataframe.jl:178;src/dataframe/dataframe.jl:257;src/dataframe/dataframe.jl:259;src/dataframe/dataframe.jl:267;src/dataframe/dataframe.jl:276;src/dataframe/dataframe.jl:291;src/dataframe/dataframe.jl:312;src/dataframe/dataframe.jl:338;src/dataframe/dataframe.jl:355;src/dataframe/dataframe.jl:359;src/dataframe/dataframe.jl:365;src/dataframe/dataframe.jl:369;src/dataframe/dataframe.jl:379;src/dataframe/dataframe.jl:386;src/dataframe/dataframe.jl:390;src/dataframe/dataframe.jl:402;src/dataframe/dataframe.jl:407;src/dataframe/dataframe.jl:412;src/dataframe/dataframe.jl:418;src/subdataframe/subdataframe.jl:309;src/dataframerow/dataframerow.jl:491;src/groupeddataframe/groupeddataframe.jl:352;src/other/tables.jl:48;src/other/tables.jl:67;src/other/tables.jl:74		
julia0181	src/abstractdataframe/reshape.jl:666;src/abstractdataframe/reshape.jl:670		
julia0182	~/.cache/merl-batch/2026-10-03/scratch/653/julia-1.11.7/share/julia/base/Base.jl:1		
julia0183			
julia0184	~/.cache/merl-batch/2026-10-03/scratch/653/julia-1.11.7/share/julia/base/boot.jl:900;~/.cache/merl-batch/2026-10-03/scratch/653/julia-1.11.7/share/julia/base/complex.jl:44;~/.cache/merl-batch/2026-10-03/scratch/653/julia-1.11.7/share/julia/base/twiceprecision.jl:265;~/.cache/merl-batch/2026-10-03/scratch/653/julia-1.11.7/share/julia/base/char.jl:50		
julia0185	src/dataframe/dataframe.jl:178;src/dataframe/dataframe.jl:257;src/dataframe/dataframe.jl:259;src/dataframe/dataframe.jl:267;src/dataframe/dataframe.jl:276;src/dataframe/dataframe.jl:291;src/dataframe/dataframe.jl:312;src/dataframe/dataframe.jl:338;src/dataframe/dataframe.jl:355;src/dataframe/dataframe.jl:359;src/dataframe/dataframe.jl:365;src/dataframe/dataframe.jl:369;src/dataframe/dataframe.jl:379;src/dataframe/dataframe.jl:386;src/dataframe/dataframe.jl:390;src/dataframe/dataframe.jl:402;src/dataframe/dataframe.jl:407;src/dataframe/dataframe.jl:412;src/dataframe/dataframe.jl:418;src/subdataframe/subdataframe.jl:309;src/dataframerow/dataframerow.jl:491;src/groupeddataframe/groupeddataframe.jl:352;src/other/tables.jl:48;src/other/tables.jl:67;src/other/tables.jl:74		
julia0186	src/other/metadata.jl:488;src/other/metadata.jl:506;src/other/metadata.jl:513		
julia0187	~/.cache/merl-batch/2026-10-03/scratch/653/julia-1.11.7/share/julia/base/missing.jl:132;~/.cache/merl-batch/2026-10-03/scratch/653/julia-1.11.7/share/julia/base/missing.jl:133;~/.cache/merl-batch/2026-10-03/scratch/653/julia-1.11.7/share/julia/base/missing.jl:134;~/.cache/merl-batch/2026-10-03/scratch/653/julia-1.11.7/share/julia/base/promotion.jl:651;~/.cache/merl-batch/2026-10-03/scratch/653/julia-1.11.7/share/julia/base/promotion.jl:494;~/.cache/merl-batch/2026-10-03/scratch/653/julia-1.11.7/share/julia/base/promotion.jl:646;~/.cache/merl-batch/2026-10-03/scratch/653/julia-1.11.7/share/julia/base/operators.jl:499;~/.cache/merl-batch/2026-10-03/scratch/653/julia-1.11.7/share/julia/base/operators.jl:596;~/.cache/merl-batch/2026-10-03/scratch/653/julia-1.11.7/share/julia/base/multidimensional.jl:124;~/.cache/merl-batch/2026-10-03/scratch/653/julia-1.11.7/share/julia/base/math.jl:824;~/.cache/merl-batch/2026-10-03/scratch/653/julia-1.11.7/share/julia/base/math.jl:808		
julia0188	test/grouping.jl:99		
julia0189	~/.cache/merl-batch/2026-10-03/scratch/653/julia-1.11.7/share/julia/base/missing.jl:235		
julia0190	~/.cache/merl-batch/2026-10-03/scratch/653/julia-1.11.7/share/julia/base/boot.jl:383		
julia0191	~/.cache/merl-batch/2026-10-03/scratch/653/julia-1.11.7/share/julia/base/twiceprecision.jl:603;~/.cache/merl-batch/2026-10-03/scratch/653/julia-1.11.7/share/julia/base/twiceprecision.jl:588;~/.cache/merl-batch/2026-10-03/scratch/653/julia-1.11.7/share/julia/base/range.jl:1405;~/.cache/merl-batch/2026-10-03/scratch/653/julia-1.11.7/share/julia/base/reduce.jl:562;~/.cache/merl-batch/2026-10-03/scratch/653/julia-1.11.7/share/julia/base/reducedim.jl:982;~/.cache/merl-batch/2026-10-03/scratch/653/julia-1.11.7/share/julia/base/reducedim.jl:983;~/.cache/merl-batch/2026-10-03/scratch/653/julia-1.11.7/share/julia/base/reduce.jl:532;~/.cache/merl-batch/2026-10-03/scratch/653/julia-1.11.7/share/julia/base/reduce.jl:561;~/.cache/merl-batch/2026-10-03/scratch/653/julia-1.11.7/share/julia/base/gmp.jl:679;~/.cache/merl-batch/2026-10-03/scratch/653/julia-1.11.7/share/julia/base/mpfr.jl:848		
julia0192	test/grouping.jl:99		
julia0193			
julia0194			
julia0195	~/.cache/merl-batch/2026-10-03/scratch/653/julia-1.11.7/share/julia/base/reflection.jl:94;src/other/index.jl:34;src/other/index.jl:571;src/abstractdataframe/abstractdataframe.jl:99;src/abstractdataframe/abstractdataframe.jl:101;src/abstractdataframe/abstractdataframe.jl:108;src/abstractdataframe/abstractdataframe.jl:110;src/dataframerow/dataframerow.jl:267;src/dataframerow/dataframerow.jl:269;src/dataframerow/dataframerow.jl:276;src/dataframerow/dataframerow.jl:278;src/groupeddataframe/groupeddataframe.jl:348;src/groupeddataframe/groupeddataframe.jl:349;src/groupeddataframe/groupeddataframe.jl:655;src/abstractdataframe/iteration.jl:336;src/abstractdataframe/iteration.jl:337		
julia0196	~/.cache/merl-batch/2026-10-03/scratch/653/julia-1.11.7/share/julia/base/Base.jl:1		
julia0197	src/other/broadcasting.jl:222;src/other/broadcasting.jl:230;src/other/broadcasting.jl:232;src/other/broadcasting.jl:282;src/other/broadcasting.jl:375;src/other/broadcasting.jl:379		
julia0198	src/dataframe/dataframe.jl:178;src/dataframe/dataframe.jl:257;src/dataframe/dataframe.jl:259;src/dataframe/dataframe.jl:267;src/dataframe/dataframe.jl:276;src/dataframe/dataframe.jl:291;src/dataframe/dataframe.jl:312;src/dataframe/dataframe.jl:338;src/dataframe/dataframe.jl:355;src/dataframe/dataframe.jl:359;src/dataframe/dataframe.jl:365;src/dataframe/dataframe.jl:369;src/dataframe/dataframe.jl:379;src/dataframe/dataframe.jl:386;src/dataframe/dataframe.jl:390;src/dataframe/dataframe.jl:402;src/dataframe/dataframe.jl:407;src/dataframe/dataframe.jl:412;src/dataframe/dataframe.jl:418;src/subdataframe/subdataframe.jl:309;src/dataframerow/dataframerow.jl:491;src/groupeddataframe/groupeddataframe.jl:352;src/other/tables.jl:48;src/other/tables.jl:67;src/other/tables.jl:74		
julia0199			
julia0200			
julia0201	~/.cache/merl-batch/2026-10-03/scratch/653/julia-1.11.7/share/julia/base/refpointer.jl:143;~/.cache/merl-batch/2026-10-03/scratch/653/julia-1.11.7/share/julia/base/refpointer.jl:171;~/.cache/merl-batch/2026-10-03/scratch/653/julia-1.11.7/share/julia/base/refpointer.jl:148;~/.cache/merl-batch/2026-10-03/scratch/653/julia-1.11.7/share/julia/base/refpointer.jl:147		
julia0202	~/.cache/merl-batch/2026-10-03/scratch/653/julia-1.11.7/share/julia/base/array.jl:647;~/.cache/merl-batch/2026-10-03/scratch/653/julia-1.11.7/share/julia/base/multidimensional.jl:770;~/.cache/merl-batch/2026-10-03/scratch/653/julia-1.11.7/share/julia/base/range.jl:1380;~/.cache/merl-batch/2026-10-03/scratch/653/julia-1.11.7/share/julia/base/array.jl:784;~/.cache/merl-batch/2026-10-03/scratch/653/julia-1.11.7/share/julia/base/array.jl:718;~/.cache/merl-batch/2026-10-03/scratch/653/julia-1.11.7/share/julia/base/array.jl:716;~/.cache/merl-batch/2026-10-03/scratch/653/julia-1.11.7/share/julia/base/multidimensional.jl:600;~/.cache/merl-batch/2026-10-03/scratch/653/julia-1.11.7/share/julia/base/multidimensional.jl:603		
julia0203			
julia0204			
julia0205	~/.cache/merl-batch/2026-10-03/scratch/653/julia-1.11.7/share/julia/base/boot.jl:383		
julia0206	src/groupeddataframe/groupeddataframe.jl:735		
julia0207			
julia0208	src/other/metadata.jl:426;src/other/metadata.jl:436;src/other/metadata.jl:442;src/other/metadata.jl:445;src/other/metadata.jl:448;src/other/metadata.jl:460		
julia0209	src/other/index.jl:13		
julia0210			
julia0211			
julia0212	~/.cache/merl-batch/2026-10-03/scratch/653/julia-1.11.7/share/julia/base/stream.jl:1298;~/.cache/merl-batch/2026-10-03/scratch/653/julia-1.11.7/share/julia/base/reflection.jl:1194;~/.cache/merl-batch/2026-10-03/scratch/653/julia-1.11.7/share/julia/base/process.jl:721;~/.cache/merl-batch/2026-10-03/scratch/653/julia-1.11.7/share/julia/base/terminfo.jl:385;~/.cache/merl-batch/2026-10-03/scratch/653/julia-1.11.7/share/julia/base/reflection.jl:600;~/.cache/merl-batch/2026-10-03/scratch/653/julia-1.11.7/share/julia/base/errorshow.jl:1067;~/.cache/merl-batch/2026-10-03/scratch/653/julia-1.11.7/share/julia/base/deprecated.jl:295;~/.cache/merl-batch/2026-10-03/scratch/653/julia-1.11.7/share/julia/base/essentials.jl:932;~/.cache/merl-batch/2026-10-03/scratch/653/julia-1.11.7/share/julia/base/essentials.jl:959;~/.cache/merl-batch/2026-10-03/scratch/653/julia-1.11.7/share/julia/base/strings/string.jl:496;~/.cache/merl-batch/2026-10-03/scratch/653/julia-1.11.7/share/julia/base/strings/string.jl:460;~/.cache/merl-batch/2026-10-03/scratch/653/julia-1.11.7/share/julia/base/strings/string.jl:494;~/.cache/merl-batch/2026-10-03/scratch/653/julia-1.11.7/share/julia/base/terminfo.jl:224;~/.cache/merl-batch/2026-10-03/scratch/653/julia-1.11.7/share/julia/base/env.jl:164;~/.cache/merl-batch/2026-10-03/scratch/653/julia-1.11.7/share/julia/base/array.jl:423;~/.cache/merl-batch/2026-10-03/scratch/653/julia-1.11.7/share/julia/base/array.jl:415;~/.cache/merl-batch/2026-10-03/scratch/653/julia-1.11.7/share/julia/base/array.jl:397;~/.cache/merl-batch/2026-10-03/scratch/653/julia-1.11.7/share/julia/base/reshapedarray.jl:263;~/.cache/merl-batch/2026-10-03/scratch/653/julia-1.11.7/share/julia/base/reshapedarray.jl:259;~/.cache/merl-batch/2026-10-03/scratch/653/julia-1.11.7/share/julia/base/reshapedarray.jl:253;~/.cache/merl-batch/2026-10-03/scratch/653/julia-1.11.7/share/julia/base/iddict.jl:96;~/.cache/merl-batch/2026-10-03/scratch/653/julia-1.11.7/share/julia/base/abstractdict.jl:555;~/.cache/merl-batch/2026-10-03/scratch/653/julia-1.11.7/share/julia/base/dict.jl:820;~/.cache/merl-batch/2026-10-03/scratch/653/julia-1.11.7/share/julia/base/weakkeydict.jl:177;~/.cache/merl-batch/2026-10-03/scratch/653/julia-1.11.7/share/julia/base/dict.jl:475;~/.cache/merl-batch/2026-10-03/scratch/653/julia-1.11.7/share/julia/base/dict.jl:992;~/.cache/merl-batch/2026-10-03/scratch/653/julia-1.11.7/share/julia/base/abstractdict.jl:545;~/.cache/merl-batch/2026-10-03/scratch/653/julia-1.11.7/share/julia/base/reinterpretarray.jl:417;~/.cache/merl-batch/2026-10-03/scratch/653/julia-1.11.7/share/julia/base/reinterpretarray.jl:378;~/.cache/merl-batch/2026-10-03/scratch/653/julia-1.11.7/share/julia/base/reinterpretarray.jl:393;~/.cache/merl-batch/2026-10-03/scratch/653/julia-1.11.7/share/julia/base/reinterpretarray.jl:399;~/.cache/merl-batch/2026-10-03/scratch/653/julia-1.11.7/share/julia/base/reinterpretarray.jl:405;~/.cache/merl-batch/2026-10-03/scratch/653/julia-1.11.7/share/julia/base/range.jl:1069;~/.cache/merl-batch/2026-10-03/scratch/653/julia-1.11.7/share/julia/base/lock.jl:328;~/.cache/merl-batch/2026-10-03/scratch/653/julia-1.11.7/share/julia/base/indices.jl:428;~/.cache/merl-batch/2026-10-03/scratch/653/julia-1.11.7/share/julia/base/indices.jl:399;~/.cache/merl-batch/2026-10-03/scratch/653/julia-1.11.7/share/julia/base/range.jl:992;~/.cache/merl-batch/2026-10-03/scratch/653/julia-1.11.7/share/julia/base/indices.jl:427;~/.cache/merl-batch/2026-10-03/scratch/653/julia-1.11.7/share/julia/base/indices.jl:434;~/.cache/merl-batch/2026-10-03/scratch/653/julia-1.11.7/share/julia/base/range.jl:986;~/.cache/merl-batch/2026-10-03/scratch/653/julia-1.11.7/share/julia/base/indices.jl:398;~/.cache/merl-batch/2026-10-03/scratch/653/julia-1.11.7/share/julia/base/range.jl:971;~/.cache/merl-batch/2026-10-03/scratch/653/julia-1.11.7/share/julia/base/show.jl:426;~/.cache/merl-batch/2026-10-03/scratch/653/julia-1.11.7/share/julia/base/refvalue.jl:59;~/.cache/merl-batch/2026-10-03/scratch/653/julia-1.11.7/share/julia/base/reinterpretarray.jl:284;~/.cache/merl-batch/2026-10-03/scratch/653/julia-1.11.7/share/julia/base/multidimensional.jl:908;~/.cache/merl-batch/2026-10-03/scratch/653/julia-1.11.7/share/julia/base/tuple.jl:36;~/.cache/merl-batch/2026-10-03/scratch/653/julia-1.11.7/share/julia/base/tuple.jl:31;~/.cache/merl-batch/2026-10-03/scratch/653/julia-1.11.7/share/julia/base/tuple.jl:32;~/.cache/merl-batch/2026-10-03/scratch/653/julia-1.11.7/share/julia/base/deprecated.jl:103;~/.cache/merl-batch/2026-10-03/scratch/653/julia-1.11.7/share/julia/base/range.jl:430;~/.cache/merl-batch/2026-10-03/scratch/653/julia-1.11.7/share/julia/base/tuple.jl:35;~/.cache/merl-batch/2026-10-03/scratch/653/julia-1.11.7/share/julia/base/tuple.jl:34;~/.cache/merl-batch/2026-10-03/scratch/653/julia-1.11.7/share/julia/base/strings/annotated.jl:161;~/.cache/merl-batch/2026-10-03/scratch/653/julia-1.11.7/share/julia/base/genericmemory.jl:238;~/.cache/merl-batch/2026-10-03/scratch/653/julia-1.11.7/share/julia/base/genericmemory.jl:236;~/.cache/merl-batch/2026-10-03/scratch/653/julia-1.11.7/share/julia/base/genericmemory.jl:224;~/.cache/merl-batch/2026-10-03/scratch/653/julia-1.11.7/share/julia/base/essentials.jl:398;~/.cache/merl-batch/2026-10-03/scratch/653/julia-1.11.7/share/julia/base/indices.jl:426;~/.cache/merl-batch/2026-10-03/scratch/653/julia-1.11.7/share/julia/base/indices.jl:397;~/.cache/merl-batch/2026-10-03/scratch/653/julia-1.11.7/share/julia/base/array.jl:3073;~/.cache/merl-batch/2026-10-03/scratch/653/julia-1.11.7/share/julia/base/range.jl:969;~/.cache/merl-batch/2026-10-03/scratch/653/julia-1.11.7/share/julia/base/missing.jl:258;~/.cache/merl-batch/2026-10-03/scratch/653/julia-1.11.7/share/julia/base/strings/substring.jl:303;~/.cache/merl-batch/2026-10-03/scratch/653/julia-1.11.7/share/julia/base/strings/basic.jl:194;~/.cache/merl-batch/2026-10-03/scratch/653/julia-1.11.7/share/julia/base/strings/basic.jl:192;~/.cache/merl-batch/2026-10-03/scratch/653/julia-1.11.7/share/julia/base/strings/basic.jl:189;~/.cache/merl-batch/2026-10-03/scratch/653/julia-1.11.7/share/julia/base/strings/substring.jl:99;~/.cache/merl-batch/2026-10-03/scratch/653/julia-1.11.7/share/julia/base/strings/basic.jl:184;~/.cache/merl-batch/2026-10-03/scratch/653/julia-1.11.7/share/julia/base/pair.jl:51;~/.cache/merl-batch/2026-10-03/scratch/653/julia-1.11.7/share/julia/base/pair.jl:52;~/.cache/merl-batch/2026-10-03/scratch/653/julia-1.11.7/share/julia/base/twiceprecision.jl:494;~/.cache/merl-batch/2026-10-03/scratch/653/julia-1.11.7/share/julia/base/range.jl:1034;~/.cache/merl-batch/2026-10-03/scratch/653/julia-1.11.7/share/julia/base/multidimensional.jl:1952;~/.cache/merl-batch/2026-10-03/scratch/653/julia-1.11.7/share/julia/base/number.jl:96;~/.cache/merl-batch/2026-10-03/scratch/653/julia-1.11.7/share/julia/base/number.jl:95;~/.cache/merl-batch/2026-10-03/scratch/653/julia-1.11.7/share/julia/base/number.jl:101;~/.cache/merl-batch/2026-10-03/scratch/653/julia-1.11.7/share/julia/base/array.jl:948;~/.cache/merl-batch/2026-10-03/scratch/653/julia-1.11.7/share/julia/base/essentials.jl:914;~/.cache/merl-batch/2026-10-03/scratch/653/julia-1.11.7/share/julia/base/array.jl:927;~/.cache/merl-batch/2026-10-03/scratch/653/julia-1.11.7/share/julia/base/array.jl:946;~/.cache/merl-batch/2026-10-03/scratch/653/julia-1.11.7/share/julia/base/array.jl:934;~/.cache/merl-batch/2026-10-03/scratch/653/julia-1.11.7/share/julia/base/array.jl:958;~/.cache/merl-batch/2026-10-03/scratch/653/julia-1.11.7/share/julia/base/abstractarray.jl:1315;~/.cache/merl-batch/2026-10-03/scratch/653/julia-1.11.7/share/julia/base/multidimensional.jl:702;~/.cache/merl-batch/2026-10-03/scratch/653/julia-1.11.7/share/julia/base/range.jl:1651;~/.cache/merl-batch/2026-10-03/scratch/653/julia-1.11.7/share/julia/base/char.jl:203;~/.cache/merl-batch/2026-10-03/scratch/653/julia-1.11.7/share/julia/base/char.jl:202;~/.cache/merl-batch/2026-10-03/scratch/653/julia-1.11.7/share/julia/base/char.jl:204;~/.cache/merl-batch/2026-10-03/scratch/653/julia-1.11.7/share/julia/base/essentials.jl:400;~/.cache/merl-batch/2026-10-03/scratch/653/julia-1.11.7/share/julia/base/bitarray.jl:680;~/.cache/merl-batch/2026-10-03/scratch/653/julia-1.11.7/share/julia/base/regex.jl:282;~/.cache/merl-batch/2026-10-03/scratch/653/julia-1.11.7/share/julia/base/regex.jl:281;~/.cache/merl-batch/2026-10-03/scratch/653/julia-1.11.7/share/julia/base/strings/basic.jl:802;~/.cache/merl-batch/2026-10-03/scratch/653/julia-1.11.7/share/julia/base/indices.jl:521;~/.cache/merl-batch/2026-10-03/scratch/653/julia-1.11.7/share/julia/base/indices.jl:516;~/.cache/merl-batch/2026-10-03/scratch/653/julia-1.11.7/share/julia/base/subarray.jl:366;~/.cache/merl-batch/2026-10-03/scratch/653/julia-1.11.7/share/julia/base/subarray.jl:359;~/.cache/merl-batch/2026-10-03/scratch/653/julia-1.11.7/share/julia/base/subarray.jl:340;~/.cache/merl-batch/2026-10-03/scratch/653/julia-1.11.7/share/julia/base/subarray.jl:331;~/.cache/merl-batch/2026-10-03/scratch/653/julia-1.11.7/share/julia/base/subarray.jl:317;~/.cache/merl-batch/2026-10-03/scratch/653/julia-1.11.7/share/julia/base/namedtuple.jl:171;~/.cache/merl-batch/2026-10-03/scratch/653/julia-1.11.7/share/julia/base/namedtuple.jl:170;~/.cache/merl-batch/2026-10-03/scratch/653/julia-1.11.7/share/julia/base/namedtuple.jl:169;~/.cache/merl-batch/2026-10-03/scratch/653/julia-1.11.7/share/julia/base/namedtuple.jl:168;~/.cache/merl-batch/2026-10-03/scratch/653/julia-1.11.7/share/julia/base/namedtuple.jl:167;~/.cache/merl-batch/2026-10-03/scratch/653/julia-1.11.7/share/julia/base/show.jl:427;~/.cache/merl-batch/2026-10-03/scratch/653/julia-1.11.7/share/julia/base/slicearray.jl:236;~/.cache/merl-batch/2026-10-03/scratch/653/julia-1.11.7/share/julia/base/range.jl:1009;~/.cache/merl-batch/2026-10-03/scratch/653/julia-1.11.7/share/julia/base/abstractarray.jl:1309;~/.cache/merl-batch/2026-10-03/scratch/653/julia-1.11.7/share/julia/base/refpointer.jl:191;~/.cache/merl-batch/2026-10-03/scratch/653/julia-1.11.7/share/julia/base/multidimensional.jl:907;~/.cache/merl-batch/2026-10-03/scratch/653/depot/packages/InlineStrings/3hOt5/src/InlineStrings.jl:395;~/.cache/merl-batch/2026-10-03/scratch/653/depot/packages/InlineStrings/3hOt5/src/InlineStrings.jl:393;~/.cache/merl-batch/2026-10-03/scratch/653/depot/packages/InlineStrings/3hOt5/src/InlineStrings.jl:753;~/.cache/merl-batch/2026-10-03/scratch/653/depot/packages/Missings/MBhnW/src/Missings.jl:358;~/.cache/merl-batch/2026-10-03/scratch/653/depot/packages/Missings/MBhnW/src/Missings.jl:172;~/.cache/merl-batch/2026-10-03/scratch/653/depot/packages/Missings/MBhnW/src/Missings.jl:110;~/.cache/merl-batch/2026-10-03/scratch/653/julia-1.11.7/share/julia/stdlib/v1.11/Markdown/src/parse/parse.jl:33;~/.cache/merl-batch/2026-10-03/scratch/653/depot/packages/PooledArrays/Vy2X0/src/PooledArrays.jl:523;~/.cache/merl-batch/2026-10-03/scratch/653/depot/packages/PooledArrays/Vy2X0/src/PooledArrays.jl:532;~/.cache/merl-batch/2026-10-03/scratch/653/depot/packages/SentinelArrays/YQPM3/src/missingvector.jl:10;~/.cache/merl-batch/2026-10-03/scratch/653/depot/packages/SentinelArrays/YQPM3/src/chainedvector.jl:266;~/.cache/merl-batch/2026-10-03/scratch/653/depot/packages/SentinelArrays/YQPM3/src/chainedvector.jl:97;~/.cache/merl-batch/2026-10-03/scratch/653/depot/packages/SentinelArrays/YQPM3/src/chainedvector.jl:187;~/.cache/merl-batch/2026-10-03/scratch/653/depot/packages/SentinelArrays/YQPM3/src/chainedvector.jl:150;~/.cache/merl-batch/2026-10-03/scratch/653/depot/packages/SentinelArrays/YQPM3/src/chainedvector.jl:277;~/.cache/merl-batch/2026-10-03/scratch/653/depot/packages/SentinelArrays/YQPM3/src/SentinelArrays.jl:189;~/.cache/merl-batch/2026-10-03/scratch/653/depot/packages/SentinelArrays/YQPM3/src/chainedvector.jl:259;~/.cache/merl-batch/2026-10-03/scratch/653/depot/packages/SentinelArrays/YQPM3/src/BufferedVectors.jl:20;~/.cache/merl-batch/2026-10-03/scratch/653/julia-1.11.7/share/julia/stdlib/v1.11/Random/src/Random.jl:185;~/.cache/merl-batch/2026-10-03/scratch/653/julia-1.11.7/share/julia/stdlib/v1.11/Random/src/RNGs.jl:522;~/.cache/merl-batch/2026-10-03/scratch/653/julia-1.11.7/share/julia/stdlib/v1.11/Random/src/Random.jl:203;~/.cache/merl-batch/2026-10-03/scratch/653/julia-1.11.7/share/julia/stdlib/v1.11/Random/src/Random.jl:166;~/.cache/merl-batch/2026-10-03/scratch/653/depot/packages/Tables/qGyu7/src/fallbacks.jl:194;~/.cache/merl-batch/2026-10-03/scratch/653/depot/packages/Tables/qGyu7/src/Tables.jl:184;~/.cache/merl-batch/2026-10-03/scratch/653/depot/packages/Tables/qGyu7/src/Tables.jl:185;~/.cache/merl-batch/2026-10-03/scratch/653/depot/packages/PrettyTables/4jZ8K/src/types.jl:509;~/.cache/merl-batch/2026-10-03/scratch/653/depot/packages/PrettyTables/4jZ8K/src/tables.jl:181;~/.cache/merl-batch/2026-10-03/scratch/653/depot/packages/PrettyTables/4jZ8K/src/tables.jl:205;~/.cache/merl-batch/2026-10-03/scratch/653/depot/packages/PrettyTables/4jZ8K/src/tables.jl:31;~/.cache/merl-batch/2026-10-03/scratch/653/depot/packages/PrettyTables/4jZ8K/src/tables.jl:44;~/.cache/merl-batch/2026-10-03/scratch/653/depot/packages/InvertedIndices/jfcUx/src/InvertedIndices.jl:90;~/.cache/merl-batch/2026-10-03/scratch/653/depot/packages/InvertedIndices/jfcUx/src/InvertedIndices.jl:191;~/.cache/merl-batch/2026-10-03/scratch/653/depot/packages/InvertedIndices/jfcUx/src/InvertedIndices.jl:229;~/.cache/merl-batch/2026-10-03/scratch/653/depot/packages/InvertedIndices/jfcUx/src/InvertedIndices.jl:231;~/.cache/merl-batch/2026-10-03/scratch/653/depot/packages/InvertedIndices/jfcUx/src/InvertedIndices.jl:233;~/.cache/merl-batch/2026-10-03/scratch/653/julia-1.11.7/share/julia/base/binaryplatforms.jl:151;~/.cache/merl-batch/2026-10-03/scratch/653/julia-1.11.7/share/julia/base/permuteddimsarray.jl:68;~/.cache/merl-batch/2026-10-03/scratch/653/julia-1.11.7/share/julia/base/multidimensional.jl:396;~/.cache/merl-batch/2026-10-03/scratch/653/julia-1.11.7/share/julia/base/multidimensional.jl:392;~/.cache/merl-batch/2026-10-03/scratch/653/julia-1.11.7/share/julia/base/multidimensional.jl:368;~/.cache/merl-batch/2026-10-03/scratch/653/julia-1.11.7/share/julia/base/multidimensional.jl:384;~/.cache/merl-batch/2026-10-03/scratch/653/julia-1.11.7/share/julia/base/multidimensional.jl:371;~/.cache/merl-batch/2026-10-03/scratch/653/julia-1.11.7/share/julia/base/multidimensional.jl:99;~/.cache/merl-batch/2026-10-03/scratch/653/julia-1.11.7/share/julia/base/scopedvalues.jl:167;~/.cache/merl-batch/2026-10-03/scratch/653/julia-1.11.7/share/julia/base/broadcast.jl:607;~/.cache/merl-batch/2026-10-03/scratch/653/julia-1.11.7/share/julia/base/show.jl:2827;~/.cache/merl-batch/2026-10-03/scratch/653/julia-1.11.7/share/julia/base/show.jl:2825;~/.cache/merl-batch/2026-10-03/scratch/653/julia-1.11.7/share/julia/base/show.jl:2826;~/.cache/merl-batch/2026-10-03/scratch/653/julia-1.11.7/share/julia/base/show.jl:2819;~/.cache/merl-batch/2026-10-03/scratch/653/julia-1.11.7/share/julia/base/experimental.jl:31;~/.cache/merl-batch/2026-10-03/scratch/653/julia-1.11.7/share/julia/base/iterators.jl:324;~/.cache/merl-batch/2026-10-03/scratch/653/julia-1.11.7/share/julia/base/sort.jl:590;~/.cache/merl-batch/2026-10-03/scratch/653/julia-1.11.7/share/julia/base/atomics.jl:365;~/.cache/merl-batch/2026-10-03/scratch/653/julia-1.11.7/share/julia/stdlib/v1.11/LinearAlgebra/src/tridiag.jl:448;~/.cache/merl-batch/2026-10-03/scratch/653/julia-1.11.7/share/julia/stdlib/v1.11/LinearAlgebra/src/tridiag.jl:680;~/.cache/merl-batch/2026-10-03/scratch/653/julia-1.11.7/share/julia/stdlib/v1.11/LinearAlgebra/src/diagonal.jl:176;~/.cache/merl-batch/2026-10-03/scratch/653/julia-1.11.7/share/julia/stdlib/v1.11/LinearAlgebra/src/triangular.jl:282;~/.cache/merl-batch/2026-10-03/scratch/653/julia-1.11.7/share/julia/stdlib/v1.11/LinearAlgebra/src/givens.jl:335;~/.cache/merl-batch/2026-10-03/scratch/653/julia-1.11.7/share/julia/stdlib/v1.11/LinearAlgebra/src/symmetric.jl:246;~/.cache/merl-batch/2026-10-03/scratch/653/julia-1.11.7/share/julia/stdlib/v1.11/LinearAlgebra/src/triangular.jl:280;~/.cache/merl-batch/2026-10-03/scratch/653/julia-1.11.7/share/julia/stdlib/v1.11/LinearAlgebra/src/bidiag.jl:159;~/.cache/merl-batch/2026-10-03/scratch/653/julia-1.11.7/share/julia/stdlib/v1.11/LinearAlgebra/src/abstractq.jl:95;~/.cache/merl-batch/2026-10-03/scratch/653/julia-1.11.7/share/julia/stdlib/v1.11/LinearAlgebra/src/abstractq.jl:94;~/.cache/merl-batch/2026-10-03/scratch/653/julia-1.11.7/share/julia/stdlib/v1.11/LinearAlgebra/src/abstractq.jl:90;~/.cache/merl-batch/2026-10-03/scratch/653/julia-1.11.7/share/julia/stdlib/v1.11/LinearAlgebra/src/hessenberg.jl:87;~/.cache/merl-batch/2026-10-03/scratch/653/julia-1.11.7/share/julia/stdlib/v1.11/LinearAlgebra/src/triangular.jl:284;~/.cache/merl-batch/2026-10-03/scratch/653/julia-1.11.7/share/julia/stdlib/v1.11/LinearAlgebra/src/triangular.jl:286;~/.cache/merl-batch/2026-10-03/scratch/653/julia-1.11.7/share/julia/stdlib/v1.11/LinearAlgebra/src/symmetric.jl:236;~/.cache/merl-batch/2026-10-03/scratch/653/julia-1.11.7/share/julia/stdlib/v1.11/LinearAlgebra/src/adjtrans.jl:339;~/.cache/merl-batch/2026-10-03/scratch/653/julia-1.11.7/share/julia/stdlib/v1.11/LinearAlgebra/src/adjtrans.jl:338;~/.cache/merl-batch/2026-10-03/scratch/653/julia-1.11.7/share/julia/stdlib/v1.11/LinearAlgebra/src/adjtrans.jl:334;~/.cache/merl-batch/2026-10-03/scratch/653/julia-1.11.7/share/julia/stdlib/v1.11/LinearAlgebra/src/adjtrans.jl:333;~/.cache/merl-batch/2026-10-03/scratch/653/julia-1.11.7/share/julia/stdlib/v1.11/LinearAlgebra/src/uniformscaling.jl:102;~/.cache/merl-batch/2026-10-03/scratch/653/julia-1.11.7/share/julia/stdlib/v1.11/LinearAlgebra/src/uniformscaling.jl:92;~/.cache/merl-batch/2026-10-03/scratch/653/julia-1.11.7/share/julia/stdlib/v1.11/LinearAlgebra/src/uniformscaling.jl:91;~/.cache/merl-batch/2026-10-03/scratch/653/julia-1.11.7/share/julia/stdlib/v1.11/LinearAlgebra/src/uniformscaling.jl:89;src/other/index.jl:183;src/other/index.jl:186;src/other/index.jl:189;src/other/index.jl:196;src/other/index.jl:209;src/other/index.jl:222;src/other/index.jl:224;src/other/index.jl:225;src/other/index.jl:228;src/other/index.jl:234;src/other/index.jl:236;src/other/index.jl:237;src/other/index.jl:245;src/other/index.jl:250;src/other/index.jl:258;src/other/index.jl:261;src/other/index.jl:267;src/other/index.jl:294;src/other/index.jl:440;src/other/index.jl:441;src/other/index.jl:443;src/other/index.jl:590;src/other/index.jl:591;src/other/index.jl:593;src/abstractdataframe/abstractdataframe.jl:2238;src/dataframe/dataframe.jl:508;src/dataframe/dataframe.jl:522;src/dataframe/dataframe.jl:532;src/dataframe/dataframe.jl:540;src/dataframe/dataframe.jl:544;src/dataframe/dataframe.jl:550;src/dataframe/dataframe.jl:558;src/dataframe/dataframe.jl:581;src/dataframe/dataframe.jl:607;src/dataframe/dataframe.jl:625;src/dataframe/dataframe.jl:629;src/dataframe/dataframe.jl:633;src/subdataframe/subdataframe.jl:166;src/subdataframe/subdataframe.jl:168;src/subdataframe/subdataframe.jl:170;src/subdataframe/subdataframe.jl:173;src/subdataframe/subdataframe.jl:175;src/subdataframe/subdataframe.jl:178;src/subdataframe/subdataframe.jl:185;src/subdataframe/subdataframe.jl:188;src/dataframerow/dataframerow.jl:207;src/dataframerow/dataframerow.jl:210;src/dataframerow/dataframerow.jl:212;src/dataframerow/dataframerow.jl:215;src/dataframerow/dataframerow.jl:225;src/groupeddataframe/groupeddataframe.jl:577;src/groupeddataframe/groupeddataframe.jl:581;src/groupeddataframe/groupeddataframe.jl:600;src/groupeddataframe/groupeddataframe.jl:669;src/groupeddataframe/groupeddataframe.jl:672;src/groupeddataframe/groupeddataframe.jl:680;src/groupeddataframe/groupeddataframe.jl:776;src/groupeddataframe/groupeddataframe.jl:789;src/groupeddataframe/utils.jl:103;src/groupeddataframe/utils.jl:125;src/other/broadcasting.jl:3;src/abstractdataframe/iteration.jl:83;src/abstractdataframe/iteration.jl:84;src/abstractdataframe/iteration.jl:85;src/abstractdataframe/iteration.jl:265;src/abstractdataframe/iteration.jl:267;src/abstractdataframe/iteration.jl:269;src/abstractdataframe/reshape.jl:673;src/abstractdataframe/reshape.jl:731;src/join/core.jl:31		
julia0213	src/dataframe/insertion.jl:824		
julia0214	test/broadcasting.jl:833		
julia0215	~/.cache/merl-batch/2026-10-03/scratch/653/julia-1.11.7/share/julia/base/process.jl:716;~/.cache/merl-batch/2026-10-03/scratch/653/julia-1.11.7/share/julia/base/terminfo.jl:232;~/.cache/merl-batch/2026-10-03/scratch/653/julia-1.11.7/share/julia/base/essentials.jl:944;~/.cache/merl-batch/2026-10-03/scratch/653/julia-1.11.7/share/julia/base/missing.jl:256;~/.cache/merl-batch/2026-10-03/scratch/653/julia-1.11.7/share/julia/base/strings/basic.jl:588;~/.cache/merl-batch/2026-10-03/scratch/653/julia-1.11.7/share/julia/base/show.jl:430;~/.cache/merl-batch/2026-10-03/scratch/653/julia-1.11.7/share/julia/base/show.jl:431;~/.cache/merl-batch/2026-10-03/scratch/653/julia-1.11.7/share/julia/base/generator.jl:55;~/.cache/merl-batch/2026-10-03/scratch/653/julia-1.11.7/share/julia/base/abstractarray.jl:404;~/.cache/merl-batch/2026-10-03/scratch/653/julia-1.11.7/share/julia/base/namedtuple.jl:385;~/.cache/merl-batch/2026-10-03/scratch/653/julia-1.11.7/share/julia/base/regex.jl:255;~/.cache/merl-batch/2026-10-03/scratch/653/julia-1.11.7/share/julia/base/abstractarray.jl:166;~/.cache/merl-batch/2026-10-03/scratch/653/julia-1.11.7/share/julia/base/abstractarray.jl:165;~/.cache/merl-batch/2026-10-03/scratch/653/julia-1.11.7/share/julia/base/tuple.jl:74;~/.cache/merl-batch/2026-10-03/scratch/653/julia-1.11.7/share/julia/base/tuple.jl:147;~/.cache/merl-batch/2026-10-03/scratch/653/julia-1.11.7/share/julia/base/abstractdict.jl:107;~/.cache/merl-batch/2026-10-03/scratch/653/julia-1.11.7/share/julia/base/number.jl:93;~/.cache/merl-batch/2026-10-03/scratch/653/depot/packages/Missings/MBhnW/src/Missings.jl:94;~/.cache/merl-batch/2026-10-03/scratch/653/depot/packages/Missings/MBhnW/src/Missings.jl:352;~/.cache/merl-batch/2026-10-03/scratch/653/depot/packages/Missings/MBhnW/src/Missings.jl:154;~/.cache/merl-batch/2026-10-03/scratch/653/depot/packages/Tables/qGyu7/src/Tables.jl:189;~/.cache/merl-batch/2026-10-03/scratch/653/julia-1.11.7/share/julia/base/iterators.jl:322;src/dataframerow/dataframerow.jl:413;src/groupeddataframe/groupeddataframe.jl:574;src/groupeddataframe/groupeddataframe.jl:658;src/groupeddataframe/groupeddataframe.jl:1011;src/abstractdataframe/iteration.jl:295		
julia0216	src/dataframe/dataframe.jl:178;src/dataframe/dataframe.jl:193;src/dataframe/dataframe.jl:257;src/dataframe/dataframe.jl:259;src/dataframe/dataframe.jl:267;src/dataframe/dataframe.jl:276;src/dataframe/dataframe.jl:291;src/dataframe/dataframe.jl:312;src/dataframe/dataframe.jl:338;src/dataframe/dataframe.jl:355;src/dataframe/dataframe.jl:359;src/dataframe/dataframe.jl:365;src/dataframe/dataframe.jl:369;src/dataframe/dataframe.jl:379;src/dataframe/dataframe.jl:386;src/dataframe/dataframe.jl:390;src/dataframe/dataframe.jl:402;src/dataframe/dataframe.jl:407;src/dataframe/dataframe.jl:412;src/dataframe/dataframe.jl:418		
julia0217	src/groupeddataframe/fastaggregates.jl:34;src/groupeddataframe/fastaggregates.jl:38		
julia0218	test/grouping.jl:1422		
julia0219			
julia0220	~/.cache/merl-batch/2026-10-03/scratch/653/julia-1.11.7/share/julia/stdlib/v1.11/LinearAlgebra/src/hessenberg.jl:494;~/.cache/merl-batch/2026-10-03/scratch/653/julia-1.11.7/share/julia/stdlib/v1.11/LinearAlgebra/src/cholesky.jl:499;~/.cache/merl-batch/2026-10-03/scratch/653/julia-1.11.7/share/julia/stdlib/v1.11/LinearAlgebra/src/lu.jl:832;~/.cache/merl-batch/2026-10-03/scratch/653/julia-1.11.7/share/julia/stdlib/v1.11/LinearAlgebra/src/lu.jl:793;~/.cache/merl-batch/2026-10-03/scratch/653/julia-1.11.7/share/julia/stdlib/v1.11/LinearAlgebra/src/qr.jl:455;~/.cache/merl-batch/2026-10-03/scratch/653/julia-1.11.7/share/julia/stdlib/v1.11/LinearAlgebra/src/lq.jl:123;~/.cache/merl-batch/2026-10-03/scratch/653/julia-1.11.7/share/julia/stdlib/v1.11/LinearAlgebra/src/eigen.jl:675;~/.cache/merl-batch/2026-10-03/scratch/653/julia-1.11.7/share/julia/stdlib/v1.11/LinearAlgebra/src/cholesky.jl:508;~/.cache/merl-batch/2026-10-03/scratch/653/julia-1.11.7/share/julia/stdlib/v1.11/LinearAlgebra/src/svd.jl:575;~/.cache/merl-batch/2026-10-03/scratch/653/julia-1.11.7/share/julia/stdlib/v1.11/LinearAlgebra/src/schur.jl:444;~/.cache/merl-batch/2026-10-03/scratch/653/julia-1.11.7/share/julia/stdlib/v1.11/LinearAlgebra/src/ldlt.jl:222;~/.cache/merl-batch/2026-10-03/scratch/653/julia-1.11.7/share/julia/stdlib/v1.11/LinearAlgebra/src/qr.jl:448		
julia0221	src/groupeddataframe/groupeddataframe.jl:39		
julia0222	~/.cache/merl-batch/2026-10-03/scratch/653/julia-1.11.7/share/julia/base/bitarray.jl:1029;~/.cache/merl-batch/2026-10-03/scratch/653/julia-1.11.7/share/julia/base/bitarray.jl:953;~/.cache/merl-batch/2026-10-03/scratch/653/julia-1.11.7/share/julia/base/bitarray.jl:962;~/.cache/merl-batch/2026-10-03/scratch/653/julia-1.11.7/share/julia/base/bitarray.jl:986;~/.cache/merl-batch/2026-10-03/scratch/653/julia-1.11.7/share/julia/base/array.jl:1771;~/.cache/merl-batch/2026-10-03/scratch/653/julia-1.11.7/share/julia/base/array.jl:1777;~/.cache/merl-batch/2026-10-03/scratch/653/julia-1.11.7/share/julia/base/array.jl:1878;~/.cache/merl-batch/2026-10-03/scratch/653/julia-1.11.7/share/julia/base/array.jl:1819;~/.cache/merl-batch/2026-10-03/scratch/653/julia-1.11.7/share/julia/base/array.jl:1818;~/.cache/merl-batch/2026-10-03/scratch/653/depot/packages/PooledArrays/Vy2X0/src/PooledArrays.jl:632;~/.cache/merl-batch/2026-10-03/scratch/653/depot/packages/SentinelArrays/YQPM3/src/missingvector.jl:51;~/.cache/merl-batch/2026-10-03/scratch/653/depot/packages/SentinelArrays/YQPM3/src/missingvector.jl:64;~/.cache/merl-batch/2026-10-03/scratch/653/depot/packages/SentinelArrays/YQPM3/src/missingvector.jl:57;~/.cache/merl-batch/2026-10-03/scratch/653/depot/packages/SentinelArrays/YQPM3/src/chainedvector.jl:567;~/.cache/merl-batch/2026-10-03/scratch/653/depot/packages/SentinelArrays/YQPM3/src/chainedvector.jl:626;~/.cache/merl-batch/2026-10-03/scratch/653/depot/packages/SentinelArrays/YQPM3/src/chainedvector.jl:579;~/.cache/merl-batch/2026-10-03/scratch/653/depot/packages/SentinelArrays/YQPM3/src/SentinelArrays.jl:264;src/dataframe/dataframe.jl:858;src/dataframe/dataframe.jl:860;src/dataframe/dataframe.jl:866;src/dataframe/dataframe.jl:889;src/dataframe/dataframe.jl:896;src/subdataframe/subdataframe.jl:306		
julia0223			
julia0224	src/other/broadcasting.jl:222;src/other/broadcasting.jl:230;src/other/broadcasting.jl:232;src/other/broadcasting.jl:282;src/other/broadcasting.jl:375;src/other/broadcasting.jl:379		
julia0225	src/dataframe/dataframe.jl:178;src/dataframe/dataframe.jl:257;src/dataframe/dataframe.jl:259;src/dataframe/dataframe.jl:267;src/dataframe/dataframe.jl:276;src/dataframe/dataframe.jl:291;src/dataframe/dataframe.jl:312;src/dataframe/dataframe.jl:338;src/dataframe/dataframe.jl:355;src/dataframe/dataframe.jl:359;src/dataframe/dataframe.jl:365;src/dataframe/dataframe.jl:369;src/dataframe/dataframe.jl:379;src/dataframe/dataframe.jl:386;src/dataframe/dataframe.jl:390;src/dataframe/dataframe.jl:402;src/dataframe/dataframe.jl:407;src/dataframe/dataframe.jl:412;src/dataframe/dataframe.jl:418;src/subdataframe/subdataframe.jl:309;src/dataframerow/dataframerow.jl:491;src/groupeddataframe/groupeddataframe.jl:352;src/other/tables.jl:48;src/other/tables.jl:67;src/other/tables.jl:74		
julia0226	~/.cache/merl-batch/2026-10-03/scratch/653/julia-1.11.7/share/julia/base/Broadcast.jl:1		
julia0227			
julia0228	src/abstractdataframe/selection.jl:1690;src/abstractdataframe/selection.jl:1695;src/abstractdataframe/selection.jl:1703;src/groupeddataframe/splitapplycombine.jl:844;src/groupeddataframe/splitapplycombine.jl:854;src/groupeddataframe/splitapplycombine.jl:861		
julia0229	~/.cache/merl-batch/2026-10-03/scratch/653/julia-1.11.7/share/julia/base/boot.jl:926;~/.cache/merl-batch/2026-10-03/scratch/653/julia-1.11.7/share/julia/base/boot.jl:925;~/.cache/merl-batch/2026-10-03/scratch/653/julia-1.11.7/share/julia/base/boot.jl:900;~/.cache/merl-batch/2026-10-03/scratch/653/julia-1.11.7/share/julia/base/rational.jl:151;~/.cache/merl-batch/2026-10-03/scratch/653/julia-1.11.7/share/julia/base/complex.jl:44;~/.cache/merl-batch/2026-10-03/scratch/653/julia-1.11.7/share/julia/base/twiceprecision.jl:265;~/.cache/merl-batch/2026-10-03/scratch/653/julia-1.11.7/share/julia/base/char.jl:50;~/.cache/merl-batch/2026-10-03/scratch/653/julia-1.11.7/share/julia/base/Enums.jl:19;~/.cache/merl-batch/2026-10-03/scratch/653/julia-1.11.7/share/julia/base/mpfr.jl:403		
julia0230			
julia0231	~/.cache/merl-batch/2026-10-03/scratch/653/julia-1.11.7/share/julia/base/boot.jl:383		
julia0232	~/.cache/merl-batch/2026-10-03/scratch/653/julia-1.11.7/share/julia/base/subarray.jl:80;~/.cache/merl-batch/2026-10-03/scratch/653/julia-1.11.7/share/julia/base/slicearray.jl:245;~/.cache/merl-batch/2026-10-03/scratch/653/julia-1.11.7/share/julia/base/strings/substring.jl:115;~/.cache/merl-batch/2026-10-03/scratch/653/julia-1.11.7/share/julia/base/reshapedarray.jl:221;~/.cache/merl-batch/2026-10-03/scratch/653/julia-1.11.7/share/julia/base/reinterpretarray.jl:340;~/.cache/merl-batch/2026-10-03/scratch/653/julia-1.11.7/share/julia/base/abstractarray.jl:1482;~/.cache/merl-batch/2026-10-03/scratch/653/julia-1.11.7/share/julia/base/permuteddimsarray.jl:48	parent of a SubDataFrame: DataFrames' method answers, the oracle lists only the generic's methods outside the project	
julia0233	~/.cache/merl-batch/2026-10-03/scratch/653/julia-1.11.7/share/julia/base/essentials.jl:1037		
julia0234	~/.cache/merl-batch/2026-10-03/scratch/653/julia-1.11.7/share/julia/base/subarray.jl:80;~/.cache/merl-batch/2026-10-03/scratch/653/julia-1.11.7/share/julia/base/slicearray.jl:245;~/.cache/merl-batch/2026-10-03/scratch/653/julia-1.11.7/share/julia/base/strings/substring.jl:115;~/.cache/merl-batch/2026-10-03/scratch/653/julia-1.11.7/share/julia/base/reshapedarray.jl:221;~/.cache/merl-batch/2026-10-03/scratch/653/julia-1.11.7/share/julia/base/reinterpretarray.jl:340;~/.cache/merl-batch/2026-10-03/scratch/653/julia-1.11.7/share/julia/base/abstractarray.jl:1482;~/.cache/merl-batch/2026-10-03/scratch/653/julia-1.11.7/share/julia/base/permuteddimsarray.jl:48		
julia0235	test/grouping.jl:3212		
julia0236	~/.cache/merl-batch/2026-10-03/scratch/653/julia-1.11.7/share/julia/base/process.jl:716;~/.cache/merl-batch/2026-10-03/scratch/653/julia-1.11.7/share/julia/base/essentials.jl:940;~/.cache/merl-batch/2026-10-03/scratch/653/julia-1.11.7/share/julia/base/strings/annotated.jl:158;~/.cache/merl-batch/2026-10-03/scratch/653/julia-1.11.7/share/julia/base/strings/basic.jl:178;~/.cache/merl-batch/2026-10-03/scratch/653/julia-1.11.7/share/julia/base/pair.jl:55;~/.cache/merl-batch/2026-10-03/scratch/653/julia-1.11.7/share/julia/base/range.jl:824;~/.cache/merl-batch/2026-10-03/scratch/653/julia-1.11.7/share/julia/base/range.jl:838;~/.cache/merl-batch/2026-10-03/scratch/653/julia-1.11.7/share/julia/base/namedtuple.jl:165;~/.cache/merl-batch/2026-10-03/scratch/653/julia-1.11.7/share/julia/base/char.jl:200;~/.cache/merl-batch/2026-10-03/scratch/653/julia-1.11.7/share/julia/base/abstractarray.jl:449;~/.cache/merl-batch/2026-10-03/scratch/653/julia-1.11.7/share/julia/base/tuple.jl:27;~/.cache/merl-batch/2026-10-03/scratch/653/julia-1.11.7/share/julia/base/number.jl:88;~/.cache/merl-batch/2026-10-03/scratch/653/julia-1.11.7/share/julia/base/number.jl:89;~/.cache/merl-batch/2026-10-03/scratch/653/julia-1.11.7/share/julia/base/abstractarray.jl:450;~/.cache/merl-batch/2026-10-03/scratch/653/julia-1.11.7/share/julia/stdlib/v1.11/Markdown/src/parse/parse.jl:36;~/.cache/merl-batch/2026-10-03/scratch/653/depot/packages/Tables/qGyu7/src/Tables.jl:182;src/dataframerow/dataframerow.jl:386;src/groupeddataframe/groupeddataframe.jl:554;src/groupeddataframe/groupeddataframe.jl:650;src/abstractdataframe/iteration.jl:258		
julia0237			
julia0238			
julia0239	~/.cache/merl-batch/2026-10-03/scratch/653/julia-1.11.7/share/julia/base/reflection.jl:2611;~/.cache/merl-batch/2026-10-03/scratch/653/julia-1.11.7/share/julia/base/reflection.jl:2613;~/.cache/merl-batch/2026-10-03/scratch/653/julia-1.11.7/share/julia/base/reflection.jl:2610;~/.cache/merl-batch/2026-10-03/scratch/653/julia-1.11.7/share/julia/base/reflection.jl:2612;~/.cache/merl-batch/2026-10-03/scratch/653/depot/packages/Tables/qGyu7/src/fallbacks.jl:66;~/.cache/merl-batch/2026-10-03/scratch/653/depot/packages/Tables/qGyu7/src/Tables.jl:521;~/.cache/merl-batch/2026-10-03/scratch/653/depot/packages/Tables/qGyu7/src/Tables.jl:188;~/.cache/merl-batch/2026-10-03/scratch/653/julia-1.11.7/share/julia/base/file.jl:1335;~/.cache/merl-batch/2026-10-03/scratch/653/julia-1.11.7/share/julia/base/file.jl:950;~/.cache/merl-batch/2026-10-03/scratch/653/julia-1.11.7/share/julia/stdlib/v1.11/LinearAlgebra/src/cholesky.jl:554;~/.cache/merl-batch/2026-10-03/scratch/653/julia-1.11.7/share/julia/stdlib/v1.11/LinearAlgebra/src/hessenberg.jl:491;~/.cache/merl-batch/2026-10-03/scratch/653/julia-1.11.7/share/julia/stdlib/v1.11/LinearAlgebra/src/svd.jl:507;~/.cache/merl-batch/2026-10-03/scratch/653/julia-1.11.7/share/julia/stdlib/v1.11/LinearAlgebra/src/cholesky.jl:531;~/.cache/merl-batch/2026-10-03/scratch/653/julia-1.11.7/share/julia/stdlib/v1.11/LinearAlgebra/src/lu.jl:399;~/.cache/merl-batch/2026-10-03/scratch/653/julia-1.11.7/share/julia/stdlib/v1.11/LinearAlgebra/src/bunchkaufman.jl:297;~/.cache/merl-batch/2026-10-03/scratch/653/julia-1.11.7/share/julia/stdlib/v1.11/LinearAlgebra/src/qr.jl:514;~/.cache/merl-batch/2026-10-03/scratch/653/julia-1.11.7/share/julia/stdlib/v1.11/LinearAlgebra/src/lq.jl:145;~/.cache/merl-batch/2026-10-03/scratch/653/julia-1.11.7/share/julia/stdlib/v1.11/LinearAlgebra/src/schur.jl:208;~/.cache/merl-batch/2026-10-03/scratch/653/julia-1.11.7/share/julia/stdlib/v1.11/LinearAlgebra/src/schur.jl:423;~/.cache/merl-batch/2026-10-03/scratch/653/julia-1.11.7/share/julia/stdlib/v1.11/LinearAlgebra/src/svd.jl:208;~/.cache/merl-batch/2026-10-03/scratch/653/julia-1.11.7/share/julia/stdlib/v1.11/LinearAlgebra/src/qr.jl:491;src/abstractdataframe/abstractdataframe.jl:457;src/dataframerow/dataframerow.jl:310;src/groupeddataframe/groupeddataframe.jl:657;src/abstractdataframe/iteration.jl:97;src/abstractdataframe/iteration.jl:287		
julia0240	~/.cache/merl-batch/2026-10-03/scratch/653/julia-1.11.7/share/julia/base/boot.jl:383		
julia0241			
julia0242	src/dataframerow/dataframerow.jl:76;src/dataframerow/dataframerow.jl:91;src/dataframerow/dataframerow.jl:98;src/dataframerow/dataframerow.jl:101;src/dataframerow/dataframerow.jl:113;src/dataframerow/dataframerow.jl:116		
julia0243	~/.cache/merl-batch/2026-10-03/scratch/653/depot/packages/Tables/qGyu7/src/Tables.jl:1		
julia0244			
julia0245	test/broadcasting.jl:91		
julia0246	src/abstractdataframe/abstractdataframe.jl:2759;src/abstractdataframe/abstractdataframe.jl:2894;src/abstractdataframe/abstractdataframe.jl:2899;src/abstractdataframe/abstractdataframe.jl:2904;src/abstractdataframe/abstractdataframe.jl:2909;src/abstractdataframe/abstractdataframe.jl:2933		
julia0247	~/.cache/merl-batch/2026-10-03/scratch/653/julia-1.11.7/share/julia/base/stream.jl:1298;~/.cache/merl-batch/2026-10-03/scratch/653/julia-1.11.7/share/julia/base/reflection.jl:1194;~/.cache/merl-batch/2026-10-03/scratch/653/julia-1.11.7/share/julia/base/process.jl:721;~/.cache/merl-batch/2026-10-03/scratch/653/julia-1.11.7/share/julia/base/terminfo.jl:385;~/.cache/merl-batch/2026-10-03/scratch/653/julia-1.11.7/share/julia/base/reflection.jl:600;~/.cache/merl-batch/2026-10-03/scratch/653/julia-1.11.7/share/julia/base/errorshow.jl:1067;~/.cache/merl-batch/2026-10-03/scratch/653/julia-1.11.7/share/julia/base/deprecated.jl:295;~/.cache/merl-batch/2026-10-03/scratch/653/julia-1.11.7/share/julia/base/essentials.jl:932;~/.cache/merl-batch/2026-10-03/scratch/653/julia-1.11.7/share/julia/base/essentials.jl:959;~/.cache/merl-batch/2026-10-03/scratch/653/julia-1.11.7/share/julia/base/strings/string.jl:496;~/.cache/merl-batch/2026-10-03/scratch/653/julia-1.11.7/share/julia/base/strings/string.jl:460;~/.cache/merl-batch/2026-10-03/scratch/653/julia-1.11.7/share/julia/base/strings/string.jl:494;~/.cache/merl-batch/2026-10-03/scratch/653/julia-1.11.7/share/julia/base/terminfo.jl:224;~/.cache/merl-batch/2026-10-03/scratch/653/julia-1.11.7/share/julia/base/env.jl:164;~/.cache/merl-batch/2026-10-03/scratch/653/julia-1.11.7/share/julia/base/array.jl:423;~/.cache/merl-batch/2026-10-03/scratch/653/julia-1.11.7/share/julia/base/array.jl:415;~/.cache/merl-batch/2026-10-03/scratch/653/julia-1.11.7/share/julia/base/array.jl:397;~/.cache/merl-batch/2026-10-03/scratch/653/julia-1.11.7/share/julia/base/reshapedarray.jl:263;~/.cache/merl-batch/2026-10-03/scratch/653/julia-1.11.7/share/julia/base/reshapedarray.jl:259;~/.cache/merl-batch/2026-10-03/scratch/653/julia-1.11.7/share/julia/base/reshapedarray.jl:253;~/.cache/merl-batch/2026-10-03/scratch/653/julia-1.11.7/share/julia/base/iddict.jl:96;~/.cache/merl-batch/2026-10-03/scratch/653/julia-1.11.7/share/julia/base/abstractdict.jl:555;~/.cache/merl-batch/2026-10-03/scratch/653/julia-1.11.7/share/julia/base/dict.jl:820;~/.cache/merl-batch/2026-10-03/scratch/653/julia-1.11.7/share/julia/base/weakkeydict.jl:177;~/.cache/merl-batch/2026-10-03/scratch/653/julia-1.11.7/share/julia/base/dict.jl:475;~/.cache/merl-batch/2026-10-03/scratch/653/julia-1.11.7/share/julia/base/dict.jl:992;~/.cache/merl-batch/2026-10-03/scratch/653/julia-1.11.7/share/julia/base/abstractdict.jl:545;~/.cache/merl-batch/2026-10-03/scratch/653/julia-1.11.7/share/julia/base/reinterpretarray.jl:417;~/.cache/merl-batch/2026-10-03/scratch/653/julia-1.11.7/share/julia/base/reinterpretarray.jl:378;~/.cache/merl-batch/2026-10-03/scratch/653/julia-1.11.7/share/julia/base/reinterpretarray.jl:393;~/.cache/merl-batch/2026-10-03/scratch/653/julia-1.11.7/share/julia/base/reinterpretarray.jl:399;~/.cache/merl-batch/2026-10-03/scratch/653/julia-1.11.7/share/julia/base/reinterpretarray.jl:405;~/.cache/merl-batch/2026-10-03/scratch/653/julia-1.11.7/share/julia/base/range.jl:1069;~/.cache/merl-batch/2026-10-03/scratch/653/julia-1.11.7/share/julia/base/lock.jl:328;~/.cache/merl-batch/2026-10-03/scratch/653/julia-1.11.7/share/julia/base/indices.jl:428;~/.cache/merl-batch/2026-10-03/scratch/653/julia-1.11.7/share/julia/base/indices.jl:399;~/.cache/merl-batch/2026-10-03/scratch/653/julia-1.11.7/share/julia/base/range.jl:992;~/.cache/merl-batch/2026-10-03/scratch/653/julia-1.11.7/share/julia/base/indices.jl:427;~/.cache/merl-batch/2026-10-03/scratch/653/julia-1.11.7/share/julia/base/indices.jl:434;~/.cache/merl-batch/2026-10-03/scratch/653/julia-1.11.7/share/julia/base/range.jl:986;~/.cache/merl-batch/2026-10-03/scratch/653/julia-1.11.7/share/julia/base/indices.jl:398;~/.cache/merl-batch/2026-10-03/scratch/653/julia-1.11.7/share/julia/base/range.jl:971;~/.cache/merl-batch/2026-10-03/scratch/653/julia-1.11.7/share/julia/base/show.jl:426;~/.cache/merl-batch/2026-10-03/scratch/653/julia-1.11.7/share/julia/base/refvalue.jl:59;~/.cache/merl-batch/2026-10-03/scratch/653/julia-1.11.7/share/julia/base/reinterpretarray.jl:284;~/.cache/merl-batch/2026-10-03/scratch/653/julia-1.11.7/share/julia/base/multidimensional.jl:908;~/.cache/merl-batch/2026-10-03/scratch/653/julia-1.11.7/share/julia/base/tuple.jl:36;~/.cache/merl-batch/2026-10-03/scratch/653/julia-1.11.7/share/julia/base/tuple.jl:31;~/.cache/merl-batch/2026-10-03/scratch/653/julia-1.11.7/share/julia/base/tuple.jl:32;~/.cache/merl-batch/2026-10-03/scratch/653/julia-1.11.7/share/julia/base/deprecated.jl:103;~/.cache/merl-batch/2026-10-03/scratch/653/julia-1.11.7/share/julia/base/range.jl:430;~/.cache/merl-batch/2026-10-03/scratch/653/julia-1.11.7/share/julia/base/tuple.jl:35;~/.cache/merl-batch/2026-10-03/scratch/653/julia-1.11.7/share/julia/base/tuple.jl:34;~/.cache/merl-batch/2026-10-03/scratch/653/julia-1.11.7/share/julia/base/strings/annotated.jl:161;~/.cache/merl-batch/2026-10-03/scratch/653/julia-1.11.7/share/julia/base/genericmemory.jl:238;~/.cache/merl-batch/2026-10-03/scratch/653/julia-1.11.7/share/julia/base/genericmemory.jl:236;~/.cache/merl-batch/2026-10-03/scratch/653/julia-1.11.7/share/julia/base/genericmemory.jl:224;~/.cache/merl-batch/2026-10-03/scratch/653/julia-1.11.7/share/julia/base/essentials.jl:398;~/.cache/merl-batch/2026-10-03/scratch/653/julia-1.11.7/share/julia/base/indices.jl:426;~/.cache/merl-batch/2026-10-03/scratch/653/julia-1.11.7/share/julia/base/indices.jl:397;~/.cache/merl-batch/2026-10-03/scratch/653/julia-1.11.7/share/julia/base/array.jl:3073;~/.cache/merl-batch/2026-10-03/scratch/653/julia-1.11.7/share/julia/base/range.jl:969;~/.cache/merl-batch/2026-10-03/scratch/653/julia-1.11.7/share/julia/base/missing.jl:258;~/.cache/merl-batch/2026-10-03/scratch/653/julia-1.11.7/share/julia/base/strings/substring.jl:303;~/.cache/merl-batch/2026-10-03/scratch/653/julia-1.11.7/share/julia/base/strings/basic.jl:194;~/.cache/merl-batch/2026-10-03/scratch/653/julia-1.11.7/share/julia/base/strings/basic.jl:192;~/.cache/merl-batch/2026-10-03/scratch/653/julia-1.11.7/share/julia/base/strings/basic.jl:189;~/.cache/merl-batch/2026-10-03/scratch/653/julia-1.11.7/share/julia/base/strings/substring.jl:99;~/.cache/merl-batch/2026-10-03/scratch/653/julia-1.11.7/share/julia/base/strings/basic.jl:184;~/.cache/merl-batch/2026-10-03/scratch/653/julia-1.11.7/share/julia/base/pair.jl:51;~/.cache/merl-batch/2026-10-03/scratch/653/julia-1.11.7/share/julia/base/pair.jl:52;~/.cache/merl-batch/2026-10-03/scratch/653/julia-1.11.7/share/julia/base/twiceprecision.jl:494;~/.cache/merl-batch/2026-10-03/scratch/653/julia-1.11.7/share/julia/base/range.jl:1034;~/.cache/merl-batch/2026-10-03/scratch/653/julia-1.11.7/share/julia/base/multidimensional.jl:1952;~/.cache/merl-batch/2026-10-03/scratch/653/julia-1.11.7/share/julia/base/number.jl:96;~/.cache/merl-batch/2026-10-03/scratch/653/julia-1.11.7/share/julia/base/number.jl:95;~/.cache/merl-batch/2026-10-03/scratch/653/julia-1.11.7/share/julia/base/number.jl:101;~/.cache/merl-batch/2026-10-03/scratch/653/julia-1.11.7/share/julia/base/array.jl:948;~/.cache/merl-batch/2026-10-03/scratch/653/julia-1.11.7/share/julia/base/essentials.jl:914;~/.cache/merl-batch/2026-10-03/scratch/653/julia-1.11.7/share/julia/base/array.jl:927;~/.cache/merl-batch/2026-10-03/scratch/653/julia-1.11.7/share/julia/base/array.jl:946;~/.cache/merl-batch/2026-10-03/scratch/653/julia-1.11.7/share/julia/base/array.jl:934;~/.cache/merl-batch/2026-10-03/scratch/653/julia-1.11.7/share/julia/base/array.jl:958;~/.cache/merl-batch/2026-10-03/scratch/653/julia-1.11.7/share/julia/base/abstractarray.jl:1315;~/.cache/merl-batch/2026-10-03/scratch/653/julia-1.11.7/share/julia/base/multidimensional.jl:702;~/.cache/merl-batch/2026-10-03/scratch/653/julia-1.11.7/share/julia/base/range.jl:1651;~/.cache/merl-batch/2026-10-03/scratch/653/julia-1.11.7/share/julia/base/char.jl:203;~/.cache/merl-batch/2026-10-03/scratch/653/julia-1.11.7/share/julia/base/char.jl:202;~/.cache/merl-batch/2026-10-03/scratch/653/julia-1.11.7/share/julia/base/char.jl:204;~/.cache/merl-batch/2026-10-03/scratch/653/julia-1.11.7/share/julia/base/essentials.jl:400;~/.cache/merl-batch/2026-10-03/scratch/653/julia-1.11.7/share/julia/base/bitarray.jl:680;~/.cache/merl-batch/2026-10-03/scratch/653/julia-1.11.7/share/julia/base/regex.jl:282;~/.cache/merl-batch/2026-10-03/scratch/653/julia-1.11.7/share/julia/base/regex.jl:281;~/.cache/merl-batch/2026-10-03/scratch/653/julia-1.11.7/share/julia/base/strings/basic.jl:802;~/.cache/merl-batch/2026-10-03/scratch/653/julia-1.11.7/share/julia/base/indices.jl:521;~/.cache/merl-batch/2026-10-03/scratch/653/julia-1.11.7/share/julia/base/indices.jl:516;~/.cache/merl-batch/2026-10-03/scratch/653/julia-1.11.7/share/julia/base/subarray.jl:366;~/.cache/merl-batch/2026-10-03/scratch/653/julia-1.11.7/share/julia/base/subarray.jl:359;~/.cache/merl-batch/2026-10-03/scratch/653/julia-1.11.7/share/julia/base/subarray.jl:340;~/.cache/merl-batch/2026-10-03/scratch/653/julia-1.11.7/share/julia/base/subarray.jl:331;~/.cache/merl-batch/2026-10-03/scratch/653/julia-1.11.7/share/julia/base/subarray.jl:317;~/.cache/merl-batch/2026-10-03/scratch/653/julia-1.11.7/share/julia/base/namedtuple.jl:171;~/.cache/merl-batch/2026-10-03/scratch/653/julia-1.11.7/share/julia/base/namedtuple.jl:170;~/.cache/merl-batch/2026-10-03/scratch/653/julia-1.11.7/share/julia/base/namedtuple.jl:169;~/.cache/merl-batch/2026-10-03/scratch/653/julia-1.11.7/share/julia/base/namedtuple.jl:168;~/.cache/merl-batch/2026-10-03/scratch/653/julia-1.11.7/share/julia/base/namedtuple.jl:167;~/.cache/merl-batch/2026-10-03/scratch/653/julia-1.11.7/share/julia/base/show.jl:427;~/.cache/merl-batch/2026-10-03/scratch/653/julia-1.11.7/share/julia/base/slicearray.jl:236;~/.cache/merl-batch/2026-10-03/scratch/653/julia-1.11.7/share/julia/base/range.jl:1009;~/.cache/merl-batch/2026-10-03/scratch/653/julia-1.11.7/share/julia/base/abstractarray.jl:1309;~/.cache/merl-batch/2026-10-03/scratch/653/julia-1.11.7/share/julia/base/refpointer.jl:191;~/.cache/merl-batch/2026-10-03/scratch/653/julia-1.11.7/share/julia/base/multidimensional.jl:907;~/.cache/merl-batch/2026-10-03/scratch/653/depot/packages/InlineStrings/3hOt5/src/InlineStrings.jl:395;~/.cache/merl-batch/2026-10-03/scratch/653/depot/packages/InlineStrings/3hOt5/src/InlineStrings.jl:393;~/.cache/merl-batch/2026-10-03/scratch/653/depot/packages/InlineStrings/3hOt5/src/InlineStrings.jl:753;~/.cache/merl-batch/2026-10-03/scratch/653/depot/packages/Missings/MBhnW/src/Missings.jl:358;~/.cache/merl-batch/2026-10-03/scratch/653/depot/packages/Missings/MBhnW/src/Missings.jl:172;~/.cache/merl-batch/2026-10-03/scratch/653/depot/packages/Missings/MBhnW/src/Missings.jl:110;~/.cache/merl-batch/2026-10-03/scratch/653/julia-1.11.7/share/julia/stdlib/v1.11/Markdown/src/parse/parse.jl:33;~/.cache/merl-batch/2026-10-03/scratch/653/depot/packages/PooledArrays/Vy2X0/src/PooledArrays.jl:523;~/.cache/merl-batch/2026-10-03/scratch/653/depot/packages/PooledArrays/Vy2X0/src/PooledArrays.jl:532;~/.cache/merl-batch/2026-10-03/scratch/653/depot/packages/SentinelArrays/YQPM3/src/missingvector.jl:10;~/.cache/merl-batch/2026-10-03/scratch/653/depot/packages/SentinelArrays/YQPM3/src/chainedvector.jl:266;~/.cache/merl-batch/2026-10-03/scratch/653/depot/packages/SentinelArrays/YQPM3/src/chainedvector.jl:97;~/.cache/merl-batch/2026-10-03/scratch/653/depot/packages/SentinelArrays/YQPM3/src/chainedvector.jl:187;~/.cache/merl-batch/2026-10-03/scratch/653/depot/packages/SentinelArrays/YQPM3/src/chainedvector.jl:150;~/.cache/merl-batch/2026-10-03/scratch/653/depot/packages/SentinelArrays/YQPM3/src/chainedvector.jl:277;~/.cache/merl-batch/2026-10-03/scratch/653/depot/packages/SentinelArrays/YQPM3/src/SentinelArrays.jl:189;~/.cache/merl-batch/2026-10-03/scratch/653/depot/packages/SentinelArrays/YQPM3/src/chainedvector.jl:259;~/.cache/merl-batch/2026-10-03/scratch/653/depot/packages/SentinelArrays/YQPM3/src/BufferedVectors.jl:20;~/.cache/merl-batch/2026-10-03/scratch/653/julia-1.11.7/share/julia/stdlib/v1.11/Random/src/Random.jl:185;~/.cache/merl-batch/2026-10-03/scratch/653/julia-1.11.7/share/julia/stdlib/v1.11/Random/src/RNGs.jl:522;~/.cache/merl-batch/2026-10-03/scratch/653/julia-1.11.7/share/julia/stdlib/v1.11/Random/src/Random.jl:203;~/.cache/merl-batch/2026-10-03/scratch/653/julia-1.11.7/share/julia/stdlib/v1.11/Random/src/Random.jl:166;~/.cache/merl-batch/2026-10-03/scratch/653/depot/packages/Tables/qGyu7/src/fallbacks.jl:194;~/.cache/merl-batch/2026-10-03/scratch/653/depot/packages/Tables/qGyu7/src/Tables.jl:184;~/.cache/merl-batch/2026-10-03/scratch/653/depot/packages/Tables/qGyu7/src/Tables.jl:185;~/.cache/merl-batch/2026-10-03/scratch/653/depot/packages/PrettyTables/4jZ8K/src/types.jl:509;~/.cache/merl-batch/2026-10-03/scratch/653/depot/packages/PrettyTables/4jZ8K/src/tables.jl:181;~/.cache/merl-batch/2026-10-03/scratch/653/depot/packages/PrettyTables/4jZ8K/src/tables.jl:205;~/.cache/merl-batch/2026-10-03/scratch/653/depot/packages/PrettyTables/4jZ8K/src/tables.jl:31;~/.cache/merl-batch/2026-10-03/scratch/653/depot/packages/PrettyTables/4jZ8K/src/tables.jl:44;~/.cache/merl-batch/2026-10-03/scratch/653/depot/packages/InvertedIndices/jfcUx/src/InvertedIndices.jl:90;~/.cache/merl-batch/2026-10-03/scratch/653/depot/packages/InvertedIndices/jfcUx/src/InvertedIndices.jl:191;~/.cache/merl-batch/2026-10-03/scratch/653/depot/packages/InvertedIndices/jfcUx/src/InvertedIndices.jl:229;~/.cache/merl-batch/2026-10-03/scratch/653/depot/packages/InvertedIndices/jfcUx/src/InvertedIndices.jl:231;~/.cache/merl-batch/2026-10-03/scratch/653/depot/packages/InvertedIndices/jfcUx/src/InvertedIndices.jl:233;~/.cache/merl-batch/2026-10-03/scratch/653/julia-1.11.7/share/julia/base/binaryplatforms.jl:151;~/.cache/merl-batch/2026-10-03/scratch/653/julia-1.11.7/share/julia/base/permuteddimsarray.jl:68;~/.cache/merl-batch/2026-10-03/scratch/653/julia-1.11.7/share/julia/base/multidimensional.jl:396;~/.cache/merl-batch/2026-10-03/scratch/653/julia-1.11.7/share/julia/base/multidimensional.jl:392;~/.cache/merl-batch/2026-10-03/scratch/653/julia-1.11.7/share/julia/base/multidimensional.jl:368;~/.cache/merl-batch/2026-10-03/scratch/653/julia-1.11.7/share/julia/base/multidimensional.jl:384;~/.cache/merl-batch/2026-10-03/scratch/653/julia-1.11.7/share/julia/base/multidimensional.jl:371;~/.cache/merl-batch/2026-10-03/scratch/653/julia-1.11.7/share/julia/base/multidimensional.jl:99;~/.cache/merl-batch/2026-10-03/scratch/653/julia-1.11.7/share/julia/base/scopedvalues.jl:167;~/.cache/merl-batch/2026-10-03/scratch/653/julia-1.11.7/share/julia/base/broadcast.jl:607;~/.cache/merl-batch/2026-10-03/scratch/653/julia-1.11.7/share/julia/base/show.jl:2827;~/.cache/merl-batch/2026-10-03/scratch/653/julia-1.11.7/share/julia/base/show.jl:2825;~/.cache/merl-batch/2026-10-03/scratch/653/julia-1.11.7/share/julia/base/show.jl:2826;~/.cache/merl-batch/2026-10-03/scratch/653/julia-1.11.7/share/julia/base/show.jl:2819;~/.cache/merl-batch/2026-10-03/scratch/653/julia-1.11.7/share/julia/base/experimental.jl:31;~/.cache/merl-batch/2026-10-03/scratch/653/julia-1.11.7/share/julia/base/iterators.jl:324;~/.cache/merl-batch/2026-10-03/scratch/653/julia-1.11.7/share/julia/base/sort.jl:590;~/.cache/merl-batch/2026-10-03/scratch/653/julia-1.11.7/share/julia/base/atomics.jl:365;~/.cache/merl-batch/2026-10-03/scratch/653/julia-1.11.7/share/julia/stdlib/v1.11/LinearAlgebra/src/tridiag.jl:448;~/.cache/merl-batch/2026-10-03/scratch/653/julia-1.11.7/share/julia/stdlib/v1.11/LinearAlgebra/src/tridiag.jl:680;~/.cache/merl-batch/2026-10-03/scratch/653/julia-1.11.7/share/julia/stdlib/v1.11/LinearAlgebra/src/diagonal.jl:176;~/.cache/merl-batch/2026-10-03/scratch/653/julia-1.11.7/share/julia/stdlib/v1.11/LinearAlgebra/src/triangular.jl:282;~/.cache/merl-batch/2026-10-03/scratch/653/julia-1.11.7/share/julia/stdlib/v1.11/LinearAlgebra/src/givens.jl:335;~/.cache/merl-batch/2026-10-03/scratch/653/julia-1.11.7/share/julia/stdlib/v1.11/LinearAlgebra/src/symmetric.jl:246;~/.cache/merl-batch/2026-10-03/scratch/653/julia-1.11.7/share/julia/stdlib/v1.11/LinearAlgebra/src/triangular.jl:280;~/.cache/merl-batch/2026-10-03/scratch/653/julia-1.11.7/share/julia/stdlib/v1.11/LinearAlgebra/src/bidiag.jl:159;~/.cache/merl-batch/2026-10-03/scratch/653/julia-1.11.7/share/julia/stdlib/v1.11/LinearAlgebra/src/abstractq.jl:95;~/.cache/merl-batch/2026-10-03/scratch/653/julia-1.11.7/share/julia/stdlib/v1.11/LinearAlgebra/src/abstractq.jl:94;~/.cache/merl-batch/2026-10-03/scratch/653/julia-1.11.7/share/julia/stdlib/v1.11/LinearAlgebra/src/abstractq.jl:90;~/.cache/merl-batch/2026-10-03/scratch/653/julia-1.11.7/share/julia/stdlib/v1.11/LinearAlgebra/src/hessenberg.jl:87;~/.cache/merl-batch/2026-10-03/scratch/653/julia-1.11.7/share/julia/stdlib/v1.11/LinearAlgebra/src/triangular.jl:284;~/.cache/merl-batch/2026-10-03/scratch/653/julia-1.11.7/share/julia/stdlib/v1.11/LinearAlgebra/src/triangular.jl:286;~/.cache/merl-batch/2026-10-03/scratch/653/julia-1.11.7/share/julia/stdlib/v1.11/LinearAlgebra/src/symmetric.jl:236;~/.cache/merl-batch/2026-10-03/scratch/653/julia-1.11.7/share/julia/stdlib/v1.11/LinearAlgebra/src/adjtrans.jl:339;~/.cache/merl-batch/2026-10-03/scratch/653/julia-1.11.7/share/julia/stdlib/v1.11/LinearAlgebra/src/adjtrans.jl:338;~/.cache/merl-batch/2026-10-03/scratch/653/julia-1.11.7/share/julia/stdlib/v1.11/LinearAlgebra/src/adjtrans.jl:334;~/.cache/merl-batch/2026-10-03/scratch/653/julia-1.11.7/share/julia/stdlib/v1.11/LinearAlgebra/src/adjtrans.jl:333;~/.cache/merl-batch/2026-10-03/scratch/653/julia-1.11.7/share/julia/stdlib/v1.11/LinearAlgebra/src/uniformscaling.jl:102;~/.cache/merl-batch/2026-10-03/scratch/653/julia-1.11.7/share/julia/stdlib/v1.11/LinearAlgebra/src/uniformscaling.jl:92;~/.cache/merl-batch/2026-10-03/scratch/653/julia-1.11.7/share/julia/stdlib/v1.11/LinearAlgebra/src/uniformscaling.jl:91;~/.cache/merl-batch/2026-10-03/scratch/653/julia-1.11.7/share/julia/stdlib/v1.11/LinearAlgebra/src/uniformscaling.jl:89;src/other/index.jl:183;src/other/index.jl:186;src/other/index.jl:189;src/other/index.jl:196;src/other/index.jl:209;src/other/index.jl:222;src/other/index.jl:224;src/other/index.jl:225;src/other/index.jl:228;src/other/index.jl:234;src/other/index.jl:236;src/other/index.jl:237;src/other/index.jl:245;src/other/index.jl:250;src/other/index.jl:258;src/other/index.jl:261;src/other/index.jl:267;src/other/index.jl:294;src/other/index.jl:440;src/other/index.jl:441;src/other/index.jl:443;src/other/index.jl:590;src/other/index.jl:591;src/other/index.jl:593;src/abstractdataframe/abstractdataframe.jl:2238;src/dataframe/dataframe.jl:508;src/dataframe/dataframe.jl:522;src/dataframe/dataframe.jl:532;src/dataframe/dataframe.jl:540;src/dataframe/dataframe.jl:544;src/dataframe/dataframe.jl:550;src/dataframe/dataframe.jl:558;src/dataframe/dataframe.jl:581;src/dataframe/dataframe.jl:607;src/dataframe/dataframe.jl:625;src/dataframe/dataframe.jl:629;src/dataframe/dataframe.jl:633;src/subdataframe/subdataframe.jl:166;src/subdataframe/subdataframe.jl:168;src/subdataframe/subdataframe.jl:170;src/subdataframe/subdataframe.jl:173;src/subdataframe/subdataframe.jl:175;src/subdataframe/subdataframe.jl:178;src/subdataframe/subdataframe.jl:185;src/subdataframe/subdataframe.jl:188;src/dataframerow/dataframerow.jl:207;src/dataframerow/dataframerow.jl:210;src/dataframerow/dataframerow.jl:212;src/dataframerow/dataframerow.jl:215;src/dataframerow/dataframerow.jl:225;src/groupeddataframe/groupeddataframe.jl:577;src/groupeddataframe/groupeddataframe.jl:581;src/groupeddataframe/groupeddataframe.jl:600;src/groupeddataframe/groupeddataframe.jl:669;src/groupeddataframe/groupeddataframe.jl:672;src/groupeddataframe/groupeddataframe.jl:680;src/groupeddataframe/groupeddataframe.jl:776;src/groupeddataframe/groupeddataframe.jl:789;src/groupeddataframe/utils.jl:103;src/groupeddataframe/utils.jl:125;src/other/broadcasting.jl:3;src/abstractdataframe/iteration.jl:83;src/abstractdataframe/iteration.jl:84;src/abstractdataframe/iteration.jl:85;src/abstractdataframe/iteration.jl:265;src/abstractdataframe/iteration.jl:267;src/abstractdataframe/iteration.jl:269;src/abstractdataframe/reshape.jl:673;src/abstractdataframe/reshape.jl:731;src/join/core.jl:31		
julia0248	~/.cache/merl-batch/2026-10-03/scratch/653/depot/packages/CategoricalArrays/pvykx/src/array.jl:1035;~/.cache/merl-batch/2026-10-03/scratch/653/depot/packages/CategoricalArrays/pvykx/src/array.jl:1027		
julia0249	src/dataframe/dataframe.jl:178;src/dataframe/dataframe.jl:257;src/dataframe/dataframe.jl:259;src/dataframe/dataframe.jl:267;src/dataframe/dataframe.jl:276;src/dataframe/dataframe.jl:291;src/dataframe/dataframe.jl:312;src/dataframe/dataframe.jl:338;src/dataframe/dataframe.jl:355;src/dataframe/dataframe.jl:359;src/dataframe/dataframe.jl:365;src/dataframe/dataframe.jl:369;src/dataframe/dataframe.jl:379;src/dataframe/dataframe.jl:386;src/dataframe/dataframe.jl:390;src/dataframe/dataframe.jl:402;src/dataframe/dataframe.jl:407;src/dataframe/dataframe.jl:412;src/dataframe/dataframe.jl:418;src/subdataframe/subdataframe.jl:309;src/dataframerow/dataframerow.jl:491;src/groupeddataframe/groupeddataframe.jl:352;src/other/tables.jl:48;src/other/tables.jl:67;src/other/tables.jl:74		
julia0250			
julia0251	~/.cache/merl-batch/2026-10-03/scratch/653/julia-1.11.7/share/julia/base/essentials.jl:1156		
julia0252	src/groupeddataframe/groupeddataframe.jl:39		
julia0253	src/subdataframe/subdataframe.jl:70;src/subdataframe/subdataframe.jl:77;src/subdataframe/subdataframe.jl:80;src/subdataframe/subdataframe.jl:86;src/subdataframe/subdataframe.jl:88;src/subdataframe/subdataframe.jl:91;src/subdataframe/subdataframe.jl:98;src/subdataframe/subdataframe.jl:106;src/subdataframe/subdataframe.jl:113;src/subdataframe/subdataframe.jl:118;src/subdataframe/subdataframe.jl:121;src/subdataframe/subdataframe.jl:130;src/subdataframe/subdataframe.jl:132;src/subdataframe/subdataframe.jl:134		
julia0254	~/.cache/merl-batch/2026-10-03/scratch/653/julia-1.11.7/share/julia/base/boot.jl:383		
julia0255	~/.cache/merl-batch/2026-10-03/scratch/653/julia-1.11.7/share/julia/base/iterators.jl:200		
julia0256	src/abstractdataframe/abstractdataframe.jl:372;src/abstractdataframe/abstractdataframe.jl:374;src/abstractdataframe/abstractdataframe.jl:376;src/abstractdataframe/abstractdataframe.jl:377		
julia0257			
julia0258	~/.cache/merl-batch/2026-10-03/scratch/653/julia-1.11.7/share/julia/base/boot.jl:926;~/.cache/merl-batch/2026-10-03/scratch/653/julia-1.11.7/share/julia/base/boot.jl:925;~/.cache/merl-batch/2026-10-03/scratch/653/julia-1.11.7/share/julia/base/boot.jl:900;~/.cache/merl-batch/2026-10-03/scratch/653/julia-1.11.7/share/julia/base/rational.jl:151;~/.cache/merl-batch/2026-10-03/scratch/653/julia-1.11.7/share/julia/base/complex.jl:44;~/.cache/merl-batch/2026-10-03/scratch/653/julia-1.11.7/share/julia/base/twiceprecision.jl:265;~/.cache/merl-batch/2026-10-03/scratch/653/julia-1.11.7/share/julia/base/char.jl:50;~/.cache/merl-batch/2026-10-03/scratch/653/julia-1.11.7/share/julia/base/Enums.jl:19;~/.cache/merl-batch/2026-10-03/scratch/653/julia-1.11.7/share/julia/base/mpfr.jl:403		
julia0259	src/groupeddataframe/groupeddataframe.jl:804;src/groupeddataframe/groupeddataframe.jl:810;src/groupeddataframe/groupeddataframe.jl:812;src/groupeddataframe/groupeddataframe.jl:835;src/groupeddataframe/groupeddataframe.jl:839		
julia0260			
julia0261	~/.cache/merl-batch/2026-10-03/scratch/653/julia-1.11.7/share/julia/base/div.jl:314;~/.cache/merl-batch/2026-10-03/scratch/653/julia-1.11.7/share/julia/base/bool.jl:184;~/.cache/merl-batch/2026-10-03/scratch/653/julia-1.11.7/share/julia/base/div.jl:316;~/.cache/merl-batch/2026-10-03/scratch/653/julia-1.11.7/share/julia/base/div.jl:360;~/.cache/merl-batch/2026-10-03/scratch/653/julia-1.11.7/share/julia/base/div.jl:353;~/.cache/merl-batch/2026-10-03/scratch/653/julia-1.11.7/share/julia/base/div.jl:311;~/.cache/merl-batch/2026-10-03/scratch/653/julia-1.11.7/share/julia/base/div.jl:364;~/.cache/merl-batch/2026-10-03/scratch/653/julia-1.11.7/share/julia/base/div.jl:354;~/.cache/merl-batch/2026-10-03/scratch/653/julia-1.11.7/share/julia/base/div.jl:304;~/.cache/merl-batch/2026-10-03/scratch/653/julia-1.11.7/share/julia/base/div.jl:298;~/.cache/merl-batch/2026-10-03/scratch/653/julia-1.11.7/share/julia/base/div.jl:323;~/.cache/merl-batch/2026-10-03/scratch/653/julia-1.11.7/share/julia/base/int.jl:1000;~/.cache/merl-batch/2026-10-03/scratch/653/julia-1.11.7/share/julia/base/missing.jl:129;~/.cache/merl-batch/2026-10-03/scratch/653/julia-1.11.7/share/julia/base/missing.jl:128;~/.cache/merl-batch/2026-10-03/scratch/653/julia-1.11.7/share/julia/base/div.jl:324;~/.cache/merl-batch/2026-10-03/scratch/653/julia-1.11.7/share/julia/base/int.jl:1001;~/.cache/merl-batch/2026-10-03/scratch/653/julia-1.11.7/share/julia/base/div.jl:289;~/.cache/merl-batch/2026-10-03/scratch/653/julia-1.11.7/share/julia/base/div.jl:280;~/.cache/merl-batch/2026-10-03/scratch/653/julia-1.11.7/share/julia/base/rational.jl:511;~/.cache/merl-batch/2026-10-03/scratch/653/julia-1.11.7/share/julia/base/rational.jl:495;~/.cache/merl-batch/2026-10-03/scratch/653/julia-1.11.7/share/julia/base/div.jl:372;~/.cache/merl-batch/2026-10-03/scratch/653/julia-1.11.7/share/julia/base/rational.jl:507;~/.cache/merl-batch/2026-10-03/scratch/653/julia-1.11.7/share/julia/base/rational.jl:499;~/.cache/merl-batch/2026-10-03/scratch/653/julia-1.11.7/share/julia/base/rational.jl:491;~/.cache/merl-batch/2026-10-03/scratch/653/julia-1.11.7/share/julia/base/div.jl:293;~/.cache/merl-batch/2026-10-03/scratch/653/julia-1.11.7/share/julia/base/div.jl:284;~/.cache/merl-batch/2026-10-03/scratch/653/julia-1.11.7/share/julia/base/div.jl:310;~/.cache/merl-batch/2026-10-03/scratch/653/julia-1.11.7/share/julia/base/div.jl:341;~/.cache/merl-batch/2026-10-03/scratch/653/julia-1.11.7/share/julia/base/missing.jl:130;~/.cache/merl-batch/2026-10-03/scratch/653/julia-1.11.7/share/julia/base/int.jl:230;~/.cache/merl-batch/2026-10-03/scratch/653/julia-1.11.7/share/julia/base/int.jl:229;~/.cache/merl-batch/2026-10-03/scratch/653/julia-1.11.7/share/julia/base/int.jl:295;~/.cache/merl-batch/2026-10-03/scratch/653/julia-1.11.7/share/julia/base/int.jl:297;~/.cache/merl-batch/2026-10-03/scratch/653/julia-1.11.7/share/julia/base/div.jl:49;~/.cache/merl-batch/2026-10-03/scratch/653/julia-1.11.7/share/julia/base/gmp.jl:507;~/.cache/merl-batch/2026-10-03/scratch/653/julia-1.11.7/share/julia/base/gmp.jl:503;~/.cache/merl-batch/2026-10-03/scratch/653/julia-1.11.7/share/julia/base/multinverses.jl:162;~/.cache/merl-batch/2026-10-03/scratch/653/julia-1.11.7/share/julia/base/multinverses.jl:157;~/.cache/merl-batch/2026-10-03/scratch/653/julia-1.11.7/share/julia/base/mpfr.jl:654;~/.cache/merl-batch/2026-10-03/scratch/653/julia-1.11.7/share/julia/base/mpfr.jl:604;~/.cache/merl-batch/2026-10-03/scratch/653/julia-1.11.7/share/julia/base/mpfr.jl:640;~/.cache/merl-batch/2026-10-03/scratch/653/julia-1.11.7/share/julia/base/mpfr.jl:626;~/.cache/merl-batch/2026-10-03/scratch/653/julia-1.11.7/share/julia/base/mpfr.jl:612;~/.cache/merl-batch/2026-10-03/scratch/653/julia-1.11.7/share/julia/base/mpfr.jl:646;~/.cache/merl-batch/2026-10-03/scratch/653/julia-1.11.7/share/julia/base/mpfr.jl:632;~/.cache/merl-batch/2026-10-03/scratch/653/julia-1.11.7/share/julia/base/mpfr.jl:618		
julia0262			
julia0263	~/.cache/merl-batch/2026-10-03/scratch/653/depot/packages/Tables/qGyu7/src/fallbacks.jl:115		
julia0264	~/.cache/merl-batch/2026-10-03/scratch/653/julia-1.11.7/share/julia/base/boot.jl:383		
julia0265	~/.cache/merl-batch/2026-10-03/scratch/653/julia-1.11.7/share/julia/base/boot.jl:725;~/.cache/merl-batch/2026-10-03/scratch/653/depot/packages/Tables/qGyu7/src/Tables.jl:198;~/.cache/merl-batch/2026-10-03/scratch/653/julia-1.11.7/share/julia/base/namedtuple.jl:151		
julia0266	~/.cache/merl-batch/2026-10-03/scratch/653/julia-1.11.7/share/julia/base/strings/io.jl:309;~/.cache/merl-batch/2026-10-03/scratch/653/julia-1.11.7/share/julia/base/strings/io.jl:308;~/.cache/merl-batch/2026-10-03/scratch/653/julia-1.11.7/share/julia/base/iobuffer.jl:119;~/.cache/merl-batch/2026-10-03/scratch/653/julia-1.11.7/share/julia/base/iobuffer.jl:97;~/.cache/merl-batch/2026-10-03/scratch/653/julia-1.11.7/share/julia/base/iobuffer.jl:19;~/.cache/merl-batch/2026-10-03/scratch/653/julia-1.11.7/share/julia/base/iobuffer.jl:32;~/.cache/merl-batch/2026-10-03/scratch/653/julia-1.11.7/share/julia/base/iobuffer.jl:28		
julia0267	~/.cache/merl-batch/2026-10-03/scratch/653/julia-1.11.7/share/julia/base/boot.jl:331;~/.cache/merl-batch/2026-10-03/scratch/653/julia-1.11.7/share/julia/base/boot.jl:330;~/.cache/merl-batch/2026-10-03/scratch/653/julia-1.11.7/share/julia/base/boot.jl:329		
julia0268			
julia0269	src/groupeddataframe/groupeddataframe.jl:644		
julia0270	~/.cache/merl-batch/2026-10-03/scratch/653/julia-1.11.7/share/julia/base/essentials.jl:1156		
julia0271	src/dataframerow/dataframerow.jl:76;src/dataframerow/dataframerow.jl:91;src/dataframerow/dataframerow.jl:98;src/dataframerow/dataframerow.jl:101;src/dataframerow/dataframerow.jl:113;src/dataframerow/dataframerow.jl:116		
julia0272	src/other/metadata.jl:426;src/other/metadata.jl:436;src/other/metadata.jl:442;src/other/metadata.jl:445;src/other/metadata.jl:448;src/other/metadata.jl:460		
julia0273	test/subset.jl:523		
julia0274	src/other/index.jl:13		
julia0275	~/.cache/merl-batch/2026-10-03/scratch/653/julia-1.11.7/share/julia/base/essentials.jl:1156		
julia0276	~/.cache/merl-batch/2026-10-03/scratch/653/julia-1.11.7/share/julia/base/Base.jl:42;~/.cache/merl-batch/2026-10-03/scratch/653/julia-1.11.7/share/julia/base/Base.jl:58;~/.cache/merl-batch/2026-10-03/scratch/653/julia-1.11.7/share/julia/base/task.jl:171;~/.cache/merl-batch/2026-10-03/scratch/653/julia-1.11.7/share/julia/base/deprecated.jl:348;~/.cache/merl-batch/2026-10-03/scratch/653/julia-1.11.7/share/julia/base/Base.jl:43;~/.cache/merl-batch/2026-10-03/scratch/653/julia-1.11.7/share/julia/base/Base.jl:65;~/.cache/merl-batch/2026-10-03/scratch/653/julia-1.11.7/share/julia/base/io.jl:436;~/.cache/merl-batch/2026-10-03/scratch/653/julia-1.11.7/share/julia/base/stream.jl:29;~/.cache/merl-batch/2026-10-03/scratch/653/julia-1.11.7/share/julia/base/deprecated.jl:325;~/.cache/merl-batch/2026-10-03/scratch/653/julia-1.11.7/share/julia/base/Base.jl:46;~/.cache/merl-batch/2026-10-03/scratch/653/julia-1.11.7/share/julia/base/Base.jl:67;~/.cache/merl-batch/2026-10-03/scratch/653/julia-1.11.7/share/julia/base/stream.jl:58;~/.cache/merl-batch/2026-10-03/scratch/653/julia-1.11.7/share/julia/base/Base.jl:70;~/.cache/merl-batch/2026-10-03/scratch/653/julia-1.11.7/share/julia/base/Base.jl:49;~/.cache/merl-batch/2026-10-03/scratch/653/depot/packages/Tables/qGyu7/src/Tables.jl:501;~/.cache/merl-batch/2026-10-03/scratch/653/depot/packages/Tables/qGyu7/src/fallbacks.jl:64;~/.cache/merl-batch/2026-10-03/scratch/653/depot/packages/Tables/qGyu7/src/fallbacks.jl:65;~/.cache/merl-batch/2026-10-03/scratch/653/depot/packages/Tables/qGyu7/src/Tables.jl:186;~/.cache/merl-batch/2026-10-03/scratch/653/depot/packages/Tables/qGyu7/src/Tables.jl:187;~/.cache/merl-batch/2026-10-03/scratch/653/depot/packages/PrettyTables/4jZ8K/src/types.jl:589;~/.cache/merl-batch/2026-10-03/scratch/653/julia-1.11.7/share/julia/base/file.jl:1326;~/.cache/merl-batch/2026-10-03/scratch/653/julia-1.11.7/share/julia/base/file.jl:943;~/.cache/merl-batch/2026-10-03/scratch/653/julia-1.11.7/share/julia/stdlib/v1.11/LinearAlgebra/src/schur.jl:407;~/.cache/merl-batch/2026-10-03/scratch/653/julia-1.11.7/share/julia/stdlib/v1.11/LinearAlgebra/src/qr.jl:471;~/.cache/merl-batch/2026-10-03/scratch/653/julia-1.11.7/share/julia/stdlib/v1.11/LinearAlgebra/src/hessenberg.jl:486;~/.cache/merl-batch/2026-10-03/scratch/653/julia-1.11.7/share/julia/stdlib/v1.11/LinearAlgebra/src/svd.jl:467;~/.cache/merl-batch/2026-10-03/scratch/653/julia-1.11.7/share/julia/stdlib/v1.11/LinearAlgebra/src/diagonal.jl:1003;~/.cache/merl-batch/2026-10-03/scratch/653/julia-1.11.7/share/julia/stdlib/v1.11/LinearAlgebra/src/cholesky.jl:518;~/.cache/merl-batch/2026-10-03/scratch/653/julia-1.11.7/share/julia/stdlib/v1.11/LinearAlgebra/src/lu.jl:658;~/.cache/merl-batch/2026-10-03/scratch/653/julia-1.11.7/share/julia/stdlib/v1.11/LinearAlgebra/src/lu.jl:382;~/.cache/merl-batch/2026-10-03/scratch/653/julia-1.11.7/share/julia/stdlib/v1.11/LinearAlgebra/src/bunchkaufman.jl:249;~/.cache/merl-batch/2026-10-03/scratch/653/julia-1.11.7/share/julia/stdlib/v1.11/LinearAlgebra/src/qr.jl:494;~/.cache/merl-batch/2026-10-03/scratch/653/julia-1.11.7/share/julia/stdlib/v1.11/LinearAlgebra/src/lq.jl:134;~/.cache/merl-batch/2026-10-03/scratch/653/julia-1.11.7/share/julia/stdlib/v1.11/LinearAlgebra/src/schur.jl:198;~/.cache/merl-batch/2026-10-03/scratch/653/julia-1.11.7/share/julia/stdlib/v1.11/LinearAlgebra/src/svd.jl:200;~/.cache/merl-batch/2026-10-03/scratch/653/julia-1.11.7/share/julia/stdlib/v1.11/LinearAlgebra/src/cholesky.jl:534;~/.cache/merl-batch/2026-10-03/scratch/653/julia-1.11.7/share/julia/stdlib/v1.11/LinearAlgebra/src/qr.jl:481;~/.cache/merl-batch/2026-10-03/scratch/653/julia-1.11.7/share/julia/stdlib/v1.11/LinearAlgebra/src/ldlt.jl:65;src/abstractdataframe/abstractdataframe.jl:448;src/abstractdataframe/abstractdataframe.jl:449;src/dataframerow/dataframerow.jl:302;src/dataframerow/dataframerow.jl:303;src/groupeddataframe/groupeddataframe.jl:298;src/groupeddataframe/groupeddataframe.jl:682;src/groupeddataframe/groupeddataframe.jl:690;src/abstractdataframe/iteration.jl:89;src/abstractdataframe/iteration.jl:91;src/abstractdataframe/iteration.jl:277;src/abstractdataframe/iteration.jl:279		
julia0277			
julia0278	~/.cache/merl-batch/2026-10-03/scratch/653/julia-1.11.7/share/julia/base/strings/substring.jl:116;~/.cache/merl-batch/2026-10-03/scratch/653/julia-1.11.7/share/julia/base/reshapedarray.jl:222;~/.cache/merl-batch/2026-10-03/scratch/653/julia-1.11.7/share/julia/base/subarray.jl:81;~/.cache/merl-batch/2026-10-03/scratch/653/julia-1.11.7/share/julia/base/subarray.jl:103;src/abstractdataframe/abstractdataframe.jl:1917;src/subdataframe/subdataframe.jl:138;src/dataframerow/dataframerow.jl:197		
julia0279	src/abstractdataframe/abstractdataframe.jl:27		
julia0280	~/.cache/merl-batch/2026-10-03/scratch/653/julia-1.11.7/share/julia/base/subarray.jl:80;~/.cache/merl-batch/2026-10-03/scratch/653/julia-1.11.7/share/julia/base/slicearray.jl:245;~/.cache/merl-batch/2026-10-03/scratch/653/julia-1.11.7/share/julia/base/strings/substring.jl:115;~/.cache/merl-batch/2026-10-03/scratch/653/julia-1.11.7/share/julia/base/reshapedarray.jl:221;~/.cache/merl-batch/2026-10-03/scratch/653/julia-1.11.7/share/julia/base/reinterpretarray.jl:340;~/.cache/merl-batch/2026-10-03/scratch/653/julia-1.11.7/share/julia/base/abstractarray.jl:1482;~/.cache/merl-batch/2026-10-03/scratch/653/julia-1.11.7/share/julia/base/permuteddimsarray.jl:48	parent of a SubDataFrame: DataFrames' method answers, the oracle lists only the generic's methods outside the project	
julia0281	~/.cache/merl-batch/2026-10-03/scratch/653/julia-1.11.7/share/julia/base/bitset.jl:48;~/.cache/merl-batch/2026-10-03/scratch/653/julia-1.11.7/share/julia/base/secretbuffer.jl:120;~/.cache/merl-batch/2026-10-03/scratch/653/julia-1.11.7/share/julia/base/expr.jl:76;~/.cache/merl-batch/2026-10-03/scratch/653/julia-1.11.7/share/julia/base/expr.jl:44;~/.cache/merl-batch/2026-10-03/scratch/653/julia-1.11.7/share/julia/base/strings/annotated.jl:488;~/.cache/merl-batch/2026-10-03/scratch/653/julia-1.11.7/share/julia/base/array.jl:345;~/.cache/merl-batch/2026-10-03/scratch/653/julia-1.11.7/share/julia/base/idset.jl:39;~/.cache/merl-batch/2026-10-03/scratch/653/julia-1.11.7/share/julia/base/iddict.jl:146;~/.cache/merl-batch/2026-10-03/scratch/653/julia-1.11.7/share/julia/base/weakkeydict.jl:50;~/.cache/merl-batch/2026-10-03/scratch/653/julia-1.11.7/share/julia/base/dict.jl:110;~/.cache/merl-batch/2026-10-03/scratch/653/julia-1.11.7/share/julia/base/abstractdict.jl:197;~/.cache/merl-batch/2026-10-03/scratch/653/julia-1.11.7/share/julia/base/set.jl:166;~/.cache/merl-batch/2026-10-03/scratch/653/julia-1.11.7/share/julia/base/abstractdict.jl:71;~/.cache/merl-batch/2026-10-03/scratch/653/julia-1.11.7/share/julia/base/subarray.jl:72;~/.cache/merl-batch/2026-10-03/scratch/653/julia-1.11.7/share/julia/base/genericmemory.jl:170;~/.cache/merl-batch/2026-10-03/scratch/653/julia-1.11.7/share/julia/base/range.jl:892;~/.cache/merl-batch/2026-10-03/scratch/653/julia-1.11.7/share/julia/base/iobuffer.jl:158;~/.cache/merl-batch/2026-10-03/scratch/653/julia-1.11.7/share/julia/base/abstractarray.jl:1133;~/.cache/merl-batch/2026-10-03/scratch/653/julia-1.11.7/share/julia/base/number.jl:113;~/.cache/merl-batch/2026-10-03/scratch/653/julia-1.11.7/share/julia/stdlib/v1.11/Random/src/DSFMT.jl:37;~/.cache/merl-batch/2026-10-03/scratch/653/julia-1.11.7/share/julia/stdlib/v1.11/Random/src/DSFMT.jl:111;~/.cache/merl-batch/2026-10-03/scratch/653/julia-1.11.7/share/julia/stdlib/v1.11/Random/src/RNGs.jl:129;~/.cache/merl-batch/2026-10-03/scratch/653/julia-1.11.7/share/julia/stdlib/v1.11/Random/src/Xoshiro.jl:243;~/.cache/merl-batch/2026-10-03/scratch/653/julia-1.11.7/share/julia/base/broadcast.jl:1098;~/.cache/merl-batch/2026-10-03/scratch/653/julia-1.11.7/share/julia/base/broadcast.jl:888;~/.cache/merl-batch/2026-10-03/scratch/653/julia-1.11.7/share/julia/base/broadcast.jl:887;~/.cache/merl-batch/2026-10-03/scratch/653/julia-1.11.7/share/julia/base/broadcast.jl:893	copy of a DataFrameRow: DataFrames' method answers, the oracle lists only the generic's methods outside the project	
julia0282	src/dataframe/dataframe.jl:178;src/dataframe/dataframe.jl:257;src/dataframe/dataframe.jl:259;src/dataframe/dataframe.jl:267;src/dataframe/dataframe.jl:276;src/dataframe/dataframe.jl:291;src/dataframe/dataframe.jl:312;src/dataframe/dataframe.jl:338;src/dataframe/dataframe.jl:355;src/dataframe/dataframe.jl:359;src/dataframe/dataframe.jl:365;src/dataframe/dataframe.jl:369;src/dataframe/dataframe.jl:379;src/dataframe/dataframe.jl:386;src/dataframe/dataframe.jl:390;src/dataframe/dataframe.jl:402;src/dataframe/dataframe.jl:407;src/dataframe/dataframe.jl:412;src/dataframe/dataframe.jl:418;src/subdataframe/subdataframe.jl:309;src/dataframerow/dataframerow.jl:491;src/groupeddataframe/groupeddataframe.jl:352;src/other/tables.jl:48;src/other/tables.jl:67;src/other/tables.jl:74		
julia0283	test/dataframe.jl:1219		
julia0284	src/other/index.jl:23		
julia0285	test/data.jl:14		
julia0286			
julia0287	~/.cache/merl-batch/2026-10-03/scratch/653/julia-1.11.7/share/julia/base/bitset.jl:328;~/.cache/merl-batch/2026-10-03/scratch/653/julia-1.11.7/share/julia/base/set.jl:668;~/.cache/merl-batch/2026-10-03/scratch/653/julia-1.11.7/share/julia/base/idset.jl:106;~/.cache/merl-batch/2026-10-03/scratch/653/julia-1.11.7/share/julia/base/dict.jl:718;~/.cache/merl-batch/2026-10-03/scratch/653/julia-1.11.7/share/julia/base/array.jl:2918;~/.cache/merl-batch/2026-10-03/scratch/653/julia-1.11.7/share/julia/base/iddict.jl:186;~/.cache/merl-batch/2026-10-03/scratch/653/julia-1.11.7/share/julia/base/weakkeydict.jl:208;~/.cache/merl-batch/2026-10-03/scratch/653/julia-1.11.7/share/julia/base/abstractdict.jl:437	filter! on a DataFrame: DataFrames' method answers, the oracle lists only the generic's methods outside the project	
julia0288			
julia0289	src/other/index.jl:489;src/other/index.jl:490;src/other/index.jl:504;src/other/index.jl:506;src/other/index.jl:508;src/other/index.jl:511;src/other/index.jl:522;src/other/index.jl:525;src/other/index.jl:528;src/other/index.jl:531;src/other/index.jl:534;src/other/index.jl:537		
julia0290	src/other/metadata.jl:151;src/other/metadata.jl:159;src/other/metadata.jl:162		
julia0291	~/.cache/merl-batch/2026-10-03/scratch/653/julia-1.11.7/share/julia/base/array.jl:14;~/.cache/merl-batch/2026-10-03/scratch/653/julia-1.11.7/share/julia/base/array.jl:12		
julia0292	src/dataframe/dataframe.jl:241		
julia0293	~/.cache/merl-batch/2026-10-03/scratch/653/julia-1.11.7/share/julia/base/terminfo.jl:384;~/.cache/merl-batch/2026-10-03/scratch/653/julia-1.11.7/share/julia/base/terminfo.jl:221;~/.cache/merl-batch/2026-10-03/scratch/653/julia-1.11.7/share/julia/base/dict.jl:812;~/.cache/merl-batch/2026-10-03/scratch/653/julia-1.11.7/share/julia/base/idset.jl:41;~/.cache/merl-batch/2026-10-03/scratch/653/julia-1.11.7/share/julia/base/show.jl:424;~/.cache/merl-batch/2026-10-03/scratch/653/julia-1.11.7/share/julia/base/show.jl:425;~/.cache/merl-batch/2026-10-03/scratch/653/julia-1.11.7/share/julia/base/regex.jl:289;~/.cache/merl-batch/2026-10-03/scratch/653/julia-1.11.7/share/julia/base/regex.jl:288;~/.cache/merl-batch/2026-10-03/scratch/653/julia-1.11.7/share/julia/base/dict.jl:988;~/.cache/merl-batch/2026-10-03/scratch/653/julia-1.11.7/share/julia/base/namedtuple.jl:387;~/.cache/merl-batch/2026-10-03/scratch/653/julia-1.11.7/share/julia/base/dict.jl:548;~/.cache/merl-batch/2026-10-03/scratch/653/julia-1.11.7/share/julia/base/weakkeydict.jl:171;~/.cache/merl-batch/2026-10-03/scratch/653/julia-1.11.7/share/julia/base/abstractdict.jl:19;~/.cache/merl-batch/2026-10-03/scratch/653/depot/packages/Tables/qGyu7/src/Tables.jl:191;~/.cache/merl-batch/2026-10-03/scratch/653/depot/packages/Tables/qGyu7/src/Tables.jl:192;~/.cache/merl-batch/2026-10-03/scratch/653/julia-1.11.7/share/julia/base/binaryplatforms.jl:152;~/.cache/merl-batch/2026-10-03/scratch/653/julia-1.11.7/share/julia/base/iterators.jl:321;src/other/index.jl:114;src/other/index.jl:116;src/other/index.jl:117;src/other/index.jl:118;src/other/index.jl:119;src/other/index.jl:574;src/other/index.jl:577;src/other/index.jl:585;src/other/index.jl:586;src/other/index.jl:587;src/dataframerow/dataframerow.jl:282;src/dataframerow/dataframerow.jl:284;src/dataframerow/dataframerow.jl:286;src/dataframerow/dataframerow.jl:288;src/dataframerow/dataframerow.jl:299;src/groupeddataframe/groupeddataframe.jl:660;src/groupeddataframe/groupeddataframe.jl:662;src/groupeddataframe/groupeddataframe.jl:663;src/groupeddataframe/groupeddataframe.jl:664;src/groupeddataframe/groupeddataframe.jl:1017;src/groupeddataframe/groupeddataframe.jl:1020;src/groupeddataframe/groupeddataframe.jl:1033;src/groupeddataframe/groupeddataframe.jl:1041;src/groupeddataframe/groupeddataframe.jl:1049;src/groupeddataframe/groupeddataframe.jl:1052;src/abstractdataframe/iteration.jl:313;src/abstractdataframe/iteration.jl:315		
julia0294			
julia0295			
julia0296	src/dataframerow/dataframerow.jl:76;src/dataframerow/dataframerow.jl:86;src/dataframerow/dataframerow.jl:91;src/dataframerow/dataframerow.jl:98;src/dataframerow/dataframerow.jl:101;src/dataframerow/dataframerow.jl:113;src/dataframerow/dataframerow.jl:116		
julia0297	~/.cache/merl-batch/2026-10-03/scratch/653/julia-1.11.7/share/julia/base/boot.jl:383		
julia0298	src/join/core.jl:14		
julia0299	src/other/metadata.jl:360;src/other/metadata.jl:384;src/other/metadata.jl:389		
