# NVIM v0.12.5, nvim-treesitter 910fdf6: 13021 folds in 288 files, 4 files left out for a syntax error
# path (project/file)	each fold as line:last hidden line, 1-based
Alamofire/watchOS Example/watchOS Example WatchKit App/Assets.xcassets/AppIcon.appiconset/Contents.json	1:81 2:76 3:9 10:16 17:22 23:28 29:35 36:42 43:49 50:56 57:63 64:70 71:75 77:80
Alamofire/watchOS Example/watchOS Example WatchKit Extension/Assets.xcassets/Complication.complicationset/Graphic Corner.imageset/Contents.json	1:28 2:23 3:7 8:12 13:17 18:22 24:27
SDWebImage/Examples/Packages/RealityKitContent/Package.realitycomposerpro/WorkspaceData/SceneMetadataList.json	1:209 2:49 3:20 21:48 22:25 26:29 30:34 35:38 39:43 44:47 50:72 51:68 69:71 73:95 74:91 92:94 96:125 97:114 115:124 116:119 120:123 126:148 127:144 145:147 149:178 150:167 168:177 169:172 173:176 179:208 180:197 198:207 199:202 203:206
SDWebImage/Examples/SDWebImage Demo/Assets.xcassets/placeholder.imageset/Contents.json	1:22 2:17 3:7 8:12 13:16 18:21
SDWebImage/Examples/SDWebImage OSX Demo/Assets.xcassets/AppIcon.appiconset/Contents.json	1:58 2:53 3:7 8:12 13:17 18:22 23:27 28:32 33:37 38:42 43:47 48:52 54:57
SDWebImage/Examples/SDWebImage TV Demo/Assets.xcassets/App Icon & Top Shelf Image.brandassets/App Icon - Large.imagestack/Back.imagestacklayer/Content.imageset/Contents.json	1:16 2:11 3:6 7:10 12:15
SDWebImage/Examples/SDWebImage TV Demo/Assets.xcassets/App Icon & Top Shelf Image.brandassets/App Icon - Large.imagestack/Front.imagestacklayer/Contents.json	1:6 2:5
SDWebImage/Examples/SDWebImage TV Demo/Assets.xcassets/App Icon & Top Shelf Image.brandassets/App Icon - Large.imagestack/Middle.imagestacklayer/Contents.json	1:6 2:5
SDWebImage/Examples/SDWebImage TV Demo/Assets.xcassets/App Icon & Top Shelf Image.brandassets/App Icon - Small.imagestack/Middle.imagestacklayer/Contents.json	1:6 2:5
SDWebImage/Examples/SDWebImage TV Demo/Assets.xcassets/App Icon & Top Shelf Image.brandassets/Top Shelf Image Wide.imageset/Contents.json	1:16 2:11 3:6 7:10 12:15
SDWebImage/Examples/SDWebImage TV Demo/Assets.xcassets/App Icon & Top Shelf Image.brandassets/Top Shelf Image.imageset/Contents.json	1:16 2:11 3:6 7:10 12:15
SDWebImage/Examples/SDWebImage TV Demo/Assets.xcassets/Contents.json	1:6 2:5
SDWebImage/Examples/SDWebImage Vision Demo/Assets.xcassets/AppIcon.solidimagestack/Front.solidimagestacklayer/Content.imageset/Contents.json	1:12 2:7 3:6 8:11
SDWebImage/Examples/SDWebImage Vision Demo/Assets.xcassets/AppIcon.solidimagestack/Middle.solidimagestacklayer/Contents.json	1:6 2:5
SDWebImage/Examples/SDWebImage Watch Demo/Assets.xcassets/AppIcon.appiconset/Contents.json	1:81 2:76 3:9 10:16 17:22 23:28 29:35 36:42 43:49 50:56 57:63 64:70 71:75 77:80
eShop/package.json	1:21 5:7 8:12 16:20
eShop/src/Basket.API/appsettings.json	1:23 2:7 3:6 8:12 9:11 13:16 17:19 20:22
eShop/src/Catalog.API/Catalog.API.json	1:1260 3:7 8:955 9:72 10:71 11:13 17:45 18:34 23:33 25:32 27:30 35:44 40:43 46:70 47:59 49:58 50:57 51:56 53:55 60:69 62:68 63:67 64:66 73:169 74:129 75:77 81:103 82:92 87:91 93:102 98:101 104:128 105:114 107:113 108:112 109:111 115:117 118:127 120:126 121:125 122:124 130:168 131:133 137:159 138:148 143:147 149:158 154:157 160:167 161:163 164:166 170:272 171:271 172:174 178:200 179:189 184:188 190:199 195:198 201:270 202:204 205:269 207:268 208:213 209:212 214:219 215:218 220:225 221:224 226:231 227:230 232:237 233:236 238:243 239:242 244:249 245:248 250:255 251:254 256:261 257:260 262:267 263:266 273:338 274:337 275:277 281:324 282:297 286:296 288:295 290:293 298:313 302:312 304:311 306:309 314:323 319:322 325:336 326:335 328:334 329:333 330:332 339:385 340:384 341:343 347:358 348:357 353:356 359:383 360:372 362:371 363:370 364:369 366:368 373:382 375:381 376:380 377:379 386:432 387:431 388:390 394:405 395:404 400:403 406:430 407:419 409:418 410:417 411:416 413:415 420:429 422:428 423:427 424:426 433:604 434:478 435:437 441:452 442:451 447:450 453:462 454:460 455:459 456:458 463:477 464:466 467:476 469:475 470:474 471:473 479:548 480:482 486:525 487:500 491:499 493:496 501:514 505:513 507:510 515:524 520:523 526:547 527:536 529:535 530:534 531:533 537:546 539:545 540:544 541:543 549:603 550:552 556:567 557:566 562:565 568:577 569:575 570:574 571:573 578:602 579:581 582:591 584:590 585:589 586:588 592:601 594:600 595:599 596:598 605:686 606:685 607:609 613:662 614:627 618:626 620:623 628:641 632:640 634:637 642:651 647:650 652:661 657:660 663:684 664:673 666:672 667:671 668:670 674:683 676:682 677:681 678:680 687:768 688:767 689:691 695:744 696:709 700:708 702:705 710:723 714:722 716:719 724:733 729:732 734:743 739:742 745:766 746:755 748:754 749:753 750:752 756:765 758:764 759:763 760:762 769:868 770:867 771:773 777:844 778:791 782:790 784:787 792:805 796:804 798:801 806:819 811:818 813:816 820:833 825:832 827:830 834:843 839:842 845:866 846:855 848:854 849:853 850:852 856:865 858:864 859:863 860:862 869:954 870:953 871:873 877:930 878:891 882:890 884:887 892:905 896:904 898:901 906:919 911:918 913:916 920:929 925:928 931:952 932:941 934:940 935:939 936:938 942:951 944:950 945:949 946:948 956:1242 957:1241 958:976 959:961 963:975 964:971 966:969 972:974 977:1001 978:981 983:1000 984:991 986:989 992:999 994:997 1002:1040 1003:1008 1010:1039 1011:1016 1013:1015 1017:1022 1019:1021 1023:1030 1025:1028 1031:1038 1033:1036 1041:1142 1042:1044 1046:1141 1047:1054 1049:1052 1055:1057 1058:1063 1059:1062 1064:1071 1066:1069 1072:1077 1073:1076 1078:1085 1080:1083 1086:1095 1087:1094 1088:1090 1091:1093 1096:1103 1098:1101 1104:1113 1105:1112 1106:1108 1109:1111 1114:1121 1116:1119 1122:1129 1124:1127 1130:1137 1132:1135 1138:1140 1143:1161 1144:1146 1148:1160 1149:1156 1151:1154 1157:1159 1162:1202 1163:1168 1170:1201 1171:1178 1173:1176 1179:1186 1181:1184 1187:1194 1189:1192 1195:1200 1197:1199 1203:1240 1205:1239 1206:1211 1207:1210 1212:1217 1213:1216 1218:1226 1220:1224 1227:1232 1228:1231 1233:1238 1234:1237 1243:1259 1244:1246 1247:1249 1250:1252 1253:1255 1256:1258
eShop/src/HybridApp/Properties/launchSettings.json	1:8 2:7 3:6
eShop/src/Identity.API/bundleconfig.json	3:24 4:10 7:9 11:23 13:15 17:20
eShop/src/Ordering.API/Properties/launchSettings.json	1:12 2:11 3:10 7:9
eShop/src/Ordering.API/appsettings.Development.json	1:5 2:4
eShop/src/Ordering.API/appsettings.json	1:35 2:7 3:6 9:22 10:12 13:17 18:21 23:25 26:28 29:34 31:33
eShop/src/PaymentProcessor/Properties/launchSettings.json	1:12 2:11 3:10 7:9
eShop/src/WebApp/Properties/launchSettings.json	1:23 3:22 4:12 9:11 13:21 18:20
eShop/src/WebApp/appsettings.Development.json	1:8 2:7 3:6
eShop/src/WebhookClient/appsettings.json	1:12 2:7 3:6 9:11
eShop/src/Webhooks.API/Properties/launchSettings.json	1:12 2:11 3:10 7:9
eShop/src/Webhooks.API/appsettings.Development.json	1:12 2:8 3:7 9:11
eslint/conf/replacements.json	1:26 2:25 17:21
eslint/conf/rule-type-list.json	1:91 2:6 8:90 9:12 13:16 17:23 19:22 24:27 28:31 32:35 36:39 40:43 44:47 48:51 52:55 56:59 60:63 64:67 68:75 70:74 76:79 80:83 84:87
eslint/docs/package.json	1:65 10:23 24:57 58:60 61:64
eslint/docs/src/_data/conversions.json	1:42 2:6 7:11 12:16 17:21 22:26 27:31 32:36 37:41
eslint/docs/src/_data/further_reading_links.json	1:863 2:8 9:15 16:22 23:29 30:36 37:43 44:50 51:57 58:64 65:71 72:78 79:85 86:92 93:99 100:106 107:113 114:120 121:127 128:134 135:141 142:148 149:155 156:162 163:169 170:176 177:183 184:190 191:197 198:204 205:211 212:218 219:225 226:232 233:239 240:246 247:253 254:260 261:267 268:274 275:281 282:288 289:295 296:302 303:309 310:316 317:323 324:330 331:337 338:344 345:351 352:358 359:365 366:372 373:379 380:386 387:393 394:400 401:407 408:414 415:421 422:428 429:435 436:442 443:449 450:456 457:463 464:470 471:477 478:484 485:491 492:498 499:505 506:512 513:519 520:526 527:533 534:540 541:547 548:554 555:561 562:568 569:575 576:582 583:589 590:596 597:603 604:610 611:617 618:624 625:631 632:638 639:645 646:652 653:659 660:666 667:673 674:680 681:687 688:694 695:701 702:708 709:715 716:722 723:729 730:736 737:743 744:750 751:757 758:764 765:771 772:778 779:785 786:792 793:799 800:806 807:813 814:820 821:827 828:834 835:841 842:848 849:855 856:862
eslint/docs/src/_data/rules_meta.json	1:4950 2:17 4:11 5:10 12:16 18:46 19:38 24:37 25:36 28:31 32:35 40:44 47:75 48:67 53:66 54:65 57:60 61:64 69:73 76:91 78:84 79:83 85:89 92:120 93:112 98:111 99:110 102:105 106:109 114:118 121:133 123:125 126:131 134:162 135:154 140:153 141:152 144:147 148:151 156:160 163:191 164:183 169:182 170:181 173:176 177:180 185:189 192:199 194:198 200:228 201:220 206:219 207:218 210:213 214:217 222:226 229:257 230:249 235:248 236:247 239:242 243:246 251:255 258:284 259:277 264:276 265:275 267:270 271:274 279:283 285:302 287:295 288:294 296:301 303:315 305:310 312:314 316:334 318:324 319:323 325:333 327:330 335:363 336:355 341:354 342:353 345:348 349:352 357:361 364:392 365:384 370:383 371:382 374:377 378:381 386:390 393:421 394:413 399:412 400:411 403:406 407:410 415:419 422:432 424:426 427:431 433:461 434:453 439:452 440:451 443:446 447:450 455:459 462:474 464:468 469:473 470:472 475:486 477:482 483:485 487:494 489:493 495:507 497:502 503:505 508:518 510:512 513:517 519:526 521:525 527:539 529:538 531:534 540:568 541:560 546:559 547:558 550:553 554:557 562:566 569:584 571:576 572:575 577:582 585:613 586:605 591:604 592:603 595:598 599:602 607:611 614:626 617:621 622:624 627:635 629:633 636:664 637:656 642:655 643:654 646:649 650:653 658:662 665:676 667:672 673:675 677:688 679:682 683:687 689:709 691:698 693:697 699:708 701:704 710:738 711:730 716:729 717:728 720:723 724:727 732:736 739:767 740:759 745:758 746:757 749:752 753:756 761:765 768:796 769:788 774:787 775:786 778:781 782:785 790:794 797:810 799:803 800:802 804:808 811:837 812:830 817:829 818:828 820:823 824:827 832:836 838:851 840:845 842:844 846:850 852:859 854:858 860:886 861:879 866:878 867:877 869:872 873:876 881:885 887:908 888:901 893:900 894:899 895:898 903:907 909:918 912:917 919:935 921:928 922:927 929:934 936:953 938:946 940:945 947:952 954:982 955:974 960:973 961:972 964:967 968:971 976:980 983:1011 984:1003 989:1002 990:1001 993:996 997:1000 1005:1009 1012:1040 1014:1018 1019:1038 1024:1037 1025:1036 1028:1031 1032:1035 1041:1056 1043:1052 1045:1048 1053:1055 1057:1085 1058:1077 1063:1076 1064:1075 1067:1070 1071:1074 1079:1083 1086:1114 1087:1106 1092:1105 1093:1104 1096:1099 1100:1103 1108:1112 1115:1143 1116:1135 1121:1134 1122:1133 1125:1128 1129:1132 1137:1141 1144:1171 1145:1164 1150:1163 1151:1162 1154:1157 1158:1161 1166:1170 1172:1200 1173:1192 1178:1191 1179:1190 1182:1185 1186:1189 1194:1198 1201:1229 1202:1221 1207:1220 1208:1219 1211:1214 1215:1218 1223:1227 1230:1258 1232:1236 1238:1257 1243:1256 1244:1255 1247:1250 1251:1254 1259:1287 1260:1279 1265:1278 1266:1277 1269:1272 1273:1276 1281:1285 1288:1301 1290:1295 1296:1298 1302:1312 1304:1308 1309:1311 1313:1323 1315:1319 1320:1322 1324:1351 1325:1344 1330:1343 1331:1342 1334:1337 1338:1341 1346:1350 1352:1362 1354:1358 1359:1361 1363:1373 1365:1369 1370:1372 1374:1384 1376:1380 1381:1383 1385:1399 1387:1395 1389:1392 1396:1398 1400:1410 1402:1406 1407:1409 1411:1438 1412:1431 1417:1430 1418:1429 1421:1424 1425:1428 1433:1437 1439:1467 1440:1459 1445:1458 1446:1457 1449:1452 1453:1456 1461:1465 1468:1496 1469:1488 1474:1487 1475:1486 1478:1481 1482:1485 1490:1494 1497:1513 1499:1503 1504:1512 1505:1511 1514:1542 1515:1534 1520:1533 1521:1532 1524:1527 1528:1531 1536:1540 1543:1571 1545:1549 1551:1570 1556:1569 1557:1568 1560:1563 1564:1567 1572:1600 1574:1578 1580:1599 1585:1598 1586:1597 1589:1592 1593:1596 1601:1629 1602:1621 1607:1620 1608:1619 1611:1614 1615:1618 1623:1627 1630:1637 1632:1636 1638:1651 1640:1648 1642:1645 1652:1660 1654:1658 1661:1668 1663:1667 1669:1682 1671:1676 1672:1675 1677:1681 1683:1709 1684:1702 1689:1701 1690:1700 1692:1695 1696:1699 1704:1708 1710:1717 1712:1716 1718:1726 1720:1724 1727:1748 1729:1733 1734:1747 1739:1746 1740:1745 1741:1744 1749:1756 1751:1755 1757:1766 1759:1763 1767:1777 1769:1771 1772:1776 1778:1806 1779:1798 1784:1797 1785:1796 1788:1791 1792:1795 1800:1804 1807:1818 1809:1811 1812:1816 1819:1826 1821:1825 1827:1839 1829:1833 1834:1838 1835:1837 1840:1852 1842:1846 1843:1845 1847:1851 1853:1861 1855:1859 1862:1870 1864:1869 1871:1878 1873:1877 1879:1887 1881:1885 1888:1895 1890:1894 1896:1905 1898:1903 1906:1913 1908:1912 1914:1925 1916:1924 1918:1921 1926:1933 1928:1932 1934:1941 1936:1940 1942:1949 1944:1948 1950:1967 1952:1957 1953:1956 1958:1966 1960:1963 1968:1982 1970:1974 1971:1973 1975:1980 1983:1996 1986:1990 1987:1989 1991:1995 1997:2004 1999:2003 2005:2022 2008:2012 2009:2011 2013:2021 2015:2018 2023:2035 2025:2029 2026:2028 2030:2034 2036:2044 2039:2043 2045:2052 2047:2051 2053:2065 2055:2059 2056:2058 2060:2064 2066:2073 2068:2072 2074:2086 2076:2080 2077:2079 2081:2085 2087:2095 2089:2093 2096:2108 2098:2100 2101:2106 2109:2118 2111:2116 2119:2147 2120:2139 2125:2138 2126:2137 2129:2132 2133:2136 2141:2145 2148:2176 2149:2168 2154:2167 2155:2166 2158:2161 2162:2165 2170:2174 2177:2190 2179:2184 2180:2183 2185:2189 2191:2219 2192:2211 2197:2210 2198:2209 2201:2204 2205:2208 2213:2217 2220:2227 2222:2226 2228:2240 2230:2234 2231:2233 2235:2239 2241:2260 2244:2249 2251:2259 2252:2258 2261:2273 2263:2267 2264:2266 2268:2272 2274:2281 2276:2280 2282:2289 2284:2288 2290:2301 2292:2294 2295:2300 2302:2315 2304:2309 2306:2308 2310:2314 2316:2326 2318:2320 2321:2325 2327:2343 2329:2333 2330:2332 2334:2342 2336:2339 2344:2360 2346:2354 2347:2353 2355:2359 2361:2368 2363:2367 2369:2377 2371:2376 2378:2392 2380:2385 2381:2384 2386:2391 2393:2400 2395:2399 2401:2410 2403:2408 2411:2422 2413:2421 2415:2418 2423:2434 2425:2433 2427:2430 2435:2461 2437:2446 2439:2442 2447:2460 2448:2459 2462:2475 2464:2468 2465:2467 2469:2473 2476:2503 2477:2496 2482:2495 2483:2494 2486:2489 2490:2493 2498:2502 2504:2530 2505:2523 2510:2522 2511:2521 2513:2516 2517:2520 2525:2529 2531:2558 2532:2551 2537:2550 2538:2549 2541:2544 2545:2548 2553:2557 2559:2571 2561:2565 2562:2564 2566:2570 2572:2600 2573:2592 2578:2591 2579:2590 2582:2585 2586:2589 2594:2598 2601:2609 2603:2608 2610:2638 2611:2630 2616:2629 2617:2628 2620:2623 2624:2627 2632:2636 2639:2660 2641:2645 2646:2659 2651:2658 2652:2657 2653:2656 2661:2669 2663:2668 2670:2691 2672:2676 2677:2690 2682:2689 2683:2688 2684:2687 2692:2700 2694:2699 2701:2708 2703:2707 2709:2716 2711:2715 2717:2724 2719:2723 2725:2746 2727:2731 2732:2745 2737:2744 2738:2743 2739:2742 2747:2773 2748:2766 2753:2765 2754:2764 2756:2759 2760:2763 2768:2772 2774:2795 2776:2780 2781:2794 2786:2793 2787:2792 2788:2791 2796:2803 2798:2802 2804:2812 2806:2810 2813:2820 2815:2819 2821:2829 2823:2827 2830:2837 2832:2836 2838:2845 2840:2844 2846:2853 2848:2852 2854:2880 2855:2873 2860:2872 2861:2871 2863:2866 2867:2870 2875:2879 2881:2894 2883:2887 2884:2886 2888:2893 2895:2921 2896:2914 2901:2913 2902:2912 2904:2907 2908:2911 2916:2920 2922:2948 2923:2941 2928:2940 2929:2939 2931:2934 2935:2938 2943:2947 2949:2962 2951:2955 2952:2954 2956:2960 2963:2970 2965:2969 2971:2979 2973:2977 2980:2992 2982:2986 2983:2985 2987:2991 2993:3001 2995:2999 3002:3012 3004:3008 3009:3011 3013:3024 3015:3023 3017:3020 3025:3036 3027:3035 3029:3032 3037:3063 3038:3056 3043:3055 3044:3054 3046:3049 3050:3053 3058:3062 3064:3072 3066:3070 3073:3081 3075:3079 3082:3092 3084:3086 3087:3091 3093:3108 3096:3100 3102:3107 3109:3116 3111:3115 3117:3129 3119:3123 3120:3122 3124:3128 3130:3137 3132:3136 3138:3150 3140:3144 3145:3149 3146:3148 3151:3158 3153:3157 3159:3180 3161:3170 3162:3169 3171:3179 3173:3176 3181:3193 3183:3187 3184:3186 3188:3192 3194:3222 3196:3200 3201:3220 3206:3219 3207:3218 3210:3213 3214:3217 3223:3230 3225:3229 3231:3257 3232:3250 3237:3249 3238:3248 3240:3243 3244:3247 3252:3256 3258:3285 3259:3278 3264:3277 3265:3276 3268:3271 3272:3275 3280:3284 3286:3293 3288:3292 3294:3302 3296:3301 3303:3310 3305:3309 3311:3318 3313:3317 3319:3347 3320:3339 3325:3338 3326:3337 3329:3332 3333:3336 3341:3345 3348:3359 3350:3358 3352:3355 3360:3372 3362:3366 3363:3365 3367:3371 3373:3382 3375:3380 3383:3391 3385:3390 3392:3413 3394:3406 3395:3405 3407:3412 3414:3421 3416:3420 3422:3434 3424:3428 3429:3433 3430:3432 3435:3449 3437:3441 3438:3440 3442:3447 3450:3457 3452:3456 3458:3470 3460:3464 3461:3463 3465:3469 3471:3478 3473:3477 3479:3493 3481:3485 3482:3484 3486:3490 3494:3507 3496:3500 3497:3499 3501:3505 3508:3528 3510:3518 3512:3515 3519:3527 3520:3526 3529:3537 3531:3535 3538:3546 3541:3545 3547:3566 3549:3553 3555:3565 3556:3564 3567:3589 3569:3577 3571:3574 3578:3588 3579:3587 3590:3597 3592:3596 3598:3605 3600:3604 3606:3613 3608:3612 3614:3621 3616:3620 3622:3636 3624:3628 3625:3627 3629:3634 3637:3645 3639:3644 3646:3658 3648:3656 3650:3653 3659:3672 3661:3665 3662:3664 3666:3670 3673:3688 3675:3681 3676:3680 3682:3686 3689:3697 3691:3695 3698:3710 3700:3708 3702:3705 3711:3724 3713:3717 3714:3716 3718:3723 3725:3743 3727:3736 3728:3735 3730:3734 3737:3742 3744:3772 3745:3764 3750:3763 3751:3762 3754:3757 3758:3761 3766:3770 3773:3780 3775:3779 3781:3809 3782:3801 3787:3800 3788:3799 3791:3794 3795:3798 3803:3807 3810:3838 3811:3830 3816:3829 3817:3828 3820:3823 3824:3827 3832:3836 3839:3867 3840:3859 3845:3858 3846:3857 3849:3852 3853:3856 3861:3865 3868:3896 3869:3888 3874:3887 3875:3886 3878:3881 3882:3885 3890:3894 3897:3909 3899:3904 3906:3908 3910:3922 3912:3917 3919:3921 3923:3951 3924:3943 3929:3942 3930:3941 3933:3936 3937:3940 3945:3949 3952:3964 3954:3956 3957:3962 3965:3993 3966:3985 3971:3984 3972:3983 3975:3978 3979:3982 3987:3991 3994:4022 3995:4014 4000:4013 4001:4012 4004:4007 4008:4011 4016:4020 4023:4051 4024:4043 4029:4042 4030:4041 4033:4036 4037:4040 4045:4049 4052:4071 4054:4059 4055:4058 4060:4069 4062:4065 4072:4086 4074:4079 4075:4078 4080:4084 4087:4096 4089:4094 4097:4106 4099:4104 4107:4115 4109:4113 4116:4125 4118:4123 4126:4134 4128:4132 4135:4144 4137:4142 4145:4158 4147:4151 4148:4150 4152:4156 4159:4172 4161:4165 4166:4171 4173:4186 4175:4179 4176:4178 4180:4184 4187:4194 4189:4193 4195:4204 4197:4202 4205:4214 4207:4212 4215:4229 4217:4222 4218:4221 4223:4227 4230:4258 4231:4250 4236:4249 4237:4248 4240:4243 4244:4247 4252:4256 4259:4287 4260:4279 4265:4278 4266:4277 4269:4272 4273:4276 4281:4285 4288:4296 4290:4294 4297:4310 4299:4303 4300:4302 4304:4308 4311:4319 4313:4317 4320:4331 4322:4324 4325:4329 4332:4339 4334:4338 4340:4368 4341:4360 4346:4359 4347:4358 4350:4353 4354:4357 4362:4366 4369:4397 4370:4389 4375:4388 4376:4387 4379:4382 4383:4386 4391:4395 4398:4426 4399:4418 4404:4417 4405:4416 4408:4411 4412:4415 4420:4424 4427:4455 4428:4447 4433:4446 4434:4445 4437:4440 4441:4444 4449:4453 4456:4479 4458:4471 4459:4470 4464:4469 4472:4477 4480:4498 4482:4491 4484:4490 4492:4497 4499:4513 4501:4505 4502:4504 4506:4511 4514:4542 4515:4534 4520:4533 4521:4532 4524:4527 4528:4531 4536:4540 4543:4571 4544:4563 4549:4562 4550:4561 4553:4556 4557:4560 4565:4569 4572:4600 4573:4592 4578:4591 4579:4590 4582:4585 4586:4589 4594:4598 4601:4629 4602:4621 4607:4620 4608:4619 4611:4614 4615:4618 4623:4627 4630:4658 4631:4650 4636:4649 4637:4648 4640:4643 4644:4647 4652:4656 4659:4687 4660:4679 4665:4678 4666:4677 4669:4672 4673:4676 4681:4685 4688:4699 4690:4692 4693:4697 4700:4728 4701:4720 4706:4719 4707:4718 4710:4713 4714:4717 4722:4726 4729:4737 4731:4735 4738:4766 4739:4758 4744:4757 4745:4756 4748:4751 4752:4755 4760:4764 4767:4795 4768:4787 4773:4786 4774:4785 4777:4780 4781:4784 4789:4793 4796:4807 4798:4800 4801:4805 4808:4822 4811:4815 4816:4821 4817:4820 4823:4836 4825:4829 4826:4828 4830:4834 4837:4845 4839:4844 4846:4874 4847:4866 4852:4865 4853:4864 4856:4859 4860:4863 4868:4872 4875:4903 4876:4895 4881:4894 4882:4893 4885:4888 4889:4892 4897:4901 4904:4932 4905:4924 4910:4923 4911:4922 4914:4917 4918:4921 4926:4930 4933:4949 4935:4941 4937:4940 4942:4947
eslint/docs/src/_data/versions.json	1:24 2:23 3:7 8:12 13:17 18:22
eslint/lib/cli-engine/formatters/formatters-meta.json	1:18 2:5 6:9 10:13 14:17
eslint/package.json	1:245 7:9 12:33 13:16 17:20 22:25 26:28 29:32 34:49 35:48 36:38 39:41 42:44 45:47 50:86 87:92 93:95 96:98 99:121 100:103 104:107 109:114 115:119 122:129 134:165 166:225 226:228 229:233 230:232 234:240 242:244
eslint/packages/eslint-config-eslint/package.json	1:94 9:27 11:14 15:18 19:22 23:26 28:40 29:39 30:32 33:35 36:38 41:46 47:56 57:61 64:71 72:76 77:79 80:84 81:83 85:89 91:93
eslint/tests/fixtures/config-file/bom/.eslintrc.json	1:5 2:4
eslint/tests/fixtures/config-file/extends-chain-2/relative.eslintrc.json	1:3
eslint/tests/fixtures/config-file/extends-chain/.eslintrc.json	1:3
eslint/tests/fixtures/config-hierarchy/broken/package.json	1:5
eslint/tests/fixtures/config-hierarchy/envs/.eslintrc.json	1:4
eslint/tests/fixtures/config-hierarchy/file-structure.json	1:116 2:28 10:13 14:17 19:26 22:25 29:35 31:34 36:44 38:43 40:42 45:50 47:49 51:56 53:55 57:73 60:71 62:69 64:67 74:95 75:77 78:84 80:83 85:91 88:90 92:94 96:104 97:103 99:102 105:114 106:109 110:113
eslint/tests/fixtures/configurations/env-browser.json	1:10 2:4 6:9
eslint/tests/fixtures/configurations/plugins-without-prefix-with-namespace.json	1:10 2:4 6:8
eslint/tests/fixtures/configurations/processors.json	1:12 2:5 7:11
eslint/tests/fixtures/configurations/quotes-error.json	1:5 2:4
eslint/tests/fixtures/rules/missing-rule.json	1:5 2:4
eslint/tests/fixtures/suppressions/eslint-suppressions.json	1:10 2:9 3:5 6:8
eslint/tests/fixtures/suppressions/existing-eslintsuppressions.json	1:7 2:6 3:5
eslint/tests/fixtures/ts-config-files/cts/with-type-module/package.json	1:5
eslint/tsconfig.types.json	1:16 3:9 10:15
halo/.vscode/extensions.json	1:10 2:9
halo/api-docs/openapi/v3_0/aggregated.json	1:24785 3:6 7:12 8:11 13:18 14:17 19:15765 20:122 21:92 24:76 25:33 29:32 34:42 38:41 43:53 47:52 49:51 54:64 58:63 60:62 65:75 69:74 71:73 77:88 78:87 79:85 80:84 81:83 89:91 93:121 96:105 97:103 98:102 99:101 106:117 107:116 108:114 109:113 110:112 118:120 123:256 124:146 127:137 128:136 133:135 138:142 139:141 143:145 147:176 150:160 151:159 156:158 161:172 162:171 163:169 164:168 165:167 173:175 177:215 180:190 181:189 186:188 191:199 192:198 193:197 194:196 200:211 201:210 202:208 203:207 204:206 212:214 216:255 219:229 220:228 225:227 230:239 231:237 232:236 233:235 240:251 241:250 242:248 243:247 244:246 252:254 257:359 258:329 261:313 262:270 266:269 271:279 275:278 280:290 284:289 286:288 291:301 295:300 297:299 302:312 306:311 308:310 314:325 315:324 316:322 317:321 318:320 326:328 330:358 333:342 334:340 335:339 336:338 343:354 344:353 345:351 346:350 347:349 355:357 360:493 361:383 364:374 365:373 370:372 375:379 376:378 380:382 384:413 387:397 388:396 393:395 398:409 399:408 400:406 401:405 402:404 410:412 414:452 417:427 418:426 423:425 428:436 429:435 430:434 431:433 437:448 438:447 439:445 440:444 441:443 449:451 453:492 456:466 457:465 462:464 467:476 468:474 469:473 470:472 477:488 478:487 479:485 480:484 481:483 489:491 494:596 495:566 498:550 499:507 503:506 508:516 512:515 517:527 521:526 523:525 528:538 532:537 534:536 539:549 543:548 545:547 551:562 552:561 553:559 554:558 555:557 563:565 567:595 570:579 571:577 572:576 573:575 580:591 581:590 582:588 583:587 584:586 592:594 597:730 598:620 601:611 602:610 607:609 612:616 613:615 617:619 621:650 624:634 625:633 630:632 635:646 636:645 637:643 638:642 639:641 647:649 651:689 654:664 655:663 660:662 665:673 666:672 667:671 668:670 674:685 675:684 676:682 677:681 678:680 686:688 690:729 693:703 694:702 699:701 704:713 705:711 706:710 707:709 714:725 715:724 716:722 717:721 718:720 726:728 731:833 732:803 735:787 736:744 740:743 745:753 749:752 754:764 758:763 760:762 765:775 769:774 771:773 776:786 780:785 782:784 788:799 789:798 790:796 791:795 792:794 800:802 804:832 807:816 808:814 809:813 810:812 817:828 818:827 819:825 820:824 821:823 829:831 834:967 835:857 838:848 839:847 844:846 849:853 850:852 854:856 858:887 861:871 862:870 867:869 872:883 873:882 874:880 875:879 876:878 884:886 888:926 891:901 892:900 897:899 902:910 903:909 904:908 905:907 911:922 912:921 913:919 914:918 915:917 923:925 927:966 930:940 931:939 936:938 941:950 942:948 943:947 944:946 951:962 952:961 953:959 954:958 955:957 963:965 968:1070 969:1040 972:1024 973:981 977:980 982:990 986:989 991:1001 995:1000 997:999 1002:1012 1006:1011 1008:1010 1013:1023 1017:1022 1019:1021 1025:1036 1026:1035 1027:1033 1028:1032 1029:1031 1037:1039 1041:1069 1044:1053 1045:1051 1046:1050 1047:1049 1054:1065 1055:1064 1056:1062 1057:1061 1058:1060 1066:1068 1071:1204 1072:1094 1075:1085 1076:1084 1081:1083 1086:1090 1087:1089 1091:1093 1095:1124 1098:1108 1099:1107 1104:1106 1109:1120 1110:1119 1111:1117 1112:1116 1113:1115 1121:1123 1125:1163 1128:1138 1129:1137 1134:1136 1139:1147 1140:1146 1141:1145 1142:1144 1148:1159 1149:1158 1150:1156 1151:1155 1152:1154 1160:1162 1164:1203 1167:1177 1168:1176 1173:1175 1178:1187 1179:1185 1180:1184 1181:1183 1188:1199 1189:1198 1190:1196 1191:1195 1192:1194 1200:1202 1205:1307 1206:1277 1209:1261 1210:1218 1214:1217 1219:1227 1223:1226 1228:1238 1232:1237 1234:1236 1239:1249 1243:1248 1245:1247 1250:1260 1254:1259 1256:1258 1262:1273 1263:1272 1264:1270 1265:1269 1266:1268 1274:1276 1278:1306 1281:1290 1282:1288 1283:1287 1284:1286 1291:1302 1292:1301 1293:1299 1294:1298 1295:1297 1303:1305 1308:1441 1309:1331 1312:1322 1313:1321 1318:1320 1323:1327 1324:1326 1328:1330 1332:1361 1335:1345 1336:1344 1341:1343 1346:1357 1347:1356 1348:1354 1349:1353 1350:1352 1358:1360 1362:1400 1365:1375 1366:1374 1371:1373 1376:1384 1377:1383 1378:1382 1379:1381 1385:1396 1386:1395 1387:1393 1388:1392 1389:1391 1397:1399 1401:1440 1404:1414 1405:1413 1410:1412 1415:1424 1416:1422 1417:1421 1418:1420 1425:1436 1426:1435 1427:1433 1428:1432 1429:1431 1437:1439 1442:1544 1443:1514 1446:1498 1447:1455 1451:1454 1456:1464 1460:1463 1465:1475 1469:1474 1471:1473 1476:1486 1480:1485 1482:1484 1487:1497 1491:1496 1493:1495 1499:1510 1500:1509 1501:1507 1502:1506 1503:1505 1511:1513 1515:1543 1518:1527 1519:1525 1520:1524 1521:1523 1528:1539 1529:1538 1530:1536 1531:1535 1532:1534 1540:1542 1545:1678 1546:1568 1549:1559 1550:1558 1555:1557 1560:1564 1561:1563 1565:1567 1569:1598 1572:1582 1573:1581 1578:1580 1583:1594 1584:1593 1585:1591 1586:1590 1587:1589 1595:1597 1599:1637 1602:1612 1603:1611 1608:1610 1613:1621 1614:1620 1615:1619 1616:1618 1622:1633 1623:1632 1624:1630 1625:1629 1626:1628 1634:1636 1638:1677 1641:1651 1642:1650 1647:1649 1652:1661 1653:1659 1654:1658 1655:1657 1662:1673 1663:1672 1664:1670 1665:1669 1666:1668 1674:1676 1679:1781 1680:1751 1683:1735 1684:1692 1688:1691 1693:1701 1697:1700 1702:1712 1706:1711 1708:1710 1713:1723 1717:1722 1719:1721 1724:1734 1728:1733 1730:1732 1736:1747 1737:1746 1738:1744 1739:1743 1740:1742 1748:1750 1752:1780 1755:1764 1756:1762 1757:1761 1758:1760 1765:1776 1766:1775 1767:1773 1768:1772 1769:1771 1777:1779 1782:1915 1783:1805 1786:1796 1787:1795 1792:1794 1797:1801 1798:1800 1802:1804 1806:1835 1809:1819 1810:1818 1815:1817 1820:1831 1821:1830 1822:1828 1823:1827 1824:1826 1832:1834 1836:1874 1839:1849 1840:1848 1845:1847 1850:1858 1851:1857 1852:1856 1853:1855 1859:1870 1860:1869 1861:1867 1862:1866 1863:1865 1871:1873 1875:1914 1878:1888 1879:1887 1884:1886 1889:1898 1890:1896 1891:1895 1892:1894 1899:1910 1900:1909 1901:1907 1902:1906 1903:1905 1911:1913 1916:2018 1917:1988 1920:1972 1921:1929 1925:1928 1930:1938 1934:1937 1939:1949 1943:1948 1945:1947 1950:1960 1954:1959 1956:1958 1961:1971 1965:1970 1967:1969 1973:1984 1974:1983 1975:1981 1976:1980 1977:1979 1985:1987 1989:2017 1992:2001 1993:1999 1994:1998 1995:1997 2002:2013 2003:2012 2004:2010 2005:2009 2006:2008 2014:2016 2019:2152 2020:2042 2023:2033 2024:2032 2029:2031 2034:2038 2035:2037 2039:2041 2043:2072 2046:2056 2047:2055 2052:2054 2057:2068 2058:2067 2059:2065 2060:2064 2061:2063 2069:2071 2073:2111 2076:2086 2077:2085 2082:2084 2087:2095 2088:2094 2089:2093 2090:2092 2096:2107 2097:2106 2098:2104 2099:2103 2100:2102 2108:2110 2112:2151 2115:2125 2116:2124 2121:2123 2126:2135 2127:2133 2128:2132 2129:2131 2136:2147 2137:2146 2138:2144 2139:2143 2140:2142 2148:2150 2153:2253 2154:2252 2157:2236 2158:2166 2162:2165 2167:2175 2171:2174 2176:2186 2180:2185 2182:2184 2187:2197 2191:2196 2193:2195 2198:2208 2202:2207 2204:2206 2209:2216 2213:2215 2217:2224 2221:2223 2225:2235 2229:2234 2231:2233 2237:2248 2238:2247 2239:2245 2240:2244 2241:2243 2249:2251 2254:2284 2255:2283 2258:2267 2259:2265 2260:2264 2261:2263 2268:2279 2269:2278 2270:2276 2271:2275 2272:2274 2280:2282 2285:2315 2286:2314 2289:2298 2290:2296 2291:2295 2292:2294 2299:2310 2300:2309 2301:2307 2302:2306 2303:2305 2311:2313 2316:2339 2317:2338 2320:2334 2321:2333 2322:2331 2323:2330 2324:2329 2326:2328 2335:2337 2340:2371 2341:2370 2344:2354 2345:2353 2350:2352 2355:2366 2356:2365 2357:2363 2358:2362 2359:2361 2367:2369 2372:2403 2373:2402 2376:2386 2377:2385 2382:2384 2387:2398 2388:2397 2389:2395 2390:2394 2391:2393 2399:2401 2404:2427 2405:2426 2408:2422 2409:2421 2410:2419 2411:2418 2412:2417 2414:2416 2423:2425 2428:2471 2429:2470 2432:2442 2433:2441 2438:2440 2443:2451 2444:2450 2445:2449 2446:2448 2452:2466 2453:2465 2454:2463 2455:2462 2456:2461 2458:2460 2467:2469 2472:2606 2473:2576 2476:2560 2477:2485 2481:2484 2486:2494 2490:2493 2495:2505 2499:2504 2501:2503 2506:2516 2510:2515 2512:2514 2517:2527 2521:2526 2523:2525 2528:2535 2532:2534 2536:2543 2540:2542 2544:2551 2548:2550 2552:2559 2556:2558 2561:2572 2562:2571 2563:2569 2564:2568 2565:2567 2573:2575 2577:2605 2580:2589 2581:2587 2582:2586 2583:2585 2590:2601 2591:2600 2592:2598 2593:2597 2594:2596 2602:2604 2607:2647 2608:2646 2611:2620 2612:2619 2616:2618 2621:2630 2622:2628 2623:2627 2624:2626 2631:2642 2632:2641 2633:2639 2634:2638 2635:2637 2643:2645 2648:2689 2649:2688 2652:2662 2653:2661 2658:2660 2663:2672 2664:2670 2665:2669 2666:2668 2673:2684 2674:2683 2675:2681 2676:2680 2677:2679 2685:2687 2690:2703 2691:2702 2694:2698 2695:2697 2699:2701 2704:2738 2705:2737 2708:2718 2709:2717 2714:2716 2719:2733 2720:2732 2721:2730 2722:2729 2723:2728 2725:2727 2734:2736 2739:2782 2740:2781 2743:2753 2744:2752 2749:2751 2754:2762 2755:2761 2756:2760 2757:2759 2763:2777 2764:2776 2765:2774 2766:2773 2767:2772 2769:2771 2778:2780 2783:2814 2784:2813 2787:2797 2788:2796 2793:2795 2798:2809 2799:2808 2800:2806 2801:2805 2802:2804 2810:2812 2815:2880 2816:2845 2819:2829 2820:2828 2825:2827 2830:2841 2831:2840 2832:2838 2833:2837 2834:2836 2842:2844 2846:2879 2849:2859 2850:2858 2855:2857 2860:2869 2861:2867 2862:2866 2863:2865 2870:2875 2871:2874 2876:2878 2881:2970 2882:2969 2885:2953 2886:2894 2890:2893 2895:2903 2899:2902 2904:2914 2908:2913 2910:2912 2915:2925 2919:2924 2921:2923 2926:2936 2930:2935 2932:2934 2937:2944 2941:2943 2945:2952 2949:2951 2954:2965 2955:2964 2956:2962 2957:2961 2958:2960 2966:2968 2971:2991 2972:2990 2975:2986 2976:2985 2977:2983 2978:2982 2979:2981 2987:2989 2992:3012 2993:3011 2996:3007 2997:3006 2998:3004 2999:3003 3000:3002 3008:3010 3013:3043 3014:3042 3017:3026 3018:3024 3019:3023 3020:3022 3027:3038 3028:3037 3029:3035 3030:3034 3031:3033 3039:3041 3044:3074 3045:3073 3048:3057 3049:3055 3050:3054 3051:3053 3058:3069 3059:3068 3060:3066 3061:3065 3062:3064 3070:3072 3075:3140 3076:3105 3079:3089 3080:3088 3085:3087 3090:3101 3091:3100 3092:3098 3093:3097 3094:3096 3102:3104 3106:3139 3109:3119 3110:3118 3115:3117 3120:3129 3121:3127 3122:3126 3123:3125 3130:3135 3131:3134 3136:3138 3141:3182 3142:3181 3145:3155 3146:3154 3151:3153 3156:3165 3157:3163 3158:3162 3159:3161 3166:3177 3167:3176 3168:3174 3169:3173 3170:3172 3178:3180 3183:3214 3184:3213 3187:3197 3188:3196 3193:3195 3198:3209 3199:3208 3200:3206 3201:3205 3202:3204 3210:3212 3215:3246 3216:3245 3219:3229 3220:3228 3225:3227 3230:3241 3231:3240 3232:3238 3233:3237 3234:3236 3242:3244 3247:3278 3248:3277 3251:3261 3252:3260 3257:3259 3262:3273 3263:3272 3264:3270 3265:3269 3266:3268 3274:3276 3279:3320 3280:3319 3283:3293 3284:3292 3289:3291 3294:3303 3295:3301 3296:3300 3297:3299 3304:3315 3305:3314 3306:3312 3307:3311 3308:3310 3316:3318 3321:3362 3322:3361 3325:3335 3326:3334 3331:3333 3336:3345 3337:3343 3338:3342 3339:3341 3346:3357 3347:3356 3348:3354 3349:3353 3350:3352 3358:3360 3363:3495 3364:3465 3367:3449 3368:3376 3372:3375 3377:3385 3381:3384 3386:3396 3390:3395 3392:3394 3397:3407 3401:3406 3403:3405 3408:3418 3412:3417 3414:3416 3419:3432 3423:3431 3425:3430 3433:3440 3437:3439 3441:3448 3445:3447 3450:3461 3451:3460 3452:3458 3453:3457 3454:3456 3462:3464 3466:3494 3469:3478 3470:3476 3471:3475 3472:3474 3479:3490 3480:3489 3481:3487 3482:3486 3483:3485 3491:3493 3496:3537 3497:3536 3500:3510 3501:3509 3506:3508 3511:3520 3512:3518 3513:3517 3514:3516 3521:3532 3522:3531 3523:3529 3524:3528 3525:3527 3533:3535 3538:3657 3539:3577 3542:3561 3543:3551 3548:3550 3552:3560 3557:3559 3562:3573 3563:3572 3564:3570 3565:3569 3566:3568 3574:3576 3578:3616 3581:3600 3582:3590 3587:3589 3591:3599 3596:3598 3601:3612 3602:3611 3603:3609 3604:3608 3605:3607 3613:3615 3617:3656 3620:3630 3621:3629 3626:3628 3631:3640 3632:3638 3633:3637 3634:3636 3641:3652 3642:3651 3643:3649 3644:3648 3645:3647 3653:3655 3658:3689 3659:3688 3662:3672 3663:3671 3668:3670 3673:3684 3674:3683 3675:3681 3676:3680 3677:3679 3685:3687 3690:3737 3691:3736 3694:3720 3695:3703 3700:3702 3704:3711 3708:3710 3712:3719 3716:3718 3721:3732 3722:3731 3723:3729 3724:3728 3725:3727 3733:3735 3738:3769 3739:3768 3742:3752 3743:3751 3748:3750 3753:3764 3754:3763 3755:3761 3756:3760 3757:3759 3765:3767 3770:3801 3771:3800 3774:3784 3775:3783 3780:3782 3785:3796 3786:3795 3787:3793 3788:3792 3789:3791 3797:3799 3802:3843 3803:3842 3806:3816 3807:3815 3812:3814 3817:3826 3818:3824 3819:3823 3820:3822 3827:3838 3828:3837 3829:3835 3830:3834 3831:3833 3839:3841 3844:3878 3845:3877 3848:3858 3849:3857 3854:3856 3859:3873 3860:3872 3861:3870 3862:3869 3863:3868 3865:3867 3874:3876 3879:3910 3880:3909 3883:3893 3884:3892 3889:3891 3894:3905 3895:3904 3896:3902 3897:3901 3898:3900 3906:3908 3911:3993 3912:3992 3915:3976 3916:3924 3920:3923 3925:3933 3929:3932 3934:3944 3938:3943 3940:3942 3945:3955 3949:3954 3951:3953 3956:3966 3960:3965 3962:3964 3967:3975 3972:3974 3977:3988 3978:3987 3979:3985 3980:3984 3981:3983 3989:3991 3994:4034 3995:4033 3998:4007 3999:4006 4003:4005 4008:4017 4009:4015 4010:4014 4011:4013 4018:4029 4019:4028 4020:4026 4021:4025 4022:4024 4030:4032 4035:4183 4036:4153 4039:4137 4040:4048 4044:4047 4049:4057 4053:4056 4058:4068 4062:4067 4064:4066 4069:4079 4073:4078 4075:4077 4080:4090 4084:4089 4086:4088 4091:4101 4095:4100 4097:4099 4102:4115 4106:4114 4108:4113 4116:4128 4120:4127 4122:4126 4129:4136 4133:4135 4138:4149 4139:4148 4140:4146 4141:4145 4142:4144 4150:4152 4154:4182 4157:4166 4158:4164 4159:4163 4160:4162 4167:4178 4168:4177 4169:4175 4170:4174 4171:4173 4179:4181 4184:4225 4185:4224 4188:4198 4189:4197 4194:4196 4199:4208 4200:4206 4201:4205 4202:4204 4209:4220 4210:4219 4211:4217 4212:4216 4213:4215 4221:4223 4226:4345 4227:4265 4230:4249 4231:4239 4236:4238 4240:4248 4245:4247 4250:4261 4251:4260 4252:4258 4253:4257 4254:4256 4262:4264 4266:4304 4269:4288 4270:4278 4275:4277 4279:4287 4284:4286 4289:4300 4290:4299 4291:4297 4292:4296 4293:4295 4301:4303 4305:4344 4308:4318 4309:4317 4314:4316 4319:4328 4320:4326 4321:4325 4322:4324 4329:4340 4330:4339 4331:4337 4332:4336 4333:4335 4341:4343 4346:4377 4347:4376 4350:4360 4351:4359 4356:4358 4361:4372 4362:4371 4363:4369 4364:4368 4365:4367 4373:4375 4378:4417 4379:4416 4382:4400 4383:4391 4388:4390 4392:4399 4396:4398 4401:4412 4402:4411 4403:4409 4404:4408 4405:4407 4413:4415 4418:4449 4419:4448 4422:4432 4423:4431 4428:4430 4433:4444 4434:4443 4435:4441 4436:4440 4437:4439 4445:4447 4450:4491 4451:4490 4454:4464 4455:4463 4460:4462 4465:4474 4466:4472 4467:4471 4468:4470 4475:4486 4476:4485 4477:4483 4478:4482 4479:4481 4487:4489 4492:4526 4493:4525 4496:4506 4497:4505 4502:4504 4507:4521 4508:4520 4509:4518 4510:4517 4511:4516 4513:4515 4522:4524 4527:4547 4528:4546 4531:4542 4532:4541 4533:4539 4534:4538 4535:4537 4543:4545 4548:4629 4549:4628 4552:4612 4553:4561 4557:4560 4562:4570 4566:4569 4571:4581 4575:4580 4577:4579 4582:4592 4586:4591 4588:4590 4593:4603 4597:4602 4599:4601 4604:4611 4608:4610 4613:4624 4614:4623 4615:4621 4616:4620 4617:4619 4625:4627 4630:4700 4631:4699 4634:4683 4635:4643 4639:4642 4644:4652 4648:4651 4653:4663 4657:4662 4659:4661 4664:4674 4668:4673 4670:4672 4675:4682 4679:4681 4684:4695 4685:4694 4686:4692 4687:4691 4688:4690 4696:4698 4701:4721 4702:4720 4705:4716 4706:4715 4707:4713 4708:4712 4709:4711 4717:4719 4722:4752 4723:4751 4726:4735 4727:4733 4728:4732 4729:4731 4736:4747 4737:4746 4738:4744 4739:4743 4740:4742 4748:4750 4753:4783 4754:4782 4757:4766 4758:4764 4759:4763 4760:4762 4767:4778 4768:4777 4769:4775 4770:4774 4771:4773 4779:4781 4784:4815 4785:4814 4788:4798 4789:4797 4794:4796 4799:4810 4800:4809 4801:4807 4802:4806 4803:4805 4811:4813 4816:4840 4817:4839 4820:4830 4821:4829 4826:4828 4831:4835 4832:4834 4836:4838 4841:4906 4842:4871 4845:4855 4846:4854 4851:4853 4856:4867 4857:4866 4858:4864 4859:4863 4860:4862 4868:4870 4872:4905 4875:4885 4876:4884 4881:4883 4886:4895 4887:4893 4888:4892 4889:4891 4896:4901 4897:4900 4902:4904 4907:4938 4908:4937 4911:4921 4912:4920 4917:4919 4922:4933 4923:4932 4924:4930 4925:4929 4926:4928 4934:4936 4939:4970 4940:4969 4943:4953 4944:4952 4949:4951 4954:4965 4955:4964 4956:4962 4957:4961 4958:4960 4966:4968 4971:5002 4972:5001 4975:4985 4976:4984 4981:4983 4986:4997 4987:4996 4988:4994 4989:4993 4990:4992 4998:5000 5003:5044 5004:5043 5007:5017 5008:5016 5013:5015 5018:5027 5019:5025 5020:5024 5021:5023 5028:5039 5029:5038 5030:5036 5031:5035 5032:5034 5040:5042 5045:5086 5046:5085 5049:5059 5050:5058 5055:5057 5060:5069 5061:5067 5062:5066 5063:5065 5070:5081 5071:5080 5072:5078 5073:5077 5074:5076 5082:5084 5087:5107 5088:5106 5091:5102 5092:5101 5093:5099 5094:5098 5095:5097 5103:5105 5108:5128 5109:5127 5112:5123 5113:5122 5114:5120 5115:5119 5116:5118 5124:5126 5129:5149 5130:5148 5133:5144 5134:5143 5135:5141 5136:5140 5137:5139 5145:5147 5150:5268 5151:5238 5154:5222 5155:5163 5159:5162 5164:5172 5168:5171 5173:5183 5177:5182 5179:5181 5184:5194 5188:5193 5190:5192 5195:5205 5199:5204 5201:5203 5206:5213 5210:5212 5214:5221 5218:5220 5223:5234 5224:5233 5225:5231 5226:5230 5227:5229 5235:5237 5239:5267 5242:5251 5243:5249 5244:5248 5245:5247 5252:5263 5253:5262 5254:5260 5255:5259 5256:5258 5264:5266 5269:5318 5270:5288 5273:5284 5274:5283 5275:5281 5276:5280 5277:5279 5285:5287 5289:5317 5292:5301 5293:5299 5294:5298 5295:5297 5302:5313 5303:5312 5304:5310 5305:5309 5306:5308 5314:5316 5319:5349 5320:5348 5323:5332 5324:5330 5325:5329 5326:5328 5333:5344 5334:5343 5335:5341 5336:5340 5337:5339 5345:5347 5350:5374 5351:5373 5354:5363 5355:5361 5356:5360 5357:5359 5364:5369 5365:5368 5370:5372 5375:5399 5376:5398 5379:5388 5380:5386 5381:5385 5382:5384 5389:5394 5390:5393 5395:5397 5400:5431 5401:5430 5404:5414 5405:5413 5410:5412 5415:5426 5416:5425 5417:5423 5418:5422 5419:5421 5427:5429 5432:5503 5433:5462 5436:5446 5437:5445 5442:5444 5447:5458 5448:5457 5449:5455 5450:5454 5451:5453 5459:5461 5463:5502 5466:5476 5467:5475 5472:5474 5477:5486 5478:5484 5479:5483 5480:5482 5487:5498 5488:5497 5489:5495 5490:5494 5491:5493 5499:5501 5504:5545 5505:5544 5508:5518 5509:5517 5514:5516 5519:5528 5520:5526 5521:5525 5522:5524 5529:5540 5530:5539 5531:5537 5532:5536 5533:5535 5541:5543 5546:5617 5547:5576 5550:5560 5551:5559 5556:5558 5561:5572 5562:5571 5563:5569 5564:5568 5565:5567 5573:5575 5577:5616 5580:5590 5581:5589 5586:5588 5591:5600 5592:5598 5593:5597 5594:5596 5601:5612 5602:5611 5603:5609 5604:5608 5605:5607 5613:5615 5618:5691 5619:5690 5622:5674 5623:5631 5627:5630 5632:5640 5636:5639 5641:5651 5645:5650 5647:5649 5652:5662 5656:5661 5658:5660 5663:5673 5667:5672 5669:5671 5675:5686 5676:5685 5677:5683 5678:5682 5679:5681 5687:5689 5692:5723 5693:5722 5696:5706 5697:5705 5702:5704 5707:5718 5708:5717 5709:5715 5710:5714 5711:5713 5719:5721 5724:5806 5725:5805 5728:5789 5729:5737 5734:5736 5738:5746 5742:5745 5747:5755 5751:5754 5756:5766 5760:5765 5762:5764 5767:5777 5771:5776 5773:5775 5778:5788 5782:5787 5784:5786 5790:5801 5791:5800 5792:5798 5793:5797 5794:5796 5802:5804 5807:5880 5808:5879 5811:5863 5812:5820 5816:5819 5821:5829 5825:5828 5830:5840 5834:5839 5836:5838 5841:5851 5845:5850 5847:5849 5852:5862 5856:5861 5858:5860 5864:5875 5865:5874 5866:5872 5867:5871 5868:5870 5876:5878 5881:5912 5882:5911 5885:5895 5886:5894 5891:5893 5896:5907 5897:5906 5898:5904 5899:5903 5900:5902 5908:5910 5913:5952 5914:5951 5917:5935 5918:5926 5923:5925 5927:5934 5931:5933 5936:5947 5937:5946 5938:5944 5939:5943 5940:5942 5948:5950 5953:6026 5954:6025 5957:6009 5958:5966 5962:5965 5967:5975 5971:5974 5976:5986 5980:5985 5982:5984 5987:5997 5991:5996 5993:5995 5998:6008 6002:6007 6004:6006 6010:6021 6011:6020 6012:6018 6013:6017 6014:6016 6022:6024 6027:6058 6028:6057 6031:6041 6032:6040 6037:6039 6042:6053 6043:6052 6044:6050 6045:6049 6046:6048 6054:6056 6059:6132 6060:6131 6063:6115 6064:6072 6068:6071 6073:6081 6077:6080 6082:6092 6086:6091 6088:6090 6093:6103 6097:6102 6099:6101 6104:6114 6108:6113 6110:6112 6116:6127 6117:6126 6118:6124 6119:6123 6120:6122 6128:6130 6133:6164 6134:6163 6137:6147 6138:6146 6143:6145 6148:6159 6149:6158 6150:6156 6151:6155 6152:6154 6160:6162 6165:6247 6166:6246 6169:6230 6170:6178 6175:6177 6179:6187 6183:6186 6188:6196 6192:6195 6197:6207 6201:6206 6203:6205 6208:6218 6212:6217 6214:6216 6219:6229 6223:6228 6225:6227 6231:6242 6232:6241 6233:6239 6234:6238 6235:6237 6243:6245 6248:6380 6249:6350 6252:6334 6253:6261 6257:6260 6262:6270 6266:6269 6271:6281 6275:6280 6277:6279 6282:6289 6286:6288 6290:6298 6295:6297 6299:6307 6304:6306 6308:6316 6313:6315 6317:6324 6321:6323 6325:6333 6329:6332 6335:6346 6336:6345 6337:6343 6338:6342 6339:6341 6347:6349 6351:6379 6354:6363 6355:6361 6356:6360 6357:6359 6364:6375 6365:6374 6366:6372 6367:6371 6368:6370 6376:6378 6381:6412 6382:6411 6385:6395 6386:6394 6391:6393 6396:6407 6397:6406 6398:6404 6399:6403 6400:6402 6408:6410 6413:6502 6414:6461 6417:6445 6418:6426 6423:6425 6427:6435 6431:6434 6436:6444 6440:6443 6446:6457 6447:6456 6448:6454 6449:6453 6450:6452 6458:6460 6462:6501 6465:6475 6466:6474 6471:6473 6476:6485 6477:6483 6478:6482 6479:6481 6486:6497 6487:6496 6488:6494 6489:6493 6490:6492 6498:6500 6503:6544 6504:6543 6507:6524 6508:6515 6512:6514 6516:6523 6520:6522 6525:6539 6526:6535 6527:6533 6528:6532 6529:6531 6536:6538 6540:6542 6545:6575 6546:6574 6549:6558 6550:6556 6551:6555 6552:6554 6559:6570 6560:6569 6561:6567 6562:6566 6563:6565 6571:6573 6576:6596 6577:6595 6580:6591 6581:6590 6582:6588 6583:6587 6584:6586 6592:6594 6597:6628 6598:6627 6601:6611 6602:6610 6607:6609 6612:6623 6613:6622 6614:6620 6615:6619 6616:6618 6624:6626 6629:6649 6630:6648 6633:6644 6634:6643 6635:6641 6636:6640 6637:6639 6645:6647 6650:6674 6651:6673 6654:6663 6655:6661 6656:6660 6657:6659 6664:6669 6665:6668 6670:6672 6675:6699 6676:6698 6679:6688 6680:6686 6681:6685 6682:6684 6689:6694 6690:6693 6695:6697 6700:6724 6701:6723 6704:6713 6705:6711 6706:6710 6707:6709 6714:6719 6715:6718 6720:6722 6725:6790 6726:6755 6729:6739 6730:6738 6735:6737 6740:6751 6741:6750 6742:6748 6743:6747 6744:6746 6752:6754 6756:6789 6759:6769 6760:6768 6765:6767 6770:6779 6771:6777 6772:6776 6773:6775 6780:6785 6781:6784 6786:6788 6791:6831 6792:6830 6795:6814 6796:6804 6801:6803 6805:6813 6810:6812 6815:6826 6816:6825 6817:6823 6818:6822 6819:6821 6827:6829 6832:6902 6833:6862 6836:6846 6837:6845 6842:6844 6847:6858 6848:6857 6849:6855 6850:6854 6851:6853 6859:6861 6863:6901 6866:6876 6867:6875 6872:6874 6877:6885 6878:6884 6879:6883 6880:6882 6886:6897 6887:6896 6888:6894 6889:6893 6890:6892 6898:6900 6903:6985 6904:6984 6907:6968 6908:6916 6913:6915 6917:6925 6921:6924 6926:6934 6930:6933 6935:6945 6939:6944 6941:6943 6946:6956 6950:6955 6952:6954 6957:6967 6961:6966 6963:6965 6969:6980 6970:6979 6971:6977 6972:6976 6973:6975 6981:6983 6986:7030 6987:7029 6990:7000 6991:6999 6996:6998 7001:7010 7002:7008 7003:7007 7004:7006 7011:7025 7012:7024 7013:7022 7014:7021 7015:7020 7017:7019 7026:7028 7031:7071 7032:7070 7035:7054 7036:7044 7041:7043 7045:7053 7050:7052 7055:7066 7056:7065 7057:7063 7058:7062 7059:7061 7067:7069 7072:7112 7073:7111 7076:7095 7077:7085 7082:7084 7086:7094 7091:7093 7096:7107 7097:7106 7098:7104 7099:7103 7100:7102 7108:7110 7113:7144 7114:7143 7117:7127 7118:7126 7123:7125 7128:7139 7129:7138 7130:7136 7131:7135 7132:7134 7140:7142 7145:7206 7146:7205 7149:7188 7150:7158 7155:7157 7159:7173 7164:7172 7166:7171 7174:7187 7178:7186 7180:7185 7189:7201 7190:7200 7191:7198 7192:7197 7193:7196 7202:7204 7207:7309 7208:7279 7211:7263 7212:7220 7216:7219 7221:7229 7225:7228 7230:7240 7234:7239 7236:7238 7241:7251 7245:7250 7247:7249 7252:7262 7256:7261 7258:7260 7264:7275 7265:7274 7266:7272 7267:7271 7268:7270 7276:7278 7280:7308 7283:7292 7284:7290 7285:7289 7286:7288 7293:7304 7294:7303 7295:7301 7296:7300 7297:7299 7305:7307 7310:7443 7311:7333 7314:7324 7315:7323 7320:7322 7325:7329 7326:7328 7330:7332 7334:7363 7337:7347 7338:7346 7343:7345 7348:7359 7349:7358 7350:7356 7351:7355 7352:7354 7360:7362 7364:7402 7367:7377 7368:7376 7373:7375 7378:7386 7379:7385 7380:7384 7381:7383 7387:7398 7388:7397 7389:7395 7390:7394 7391:7393 7399:7401 7403:7442 7406:7416 7407:7415 7412:7414 7417:7426 7418:7424 7419:7423 7420:7422 7427:7438 7428:7437 7429:7435 7430:7434 7431:7433 7439:7441 7444:7546 7445:7516 7448:7500 7449:7457 7453:7456 7458:7466 7462:7465 7467:7477 7471:7476 7473:7475 7478:7488 7482:7487 7484:7486 7489:7499 7493:7498 7495:7497 7501:7512 7502:7511 7503:7509 7504:7508 7505:7507 7513:7515 7517:7545 7520:7529 7521:7527 7522:7526 7523:7525 7530:7541 7531:7540 7532:7538 7533:7537 7534:7536 7542:7544 7547:7680 7548:7570 7551:7561 7552:7560 7557:7559 7562:7566 7563:7565 7567:7569 7571:7600 7574:7584 7575:7583 7580:7582 7585:7596 7586:7595 7587:7593 7588:7592 7589:7591 7597:7599 7601:7639 7604:7614 7605:7613 7610:7612 7615:7623 7616:7622 7617:7621 7618:7620 7624:7635 7625:7634 7626:7632 7627:7631 7628:7630 7636:7638 7640:7679 7643:7653 7644:7652 7649:7651 7654:7663 7655:7661 7656:7660 7657:7659 7664:7675 7665:7674 7666:7672 7667:7671 7668:7670 7676:7678 7681:7746 7682:7712 7685:7695 7686:7694 7691:7693 7696:7708 7697:7707 7698:7705 7699:7703 7700:7702 7709:7711 7713:7745 7716:7726 7717:7725 7722:7724 7727:7735 7728:7734 7729:7733 7730:7732 7736:7741 7737:7740 7742:7744 7747:7770 7748:7769 7751:7765 7752:7764 7753:7762 7754:7761 7755:7760 7757:7759 7766:7768 7771:7804 7772:7803 7775:7794 7776:7784 7781:7783 7785:7793 7790:7792 7795:7799 7796:7798 7800:7802 7805:7835 7806:7834 7809:7818 7810:7816 7811:7815 7812:7814 7819:7830 7820:7829 7821:7827 7822:7826 7823:7825 7831:7833 7836:7860 7837:7859 7840:7849 7841:7847 7842:7846 7843:7845 7850:7855 7851:7854 7856:7858 7861:7892 7862:7891 7865:7875 7866:7874 7871:7873 7876:7887 7877:7886 7878:7884 7879:7883 7880:7882 7888:7890 7893:7924 7894:7923 7897:7907 7898:7906 7903:7905 7908:7919 7909:7918 7910:7916 7911:7915 7912:7914 7920:7922 7925:7955 7926:7954 7929:7938 7930:7936 7931:7935 7932:7934 7939:7950 7940:7949 7941:7947 7942:7946 7943:7945 7951:7953 7956:7985 7957:7984 7960:7968 7961:7967 7962:7966 7963:7965 7969:7980 7970:7979 7971:7977 7972:7976 7973:7975 7981:7983 7986:8068 7987:8025 7990:8009 7991:7999 7996:7998 8000:8008 8005:8007 8010:8021 8011:8020 8012:8018 8013:8017 8014:8016 8022:8024 8026:8067 8029:8048 8030:8038 8035:8037 8039:8047 8044:8046 8049:8058 8050:8056 8051:8055 8052:8054 8059:8063 8060:8062 8064:8066 8069:8171 8070:8141 8073:8125 8074:8082 8078:8081 8083:8091 8087:8090 8092:8102 8096:8101 8098:8100 8103:8113 8107:8112 8109:8111 8114:8124 8118:8123 8120:8122 8126:8137 8127:8136 8128:8134 8129:8133 8130:8132 8138:8140 8142:8170 8145:8154 8146:8152 8147:8151 8148:8150 8155:8166 8156:8165 8157:8163 8158:8162 8159:8161 8167:8169 8172:8305 8173:8195 8176:8186 8177:8185 8182:8184 8187:8191 8188:8190 8192:8194 8196:8225 8199:8209 8200:8208 8205:8207 8210:8221 8211:8220 8212:8218 8213:8217 8214:8216 8222:8224 8226:8264 8229:8239 8230:8238 8235:8237 8240:8248 8241:8247 8242:8246 8243:8245 8249:8260 8250:8259 8251:8257 8252:8256 8253:8255 8261:8263 8265:8304 8268:8278 8269:8277 8274:8276 8279:8288 8280:8286 8281:8285 8282:8284 8289:8300 8290:8299 8291:8297 8292:8296 8293:8295 8301:8303 8306:8408 8307:8378 8310:8362 8311:8319 8315:8318 8320:8328 8324:8327 8329:8339 8333:8338 8335:8337 8340:8350 8344:8349 8346:8348 8351:8361 8355:8360 8357:8359 8363:8374 8364:8373 8365:8371 8366:8370 8367:8369 8375:8377 8379:8407 8382:8391 8383:8389 8384:8388 8385:8387 8392:8403 8393:8402 8394:8400 8395:8399 8396:8398 8404:8406 8409:8542 8410:8432 8413:8423 8414:8422 8419:8421 8424:8428 8425:8427 8429:8431 8433:8462 8436:8446 8437:8445 8442:8444 8447:8458 8448:8457 8449:8455 8450:8454 8451:8453 8459:8461 8463:8501 8466:8476 8467:8475 8472:8474 8477:8485 8478:8484 8479:8483 8480:8482 8486:8497 8487:8496 8488:8494 8489:8493 8490:8492 8498:8500 8502:8541 8505:8515 8506:8514 8511:8513 8516:8525 8517:8523 8518:8522 8519:8521 8526:8537 8527:8536 8528:8534 8529:8533 8530:8532 8538:8540 8543:8645 8544:8615 8547:8599 8548:8556 8552:8555 8557:8565 8561:8564 8566:8576 8570:8575 8572:8574 8577:8587 8581:8586 8583:8585 8588:8598 8592:8597 8594:8596 8600:8611 8601:8610 8602:8608 8603:8607 8604:8606 8612:8614 8616:8644 8619:8628 8620:8626 8621:8625 8622:8624 8629:8640 8630:8639 8631:8637 8632:8636 8633:8635 8641:8643 8646:8779 8647:8669 8650:8660 8651:8659 8656:8658 8661:8665 8662:8664 8666:8668 8670:8699 8673:8683 8674:8682 8679:8681 8684:8695 8685:8694 8686:8692 8687:8691 8688:8690 8696:8698 8700:8738 8703:8713 8704:8712 8709:8711 8714:8722 8715:8721 8716:8720 8717:8719 8723:8734 8724:8733 8725:8731 8726:8730 8727:8729 8735:8737 8739:8778 8742:8752 8743:8751 8748:8750 8753:8762 8754:8760 8755:8759 8756:8758 8763:8774 8764:8773 8765:8771 8766:8770 8767:8769 8775:8777 8780:8882 8781:8852 8784:8836 8785:8793 8789:8792 8794:8802 8798:8801 8803:8813 8807:8812 8809:8811 8814:8824 8818:8823 8820:8822 8825:8835 8829:8834 8831:8833 8837:8848 8838:8847 8839:8845 8840:8844 8841:8843 8849:8851 8853:8881 8856:8865 8857:8863 8858:8862 8859:8861 8866:8877 8867:8876 8868:8874 8869:8873 8870:8872 8878:8880 8883:9016 8884:8906 8887:8897 8888:8896 8893:8895 8898:8902 8899:8901 8903:8905 8907:8936 8910:8920 8911:8919 8916:8918 8921:8932 8922:8931 8923:8929 8924:8928 8925:8927 8933:8935 8937:8975 8940:8950 8941:8949 8946:8948 8951:8959 8952:8958 8953:8957 8954:8956 8960:8971 8961:8970 8962:8968 8963:8967 8964:8966 8972:8974 8976:9015 8979:8989 8980:8988 8985:8987 8990:8999 8991:8997 8992:8996 8993:8995 9000:9011 9001:9010 9002:9008 9003:9007 9004:9006 9012:9014 9017:9119 9018:9089 9021:9073 9022:9030 9026:9029 9031:9039 9035:9038 9040:9050 9044:9049 9046:9048 9051:9061 9055:9060 9057:9059 9062:9072 9066:9071 9068:9070 9074:9085 9075:9084 9076:9082 9077:9081 9078:9080 9086:9088 9090:9118 9093:9102 9094:9100 9095:9099 9096:9098 9103:9114 9104:9113 9105:9111 9106:9110 9107:9109 9115:9117 9120:9253 9121:9143 9124:9134 9125:9133 9130:9132 9135:9139 9136:9138 9140:9142 9144:9173 9147:9157 9148:9156 9153:9155 9158:9169 9159:9168 9160:9166 9161:9165 9162:9164 9170:9172 9174:9212 9177:9187 9178:9186 9183:9185 9188:9196 9189:9195 9190:9194 9191:9193 9197:9208 9198:9207 9199:9205 9200:9204 9201:9203 9209:9211 9213:9252 9216:9226 9217:9225 9222:9224 9227:9236 9228:9234 9229:9233 9230:9232 9237:9248 9238:9247 9239:9245 9240:9244 9241:9243 9249:9251 9254:9356 9255:9326 9258:9310 9259:9267 9263:9266 9268:9276 9272:9275 9277:9287 9281:9286 9283:9285 9288:9298 9292:9297 9294:9296 9299:9309 9303:9308 9305:9307 9311:9322 9312:9321 9313:9319 9314:9318 9315:9317 9323:9325 9327:9355 9330:9339 9331:9337 9332:9336 9333:9335 9340:9351 9341:9350 9342:9348 9343:9347 9344:9346 9352:9354 9357:9490 9358:9380 9361:9371 9362:9370 9367:9369 9372:9376 9373:9375 9377:9379 9381:9410 9384:9394 9385:9393 9390:9392 9395:9406 9396:9405 9397:9403 9398:9402 9399:9401 9407:9409 9411:9449 9414:9424 9415:9423 9420:9422 9425:9433 9426:9432 9427:9431 9428:9430 9434:9445 9435:9444 9436:9442 9437:9441 9438:9440 9446:9448 9450:9489 9453:9463 9454:9462 9459:9461 9464:9473 9465:9471 9466:9470 9467:9469 9474:9485 9475:9484 9476:9482 9477:9481 9478:9480 9486:9488 9491:9593 9492:9563 9495:9547 9496:9504 9500:9503 9505:9513 9509:9512 9514:9524 9518:9523 9520:9522 9525:9535 9529:9534 9531:9533 9536:9546 9540:9545 9542:9544 9548:9559 9549:9558 9550:9556 9551:9555 9552:9554 9560:9562 9564:9592 9567:9576 9568:9574 9569:9573 9570:9572 9577:9588 9578:9587 9579:9585 9580:9584 9581:9583 9589:9591 9594:9727 9595:9617 9598:9608 9599:9607 9604:9606 9609:9613 9610:9612 9614:9616 9618:9647 9621:9631 9622:9630 9627:9629 9632:9643 9633:9642 9634:9640 9635:9639 9636:9638 9644:9646 9648:9686 9651:9661 9652:9660 9657:9659 9662:9670 9663:9669 9664:9668 9665:9667 9671:9682 9672:9681 9673:9679 9674:9678 9675:9677 9683:9685 9687:9726 9690:9700 9691:9699 9696:9698 9701:9710 9702:9708 9703:9707 9704:9706 9711:9722 9712:9721 9713:9719 9714:9718 9715:9717 9723:9725 9728:9830 9729:9800 9732:9784 9733:9741 9737:9740 9742:9750 9746:9749 9751:9761 9755:9760 9757:9759 9762:9772 9766:9771 9768:9770 9773:9783 9777:9782 9779:9781 9785:9796 9786:9795 9787:9793 9788:9792 9789:9791 9797:9799 9801:9829 9804:9813 9805:9811 9806:9810 9807:9809 9814:9825 9815:9824 9816:9822 9817:9821 9818:9820 9826:9828 9831:9964 9832:9854 9835:9845 9836:9844 9841:9843 9846:9850 9847:9849 9851:9853 9855:9884 9858:9868 9859:9867 9864:9866 9869:9880 9870:9879 9871:9877 9872:9876 9873:9875 9881:9883 9885:9923 9888:9898 9889:9897 9894:9896 9899:9907 9900:9906 9901:9905 9902:9904 9908:9919 9909:9918 9910:9916 9911:9915 9912:9914 9920:9922 9924:9963 9927:9937 9928:9936 9933:9935 9938:9947 9939:9945 9940:9944 9941:9943 9948:9959 9949:9958 9950:9956 9951:9955 9952:9954 9960:9962 9965:10067 9966:10037 9969:10021 9970:9978 9974:9977 9979:9987 9983:9986 9988:9998 9992:9997 9994:9996 9999:10009 10003:10008 10005:10007 10010:10020 10014:10019 10016:10018 10022:10033 10023:10032 10024:10030 10025:10029 10026:10028 10034:10036 10038:10066 10041:10050 10042:10048 10043:10047 10044:10046 10051:10062 10052:10061 10053:10059 10054:10058 10055:10057 10063:10065 10068:10201 10069:10091 10072:10082 10073:10081 10078:10080 10083:10087 10084:10086 10088:10090 10092:10121 10095:10105 10096:10104 10101:10103 10106:10117 10107:10116 10108:10114 10109:10113 10110:10112 10118:10120 10122:10160 10125:10135 10126:10134 10131:10133 10136:10144 10137:10143 10138:10142 10139:10141 10145:10156 10146:10155 10147:10153 10148:10152 10149:10151 10157:10159 10161:10200 10164:10174 10165:10173 10170:10172 10175:10184 10176:10182 10177:10181 10178:10180 10185:10196 10186:10195 10187:10193 10188:10192 10189:10191 10197:10199 10202:10304 10203:10274 10206:10258 10207:10215 10211:10214 10216:10224 10220:10223 10225:10235 10229:10234 10231:10233 10236:10246 10240:10245 10242:10244 10247:10257 10251:10256 10253:10255 10259:10270 10260:10269 10261:10267 10262:10266 10263:10265 10271:10273 10275:10303 10278:10287 10279:10285 10280:10284 10281:10283 10288:10299 10289:10298 10290:10296 10291:10295 10292:10294 10300:10302 10305:10438 10306:10328 10309:10319 10310:10318 10315:10317 10320:10324 10321:10323 10325:10327 10329:10358 10332:10342 10333:10341 10338:10340 10343:10354 10344:10353 10345:10351 10346:10350 10347:10349 10355:10357 10359:10397 10362:10372 10363:10371 10368:10370 10373:10381 10374:10380 10375:10379 10376:10378 10382:10393 10383:10392 10384:10390 10385:10389 10386:10388 10394:10396 10398:10437 10401:10411 10402:10410 10407:10409 10412:10421 10413:10419 10414:10418 10415:10417 10422:10433 10423:10432 10424:10430 10425:10429 10426:10428 10434:10436 10439:10541 10440:10511 10443:10495 10444:10452 10448:10451 10453:10461 10457:10460 10462:10472 10466:10471 10468:10470 10473:10483 10477:10482 10479:10481 10484:10494 10488:10493 10490:10492 10496:10507 10497:10506 10498:10504 10499:10503 10500:10502 10508:10510 10512:10540 10515:10524 10516:10522 10517:10521 10518:10520 10525:10536 10526:10535 10527:10533 10528:10532 10529:10531 10537:10539 10542:10675 10543:10565 10546:10556 10547:10555 10552:10554 10557:10561 10558:10560 10562:10564 10566:10595 10569:10579 10570:10578 10575:10577 10580:10591 10581:10590 10582:10588 10583:10587 10584:10586 10592:10594 10596:10634 10599:10609 10600:10608 10605:10607 10610:10618 10611:10617 10612:10616 10613:10615 10619:10630 10620:10629 10621:10627 10622:10626 10623:10625 10631:10633 10635:10674 10638:10648 10639:10647 10644:10646 10649:10658 10650:10656 10651:10655 10652:10654 10659:10670 10660:10669 10661:10667 10662:10666 10663:10665 10671:10673 10676:10778 10677:10748 10680:10732 10681:10689 10685:10688 10690:10698 10694:10697 10699:10709 10703:10708 10705:10707 10710:10720 10714:10719 10716:10718 10721:10731 10725:10730 10727:10729 10733:10744 10734:10743 10735:10741 10736:10740 10737:10739 10745:10747 10749:10777 10752:10761 10753:10759 10754:10758 10755:10757 10762:10773 10763:10772 10764:10770 10765:10769 10766:10768 10774:10776 10779:10912 10780:10802 10783:10793 10784:10792 10789:10791 10794:10798 10795:10797 10799:10801 10803:10832 10806:10816 10807:10815 10812:10814 10817:10828 10818:10827 10819:10825 10820:10824 10821:10823 10829:10831 10833:10871 10836:10846 10837:10845 10842:10844 10847:10855 10848:10854 10849:10853 10850:10852 10856:10867 10857:10866 10858:10864 10859:10863 10860:10862 10868:10870 10872:10911 10875:10885 10876:10884 10881:10883 10886:10895 10887:10893 10888:10892 10889:10891 10896:10907 10897:10906 10898:10904 10899:10903 10900:10902 10908:10910 10913:11015 10914:10985 10917:10969 10918:10926 10922:10925 10927:10935 10931:10934 10936:10946 10940:10945 10942:10944 10947:10957 10951:10956 10953:10955 10958:10968 10962:10967 10964:10966 10970:10981 10971:10980 10972:10978 10973:10977 10974:10976 10982:10984 10986:11014 10989:10998 10990:10996 10991:10995 10992:10994 10999:11010 11000:11009 11001:11007 11002:11006 11003:11005 11011:11013 11016:11149 11017:11039 11020:11030 11021:11029 11026:11028 11031:11035 11032:11034 11036:11038 11040:11069 11043:11053 11044:11052 11049:11051 11054:11065 11055:11064 11056:11062 11057:11061 11058:11060 11066:11068 11070:11108 11073:11083 11074:11082 11079:11081 11084:11092 11085:11091 11086:11090 11087:11089 11093:11104 11094:11103 11095:11101 11096:11100 11097:11099 11105:11107 11109:11148 11112:11122 11113:11121 11118:11120 11123:11132 11124:11130 11125:11129 11126:11128 11133:11144 11134:11143 11135:11141 11136:11140 11137:11139 11145:11147 11150:11252 11151:11222 11154:11206 11155:11163 11159:11162 11164:11172 11168:11171 11173:11183 11177:11182 11179:11181 11184:11194 11188:11193 11190:11192 11195:11205 11199:11204 11201:11203 11207:11218 11208:11217 11209:11215 11210:11214 11211:11213 11219:11221 11223:11251 11226:11235 11227:11233 11228:11232 11229:11231 11236:11247 11237:11246 11238:11244 11239:11243 11240:11242 11248:11250 11253:11386 11254:11276 11257:11267 11258:11266 11263:11265 11268:11272 11269:11271 11273:11275 11277:11306 11280:11290 11281:11289 11286:11288 11291:11302 11292:11301 11293:11299 11294:11298 11295:11297 11303:11305 11307:11345 11310:11320 11311:11319 11316:11318 11321:11329 11322:11328 11323:11327 11324:11326 11330:11341 11331:11340 11332:11338 11333:11337 11334:11336 11342:11344 11346:11385 11349:11359 11350:11358 11355:11357 11360:11369 11361:11367 11362:11366 11363:11365 11370:11381 11371:11380 11372:11378 11373:11377 11374:11376 11382:11384 11387:11489 11388:11459 11391:11443 11392:11400 11396:11399 11401:11409 11405:11408 11410:11420 11414:11419 11416:11418 11421:11431 11425:11430 11427:11429 11432:11442 11436:11441 11438:11440 11444:11455 11445:11454 11446:11452 11447:11451 11448:11450 11456:11458 11460:11488 11463:11472 11464:11470 11465:11469 11466:11468 11473:11484 11474:11483 11475:11481 11476:11480 11477:11479 11485:11487 11490:11623 11491:11513 11494:11504 11495:11503 11500:11502 11505:11509 11506:11508 11510:11512 11514:11543 11517:11527 11518:11526 11523:11525 11528:11539 11529:11538 11530:11536 11531:11535 11532:11534 11540:11542 11544:11582 11547:11557 11548:11556 11553:11555 11558:11566 11559:11565 11560:11564 11561:11563 11567:11578 11568:11577 11569:11575 11570:11574 11571:11573 11579:11581 11583:11622 11586:11596 11587:11595 11592:11594 11597:11606 11598:11604 11599:11603 11600:11602 11607:11618 11608:11617 11609:11615 11610:11614 11611:11613 11619:11621 11624:11726 11625:11696 11628:11680 11629:11637 11633:11636 11638:11646 11642:11645 11647:11657 11651:11656 11653:11655 11658:11668 11662:11667 11664:11666 11669:11679 11673:11678 11675:11677 11681:11692 11682:11691 11683:11689 11684:11688 11685:11687 11693:11695 11697:11725 11700:11709 11701:11707 11702:11706 11703:11705 11710:11721 11711:11720 11712:11718 11713:11717 11714:11716 11722:11724 11727:11860 11728:11750 11731:11741 11732:11740 11737:11739 11742:11746 11743:11745 11747:11749 11751:11780 11754:11764 11755:11763 11760:11762 11765:11776 11766:11775 11767:11773 11768:11772 11769:11771 11777:11779 11781:11819 11784:11794 11785:11793 11790:11792 11795:11803 11796:11802 11797:11801 11798:11800 11804:11815 11805:11814 11806:11812 11807:11811 11808:11810 11816:11818 11820:11859 11823:11833 11824:11832 11829:11831 11834:11843 11835:11841 11836:11840 11837:11839 11844:11855 11845:11854 11846:11852 11847:11851 11848:11850 11856:11858 11861:11963 11862:11933 11865:11917 11866:11874 11870:11873 11875:11883 11879:11882 11884:11894 11888:11893 11890:11892 11895:11905 11899:11904 11901:11903 11906:11916 11910:11915 11912:11914 11918:11929 11919:11928 11920:11926 11921:11925 11922:11924 11930:11932 11934:11962 11937:11946 11938:11944 11939:11943 11940:11942 11947:11958 11948:11957 11949:11955 11950:11954 11951:11953 11959:11961 11964:12097 11965:11987 11968:11978 11969:11977 11974:11976 11979:11983 11980:11982 11984:11986 11988:12017 11991:12001 11992:12000 11997:11999 12002:12013 12003:12012 12004:12010 12005:12009 12006:12008 12014:12016 12018:12056 12021:12031 12022:12030 12027:12029 12032:12040 12033:12039 12034:12038 12035:12037 12041:12052 12042:12051 12043:12049 12044:12048 12045:12047 12053:12055 12057:12096 12060:12070 12061:12069 12066:12068 12071:12080 12072:12078 12073:12077 12074:12076 12081:12092 12082:12091 12083:12089 12084:12088 12085:12087 12093:12095 12098:12200 12099:12170 12102:12154 12103:12111 12107:12110 12112:12120 12116:12119 12121:12131 12125:12130 12127:12129 12132:12142 12136:12141 12138:12140 12143:12153 12147:12152 12149:12151 12155:12166 12156:12165 12157:12163 12158:12162 12159:12161 12167:12169 12171:12199 12174:12183 12175:12181 12176:12180 12177:12179 12184:12195 12185:12194 12186:12192 12187:12191 12188:12190 12196:12198 12201:12334 12202:12224 12205:12215 12206:12214 12211:12213 12216:12220 12217:12219 12221:12223 12225:12254 12228:12238 12229:12237 12234:12236 12239:12250 12240:12249 12241:12247 12242:12246 12243:12245 12251:12253 12255:12293 12258:12268 12259:12267 12264:12266 12269:12277 12270:12276 12271:12275 12272:12274 12278:12289 12279:12288 12280:12286 12281:12285 12282:12284 12290:12292 12294:12333 12297:12307 12298:12306 12303:12305 12308:12317 12309:12315 12310:12314 12311:12313 12318:12329 12319:12328 12320:12326 12321:12325 12322:12324 12330:12332 12335:12437 12336:12407 12339:12391 12340:12348 12344:12347 12349:12357 12353:12356 12358:12368 12362:12367 12364:12366 12369:12379 12373:12378 12375:12377 12380:12390 12384:12389 12386:12388 12392:12403 12393:12402 12394:12400 12395:12399 12396:12398 12404:12406 12408:12436 12411:12420 12412:12418 12413:12417 12414:12416 12421:12432 12422:12431 12423:12429 12424:12428 12425:12427 12433:12435 12438:12571 12439:12461 12442:12452 12443:12451 12448:12450 12453:12457 12454:12456 12458:12460 12462:12491 12465:12475 12466:12474 12471:12473 12476:12487 12477:12486 12478:12484 12479:12483 12480:12482 12488:12490 12492:12530 12495:12505 12496:12504 12501:12503 12506:12514 12507:12513 12508:12512 12509:12511 12515:12526 12516:12525 12517:12523 12518:12522 12519:12521 12527:12529 12531:12570 12534:12544 12535:12543 12540:12542 12545:12554 12546:12552 12547:12551 12548:12550 12555:12566 12556:12565 12557:12563 12558:12562 12559:12561 12567:12569 12572:12674 12573:12644 12576:12628 12577:12585 12581:12584 12586:12594 12590:12593 12595:12605 12599:12604 12601:12603 12606:12616 12610:12615 12612:12614 12617:12627 12621:12626 12623:12625 12629:12640 12630:12639 12631:12637 12632:12636 12633:12635 12641:12643 12645:12673 12648:12657 12649:12655 12650:12654 12651:12653 12658:12669 12659:12668 12660:12666 12661:12665 12662:12664 12670:12672 12675:12808 12676:12698 12679:12689 12680:12688 12685:12687 12690:12694 12691:12693 12695:12697 12699:12728 12702:12712 12703:12711 12708:12710 12713:12724 12714:12723 12715:12721 12716:12720 12717:12719 12725:12727 12729:12767 12732:12742 12733:12741 12738:12740 12743:12751 12744:12750 12745:12749 12746:12748 12752:12763 12753:12762 12754:12760 12755:12759 12756:12758 12764:12766 12768:12807 12771:12781 12772:12780 12777:12779 12782:12791 12783:12789 12784:12788 12785:12787 12792:12803 12793:12802 12794:12800 12795:12799 12796:12798 12804:12806 12809:12911 12810:12881 12813:12865 12814:12822 12818:12821 12823:12831 12827:12830 12832:12842 12836:12841 12838:12840 12843:12853 12847:12852 12849:12851 12854:12864 12858:12863 12860:12862 12866:12877 12867:12876 12868:12874 12869:12873 12870:12872 12878:12880 12882:12910 12885:12894 12886:12892 12887:12891 12888:12890 12895:12906 12896:12905 12897:12903 12898:12902 12899:12901 12907:12909 12912:13045 12913:12935 12916:12926 12917:12925 12922:12924 12927:12931 12928:12930 12932:12934 12936:12965 12939:12949 12940:12948 12945:12947 12950:12961 12951:12960 12952:12958 12953:12957 12954:12956 12962:12964 12966:13004 12969:12979 12970:12978 12975:12977 12980:12988 12981:12987 12982:12986 12983:12985 12989:13000 12990:12999 12991:12997 12992:12996 12993:12995 13001:13003 13005:13044 13008:13018 13009:13017 13014:13016 13019:13028 13020:13026 13021:13025 13022:13024 13029:13040 13030:13039 13031:13037 13032:13036 13033:13035 13041:13043 13046:13148 13047:13118 13050:13102 13051:13059 13055:13058 13060:13068 13064:13067 13069:13079 13073:13078 13075:13077 13080:13090 13084:13089 13086:13088 13091:13101 13095:13100 13097:13099 13103:13114 13104:13113 13105:13111 13106:13110 13107:13109 13115:13117 13119:13147 13122:13131 13123:13129 13124:13128 13125:13127 13132:13143 13133:13142 13134:13140 13135:13139 13136:13138 13144:13146 13149:13282 13150:13172 13153:13163 13154:13162 13159:13161 13164:13168 13165:13167 13169:13171 13173:13202 13176:13186 13177:13185 13182:13184 13187:13198 13188:13197 13189:13195 13190:13194 13191:13193 13199:13201 13203:13241 13206:13216 13207:13215 13212:13214 13217:13225 13218:13224 13219:13223 13220:13222 13226:13237 13227:13236 13228:13234 13229:13233 13230:13232 13238:13240 13242:13281 13245:13255 13246:13254 13251:13253 13256:13265 13257:13263 13258:13262 13259:13261 13266:13277 13267:13276 13268:13274 13269:13273 13270:13272 13278:13280 13283:13385 13284:13355 13287:13339 13288:13296 13292:13295 13297:13305 13301:13304 13306:13316 13310:13315 13312:13314 13317:13327 13321:13326 13323:13325 13328:13338 13332:13337 13334:13336 13340:13351 13341:13350 13342:13348 13343:13347 13344:13346 13352:13354 13356:13384 13359:13368 13360:13366 13361:13365 13362:13364 13369:13380 13370:13379 13371:13377 13372:13376 13373:13375 13381:13383 13386:13519 13387:13409 13390:13400 13391:13399 13396:13398 13401:13405 13402:13404 13406:13408 13410:13439 13413:13423 13414:13422 13419:13421 13424:13435 13425:13434 13426:13432 13427:13431 13428:13430 13436:13438 13440:13478 13443:13453 13444:13452 13449:13451 13454:13462 13455:13461 13456:13460 13457:13459 13463:13474 13464:13473 13465:13471 13466:13470 13467:13469 13475:13477 13479:13518 13482:13492 13483:13491 13488:13490 13493:13502 13494:13500 13495:13499 13496:13498 13503:13514 13504:13513 13505:13511 13506:13510 13507:13509 13515:13517 13520:13622 13521:13592 13524:13576 13525:13533 13529:13532 13534:13542 13538:13541 13543:13553 13547:13552 13549:13551 13554:13564 13558:13563 13560:13562 13565:13575 13569:13574 13571:13573 13577:13588 13578:13587 13579:13585 13580:13584 13581:13583 13589:13591 13593:13621 13596:13605 13597:13603 13598:13602 13599:13601 13606:13617 13607:13616 13608:13614 13609:13613 13610:13612 13618:13620 13623:13756 13624:13646 13627:13637 13628:13636 13633:13635 13638:13642 13639:13641 13643:13645 13647:13676 13650:13660 13651:13659 13656:13658 13661:13672 13662:13671 13663:13669 13664:13668 13665:13667 13673:13675 13677:13715 13680:13690 13681:13689 13686:13688 13691:13699 13692:13698 13693:13697 13694:13696 13700:13711 13701:13710 13702:13708 13703:13707 13704:13706 13712:13714 13716:13755 13719:13729 13720:13728 13725:13727 13730:13739 13731:13737 13732:13736 13733:13735 13740:13751 13741:13750 13742:13748 13743:13747 13744:13746 13752:13754 13757:13859 13758:13829 13761:13813 13762:13770 13766:13769 13771:13779 13775:13778 13780:13790 13784:13789 13786:13788 13791:13801 13795:13800 13797:13799 13802:13812 13806:13811 13808:13810 13814:13825 13815:13824 13816:13822 13817:13821 13818:13820 13826:13828 13830:13858 13833:13842 13834:13840 13835:13839 13836:13838 13843:13854 13844:13853 13845:13851 13846:13850 13847:13849 13855:13857 13860:13993 13861:13883 13864:13874 13865:13873 13870:13872 13875:13879 13876:13878 13880:13882 13884:13913 13887:13897 13888:13896 13893:13895 13898:13909 13899:13908 13900:13906 13901:13905 13902:13904 13910:13912 13914:13952 13917:13927 13918:13926 13923:13925 13928:13936 13929:13935 13930:13934 13931:13933 13937:13948 13938:13947 13939:13945 13940:13944 13941:13943 13949:13951 13953:13992 13956:13966 13957:13965 13962:13964 13967:13976 13968:13974 13969:13973 13970:13972 13977:13988 13978:13987 13979:13985 13980:13984 13981:13983 13989:13991 13994:14096 13995:14066 13998:14050 13999:14007 14003:14006 14008:14016 14012:14015 14017:14027 14021:14026 14023:14025 14028:14038 14032:14037 14034:14036 14039:14049 14043:14048 14045:14047 14051:14062 14052:14061 14053:14059 14054:14058 14055:14057 14063:14065 14067:14095 14070:14079 14071:14077 14072:14076 14073:14075 14080:14091 14081:14090 14082:14088 14083:14087 14084:14086 14092:14094 14097:14230 14098:14120 14101:14111 14102:14110 14107:14109 14112:14116 14113:14115 14117:14119 14121:14150 14124:14134 14125:14133 14130:14132 14135:14146 14136:14145 14137:14143 14138:14142 14139:14141 14147:14149 14151:14189 14154:14164 14155:14163 14160:14162 14165:14173 14166:14172 14167:14171 14168:14170 14174:14185 14175:14184 14176:14182 14177:14181 14178:14180 14186:14188 14190:14229 14193:14203 14194:14202 14199:14201 14204:14213 14205:14211 14206:14210 14207:14209 14214:14225 14215:14224 14216:14222 14217:14221 14218:14220 14226:14228 14231:14333 14232:14303 14235:14287 14236:14244 14240:14243 14245:14253 14249:14252 14254:14264 14258:14263 14260:14262 14265:14275 14269:14274 14271:14273 14276:14286 14280:14285 14282:14284 14288:14299 14289:14298 14290:14296 14291:14295 14292:14294 14300:14302 14304:14332 14307:14316 14308:14314 14309:14313 14310:14312 14317:14328 14318:14327 14319:14325 14320:14324 14321:14323 14329:14331 14334:14467 14335:14357 14338:14348 14339:14347 14344:14346 14349:14353 14350:14352 14354:14356 14358:14387 14361:14371 14362:14370 14367:14369 14372:14383 14373:14382 14374:14380 14375:14379 14376:14378 14384:14386 14388:14426 14391:14401 14392:14400 14397:14399 14402:14410 14403:14409 14404:14408 14405:14407 14411:14422 14412:14421 14413:14419 14414:14418 14415:14417 14423:14425 14427:14466 14430:14440 14431:14439 14436:14438 14441:14450 14442:14448 14443:14447 14444:14446 14451:14462 14452:14461 14453:14459 14454:14458 14455:14457 14463:14465 14468:14502 14469:14501 14472:14482 14473:14481 14478:14480 14483:14497 14484:14496 14485:14494 14486:14493 14487:14492 14489:14491 14498:14500 14503:14636 14504:14605 14507:14589 14508:14516 14512:14515 14517:14525 14521:14524 14526:14536 14530:14535 14532:14534 14537:14547 14541:14546 14543:14545 14548:14558 14552:14557 14554:14556 14559:14572 14563:14571 14565:14570 14573:14580 14577:14579 14581:14588 14585:14587 14590:14601 14591:14600 14592:14598 14593:14597 14594:14596 14602:14604 14606:14635 14609:14619 14610:14616 14611:14615 14612:14614 14620:14631 14621:14630 14622:14628 14623:14627 14624:14626 14632:14634 14637:14709 14638:14667 14641:14651 14642:14650 14647:14649 14652:14663 14653:14662 14654:14660 14655:14659 14656:14658 14664:14666 14668:14708 14671:14681 14672:14680 14677:14679 14682:14692 14683:14689 14684:14688 14685:14687 14693:14704 14694:14703 14695:14701 14696:14700 14697:14699 14705:14707 14710:14790 14711:14748 14714:14732 14715:14723 14720:14722 14724:14731 14728:14730 14733:14744 14734:14743 14735:14741 14736:14740 14737:14739 14745:14747 14749:14789 14752:14762 14753:14761 14758:14760 14763:14773 14764:14770 14765:14769 14766:14768 14774:14785 14775:14784 14776:14782 14777:14781 14778:14780 14786:14788 14791:14822 14792:14821 14795:14805 14796:14804 14801:14803 14806:14817 14807:14816 14808:14814 14809:14813 14810:14812 14818:14820 14823:14854 14824:14853 14827:14837 14828:14836 14833:14835 14838:14849 14839:14848 14840:14846 14841:14845 14842:14844 14850:14852 14855:14886 14856:14885 14859:14869 14860:14868 14865:14867 14870:14881 14871:14880 14872:14878 14873:14877 14874:14876 14882:14884 14887:14935 14888:14934 14891:14918 14892:14900 14897:14899 14901:14909 14906:14908 14910:14917 14914:14916 14919:14930 14920:14929 14921:14927 14922:14926 14923:14925 14931:14933 14936:14970 14937:14969 14940:14950 14941:14949 14946:14948 14951:14965 14952:14964 14953:14962 14954:14961 14955:14960 14957:14959 14966:14968 14971:15035 14972:15001 14975:14985 14976:14984 14981:14983 14986:14997 14987:14996 14988:14994 14989:14993 14990:14992 14998:15000 15002:15034 15005:15015 15006:15014 15011:15013 15016:15025 15017:15023 15018:15022 15019:15021 15026:15030 15027:15029 15031:15033 15036:15056 15037:15055 15040:15051 15041:15050 15042:15048 15043:15047 15044:15046 15052:15054 15057:15087 15058:15086 15061:15070 15062:15068 15063:15067 15064:15066 15071:15082 15072:15081 15073:15079 15074:15078 15075:15077 15083:15085 15088:15108 15089:15107 15092:15103 15093:15102 15094:15100 15095:15099 15096:15098 15104:15106 15109:15138 15110:15137 15113:15121 15114:15120 15115:15119 15116:15118 15122:15133 15123:15132 15124:15130 15125:15129 15126:15128 15134:15136 15139:15168 15140:15167 15143:15151 15144:15150 15145:15149 15146:15148 15152:15163 15153:15162 15154:15160 15155:15159 15156:15158 15164:15166 15169:15198 15170:15197 15173:15181 15174:15180 15175:15179 15176:15178 15182:15193 15183:15192 15184:15190 15185:15189 15186:15188 15194:15196 15199:15228 15200:15227 15203:15211 15204:15210 15205:15209 15206:15208 15212:15223 15213:15222 15214:15220 15215:15219 15216:15218 15224:15226 15229:15249 15230:15248 15233:15244 15234:15243 15235:15241 15236:15240 15237:15239 15245:15247 15250:15273 15251:15272 15254:15268 15255:15267 15256:15265 15257:15264 15258:15263 15260:15262 15269:15271 15274:15298 15275:15297 15278:15288 15279:15287 15284:15286 15289:15293 15290:15292 15294:15296 15299:15351 15300:15321 15303:15317 15304:15316 15305:15314 15306:15313 15307:15312 15309:15311 15318:15320 15322:15350 15325:15334 15326:15332 15327:15331 15328:15330 15335:15346 15336:15345 15337:15343 15338:15342 15339:15341 15347:15349 15352:15413 15353:15382 15356:15366 15357:15365 15362:15364 15367:15378 15368:15377 15369:15375 15370:15374 15371:15373 15379:15381 15383:15412 15386:15396 15387:15395 15392:15394 15397:15408 15398:15407 15399:15405 15400:15404 15401:15403 15409:15411 15414:15445 15415:15444 15418:15428 15419:15427 15424:15426 15429:15440 15430:15439 15431:15437 15432:15436 15433:15435 15441:15443 15446:15477 15447:15476 15450:15460 15451:15459 15456:15458 15461:15472 15462:15471 15463:15469 15464:15468 15465:15467 15473:15475 15478:15617 15479:15577 15482:15561 15483:15491 15487:15490 15492:15500 15496:15499 15501:15511 15505:15510 15507:15509 15512:15522 15516:15521 15518:15520 15523:15533 15527:15532 15529:15531 15534:15541 15538:15540 15542:15549 15546:15548 15550:15560 15554:15559 15556:15558 15562:15573 15563:15572 15564:15570 15565:15569 15566:15568 15574:15576 15578:15616 15582:15591 15583:15590 15587:15589 15592:15600 15593:15599 15594:15598 15595:15597 15601:15612 15602:15611 15603:15609 15604:15608 15605:15607 15613:15615 15618:15648 15619:15647 15622:15631 15623:15629 15624:15628 15625:15627 15632:15643 15633:15642 15634:15640 15635:15639 15636:15638 15644:15646 15649:15678 15650:15677 15653:15661 15654:15660 15655:15659 15656:15658 15662:15673 15663:15672 15664:15670 15665:15669 15666:15668 15674:15676 15679:15720 15680:15719 15684:15693 15685:15692 15689:15691 15694:15703 15695:15701 15696:15700 15697:15699 15704:15715 15705:15714 15706:15712 15707:15711 15708:15710 15716:15718 15721:15764 15722:15740 15725:15736 15726:15735 15727:15733 15728:15732 15729:15731 15737:15739 15741:15763 15744:15753 15745:15751 15746:15750 15747:15749 15754:15759 15755:15758 15760:15762 15766:24784 15767:24772 15768:15792 15769:15773 15775:15791 15776:15781 15778:15780 15782:15787 15788:15790 15793:15816 15794:15799 15801:15814 15802:15804 15805:15807 15808:15810 15811:15813 15817:15875 15818:15828 15830:15874 15831:15834 15835:15838 15839:15842 15843:15849 15846:15848 15850:15853 15854:15858 15859:15863 15864:15868 15869:15873 15876:15897 15877:15880 15882:15895 15883:15891 15887:15890 15892:15894 15898:15924 15899:15904 15906:15922 15907:15909 15910:15912 15913:15915 15916:15918 15919:15921 15925:15983 15926:15936 15938:15982 15939:15942 15943:15946 15947:15950 15951:15957 15954:15956 15958:15961 15962:15966 15967:15971 15972:15976 15977:15981 15984:15995 15986:15993 15987:15992 15989:15991 15996:16010 15997:15999 16001:16008 16002:16007 16004:16006 16011:16022 16013:16020 16014:16016 16017:16019 16023:16062 16025:16060 16026:16029 16030:16033 16034:16037 16038:16041 16042:16045 16046:16051 16052:16059 16056:16058 16063:16079 16065:16077 16066:16069 16070:16076 16072:16074 16080:16103 16081:16086 16088:16101 16089:16091 16092:16094 16095:16097 16098:16100 16104:16162 16105:16115 16117:16161 16118:16121 16122:16125 16126:16129 16130:16136 16133:16135 16137:16140 16141:16145 16146:16150 16151:16155 16156:16160 16163:16227 16164:16168 16170:16225 16171:16178 16174:16177 16179:16182 16183:16186 16187:16189 16190:16193 16194:16197 16198:16201 16202:16205 16206:16209 16210:16213 16214:16216 16217:16220 16221:16224 16228:16245 16229:16231 16233:16243 16234:16238 16239:16242 16246:16271 16247:16251 16253:16269 16254:16256 16257:16259 16260:16262 16263:16265 16266:16268 16272:16291 16274:16289 16275:16278 16279:16283 16284:16288 16292:16350 16293:16303 16305:16349 16306:16309 16310:16313 16314:16317 16318:16324 16321:16323 16325:16328 16329:16333 16334:16338 16339:16343 16344:16348 16351:16365 16353:16363 16354:16358 16359:16362 16366:16408 16368:16406 16369:16373 16374:16377 16378:16381 16382:16385 16386:16395 16389:16394 16396:16400 16401:16405 16409:16435 16410:16415 16417:16433 16418:16420 16421:16423 16424:16426 16427:16429 16430:16432 16436:16494 16437:16447 16449:16493 16450:16453 16454:16457 16458:16461 16462:16468 16465:16467 16469:16472 16473:16477 16478:16482 16483:16487 16488:16492 16495:16508 16497:16506 16498:16501 16502:16505 16509:16575 16510:16514 16516:16573 16517:16526 16521:16525 16527:16530 16531:16534 16535:16539 16540:16543 16544:16547 16548:16552 16553:16556 16557:16562 16563:16567 16568:16572 16576:16595 16578:16593 16579:16582 16583:16587 16588:16592 16596:16614 16597:16600 16602:16612 16603:16605 16606:16611 16608:16610 16615:16636 16616:16618 16620:16634 16621:16623 16624:16627 16628:16630 16631:16633 16637:16695 16638:16648 16650:16694 16651:16654 16655:16658 16659:16662 16663:16669 16666:16668 16670:16673 16674:16678 16679:16683 16684:16688 16689:16693 16696:16714 16697:16699 16701:16712 16702:16705 16706:16711 16715:16733 16716:16719 16721:16731 16722:16725 16726:16730 16734:16747 16735:16737 16739:16745 16740:16744 16748:16774 16749:16754 16756:16772 16757:16759 16760:16762 16763:16765 16766:16768 16769:16771 16775:16798 16776:16780 16782:16796 16783:16786 16787:16790 16791:16795 16799:16823 16800:16802 16804:16821 16805:16808 16809:16812 16813:16816 16817:16820 16824:16882 16825:16835 16837:16881 16838:16841 16842:16845 16846:16849 16850:16856 16853:16855 16857:16860 16861:16865 16866:16870 16871:16875 16876:16880 16883:16913 16884:16887 16889:16911 16890:16896 16892:16894 16897:16900 16901:16905 16906:16910 16914:16950 16915:16919 16921:16948 16922:16926 16927:16931 16932:16936 16937:16939 16940:16944 16945:16947 16951:17032 16952:16962 16964:17030 16965:16969 16970:16974 16975:16979 16980:16984 16985:16989 16990:16994 16995:16998 16999:17003 17004:17006 17007:17012 17013:17017 17018:17020 17021:17025 17026:17029 17033:17043 17035:17041 17036:17040 17044:17053 17046:17051 17047:17050 17054:17093 17056:17091 17057:17060 17061:17065 17066:17070 17071:17075 17076:17080 17081:17085 17086:17090 17094:17124 17095:17100 17102:17122 17103:17105 17106:17108 17109:17112 17113:17115 17116:17118 17119:17121 17125:17158 17126:17131 17133:17156 17134:17136 17137:17139 17140:17143 17144:17146 17147:17149 17150:17152 17153:17155 17159:17217 17160:17170 17172:17216 17173:17176 17177:17180 17181:17184 17185:17191 17188:17190 17192:17195 17196:17200 17201:17205 17206:17210 17211:17215 17218:17259 17219:17223 17225:17257 17226:17230 17231:17235 17236:17241 17242:17250 17245:17249 17251:17256 17260:17286 17261:17265 17267:17284 17268:17270 17271:17277 17273:17275 17278:17280 17281:17283 17287:17345 17288:17298 17300:17344 17301:17304 17305:17308 17309:17312 17313:17319 17316:17318 17320:17323 17324:17328 17329:17333 17334:17338 17339:17343 17346:17359 17347:17349 17351:17357 17352:17356 17360:17382 17361:17365 17367:17380 17368:17371 17372:17375 17376:17379 17383:17410 17384:17388 17390:17408 17391:17394 17395:17398 17399:17402 17403:17407 17411:17422 17413:17420 17414:17416 17417:17419 17423:17444 17425:17442 17426:17429 17430:17433 17434:17437 17438:17441 17445:17462 17447:17460 17448:17451 17452:17455 17456:17459 17463:17489 17464:17466 17468:17487 17469:17471 17472:17474 17475:17477 17478:17480 17481:17483 17484:17486 17490:17517 17491:17495 17497:17516 17498:17503 17504:17509 17506:17508 17510:17515 17518:17562 17519:17523 17525:17560 17526:17528 17529:17533 17534:17538 17539:17541 17542:17544 17545:17549 17550:17554 17555:17559 17563:17621 17564:17574 17576:17620 17577:17580 17581:17584 17585:17588 17589:17595 17592:17594 17596:17599 17600:17604 17605:17609 17610:17614 17615:17619 17622:17659 17623:17626 17628:17657 17629:17632 17633:17636 17637:17640 17641:17644 17645:17648 17649:17652 17653:17656 17660:17712 17661:17664 17666:17710 17667:17673 17669:17671 17674:17677 17678:17681 17682:17685 17686:17689 17690:17693 17694:17697 17698:17701 17702:17709 17706:17708 17713:17739 17715:17737 17716:17722 17719:17721 17723:17729 17726:17728 17730:17736 17733:17735 17740:17783 17741:17748 17750:17781 17751:17755 17756:17760 17761:17765 17766:17770 17771:17775 17776:17780 17784:17803 17785:17788 17790:17801 17791:17797 17794:17796 17798:17800 17804:17831 17805:17811 17813:17829 17814:17816 17817:17819 17820:17822 17823:17825 17826:17828 17832:17890 17833:17843 17845:17889 17846:17849 17850:17853 17854:17857 17858:17864 17861:17863 17865:17868 17869:17873 17874:17878 17879:17883 17884:17888 17891:17935 17892:17896 17898:17933 17899:17903 17904:17908 17909:17913 17914:17918 17919:17922 17923:17927 17928:17932 17936:17949 17938:17947 17939:17942 17943:17946 17950:17982 17952:17980 17953:17956 17957:17959 17960:17962 17963:17965 17966:17968 17969:17972 17973:17976 17977:17979 17983:17997 17984:17986 17988:17995 17989:17994 17998:18015 17999:18001 18003:18013 18004:18008 18009:18012 18016:18035 18017:18021 18023:18033 18024:18026 18027:18029 18030:18032 18036:18059 18037:18042 18044:18057 18045:18047 18048:18050 18051:18053 18054:18056 18060:18118 18061:18071 18073:18117 18074:18077 18078:18081 18082:18085 18086:18092 18089:18091 18093:18096 18097:18101 18102:18106 18107:18111 18112:18116 18119:18142 18120:18125 18127:18140 18128:18130 18131:18133 18134:18136 18137:18139 18143:18201 18144:18154 18156:18200 18157:18160 18161:18164 18165:18168 18169:18175 18172:18174 18176:18179 18180:18184 18185:18189 18190:18194 18195:18199 18202:18236 18203:18207 18209:18234 18210:18213 18214:18217 18218:18221 18222:18225 18226:18233 18229:18232 18237:18267 18238:18242 18244:18265 18245:18248 18249:18252 18253:18256 18257:18260 18261:18264 18268:18279 18270:18277 18271:18273 18274:18276 18280:18296 18281:18283 18285:18294 18286:18293 18290:18292 18297:18323 18298:18303 18305:18321 18306:18308 18309:18311 18312:18314 18315:18317 18318:18320 18324:18337 18326:18335 18327:18330 18331:18334 18338:18396 18339:18349 18351:18395 18352:18355 18356:18359 18360:18363 18364:18370 18367:18369 18371:18374 18375:18379 18380:18384 18385:18389 18390:18394 18397:18409 18398:18400 18402:18407 18403:18406 18410:18426 18412:18424 18413:18418 18419:18423 18427:18523 18428:18436 18438:18521 18439:18445 18441:18443 18446:18452 18449:18451 18453:18457 18458:18462 18463:18466 18467:18470 18471:18475 18476:18480 18481:18485 18486:18490 18491:18494 18495:18498 18499:18505 18502:18504 18506:18510 18511:18515 18516:18520 18524:18537 18525:18527 18529:18535 18530:18534 18538:18560 18539:18542 18544:18558 18545:18549 18550:18553 18554:18557 18561:18574 18562:18564 18566:18572 18567:18571 18575:18595 18576:18579 18581:18593 18582:18585 18586:18589 18590:18592 18596:18619 18597:18600 18602:18617 18603:18607 18608:18612 18613:18616 18620:18647 18625:18646 18626:18645 18627:18629 18630:18632 18633:18635 18636:18638 18639:18641 18642:18644 18648:18659 18650:18657 18651:18653 18654:18656 18660:18718 18661:18671 18673:18717 18674:18677 18678:18681 18682:18685 18686:18692 18689:18691 18693:18696 18697:18701 18702:18706 18707:18711 18712:18716 18719:18778 18720:18723 18725:18776 18726:18732 18728:18731 18733:18735 18736:18738 18739:18741 18742:18744 18745:18747 18748:18750 18751:18753 18754:18756 18757:18759 18760:18763 18764:18766 18767:18769 18770:18772 18773:18775 18779:18805 18780:18784 18786:18803 18787:18789 18790:18792 18793:18796 18797:18799 18800:18802 18806:18864 18807:18817 18819:18863 18820:18823 18824:18827 18828:18831 18832:18838 18835:18837 18839:18842 18843:18847 18848:18852 18853:18857 18858:18862 18865:18908 18866:18873 18875:18906 18876:18882 18879:18881 18883:18889 18886:18888 18890:18892 18893:18895 18896:18898 18899:18905 18902:18904 18909:18967 18910:18920 18922:18966 18923:18926 18927:18930 18931:18934 18935:18941 18938:18940 18942:18945 18946:18950 18951:18955 18956:18960 18961:18965 18968:19009 18969:18971 18973:19007 18974:18979 18976:18978 18980:18985 18982:18984 18986:18988 18989:18991 18992:18994 18995:18997 18998:19000 19001:19006 19003:19005 19010:19068 19011:19021 19023:19067 19024:19027 19028:19031 19032:19035 19036:19042 19039:19041 19043:19046 19047:19051 19052:19056 19057:19061 19062:19066 19069:19092 19070:19074 19076:19090 19077:19079 19080:19083 19084:19086 19087:19089 19093:19151 19094:19104 19106:19150 19107:19110 19111:19114 19115:19118 19119:19125 19122:19124 19126:19129 19130:19134 19135:19139 19140:19144 19145:19149 19152:19179 19153:19158 19160:19177 19161:19167 19164:19166 19168:19170 19171:19173 19174:19176 19180:19238 19181:19191 19193:19237 19194:19197 19198:19201 19202:19205 19206:19212 19209:19211 19213:19216 19217:19221 19222:19226 19227:19231 19232:19236 19239:19268 19240:19242 19244:19266 19245:19250 19247:19249 19251:19253 19254:19256 19257:19259 19260:19262 19263:19265 19269:19327 19270:19280 19282:19326 19283:19286 19287:19290 19291:19294 19295:19301 19298:19300 19302:19305 19306:19310 19311:19315 19316:19320 19321:19325 19328:19343 19329:19332 19334:19341 19335:19337 19338:19340 19344:19361 19345:19347 19349:19359 19350:19354 19355:19358 19362:19380 19363:19366 19368:19378 19369:19374 19371:19373 19375:19377 19381:19396 19382:19384 19386:19394 19387:19393 19390:19392 19397:19420 19398:19403 19405:19418 19406:19408 19409:19411 19412:19414 19415:19417 19421:19447 19422:19427 19429:19445 19430:19432 19433:19435 19436:19438 19439:19441 19442:19444 19448:19506 19449:19459 19461:19505 19462:19465 19466:19469 19470:19473 19474:19480 19477:19479 19481:19484 19485:19489 19490:19494 19495:19499 19500:19504 19507:19527 19508:19510 19512:19525 19513:19516 19517:19520 19521:19524 19528:19586 19530:19584 19531:19540 19535:19539 19541:19544 19545:19548 19549:19552 19553:19556 19557:19561 19562:19570 19565:19569 19571:19580 19574:19579 19581:19583 19587:19600 19589:19598 19590:19593 19594:19597 19601:19619 19602:19605 19607:19617 19608:19613 19610:19612 19614:19616 19620:19650 19621:19623 19625:19648 19626:19631 19628:19630 19632:19635 19636:19638 19639:19641 19642:19644 19645:19647 19651:19709 19652:19662 19664:19708 19665:19668 19669:19672 19673:19676 19677:19683 19680:19682 19684:19687 19688:19692 19693:19697 19698:19702 19703:19707 19710:19732 19711:19713 19715:19730 19716:19719 19720:19729 19724:19728 19733:19753 19734:19736 19738:19751 19739:19744 19741:19743 19745:19747 19748:19750 19754:19811 19755:19757 19759:19809 19760:19766 19762:19764 19767:19772 19773:19778 19779:19787 19783:19786 19788:19791 19792:19798 19794:19796 19799:19802 19803:19808 19812:19839 19813:19817 19819:19838 19820:19825 19826:19831 19828:19830 19832:19837 19840:19851 19842:19849 19843:19845 19846:19848 19852:19874 19853:19857 19859:19872 19860:19862 19863:19865 19866:19868 19869:19871 19875:19933 19876:19886 19888:19932 19889:19892 19893:19896 19897:19900 19901:19907 19904:19906 19908:19911 19912:19916 19917:19921 19922:19926 19927:19931 19934:19978 19935:19941 19943:19976 19944:19947 19948:19952 19953:19956 19957:19961 19962:19966 19967:19971 19972:19975 19979:20001 19980:19984 19986:19999 19987:19989 19990:19992 19993:19995 19996:19998 20002:20060 20003:20013 20015:20059 20016:20019 20020:20023 20024:20027 20028:20034 20031:20033 20035:20038 20039:20043 20044:20048 20049:20053 20054:20058 20061:20072 20063:20070 20064:20066 20067:20069 20073:20095 20074:20078 20080:20093 20081:20083 20084:20086 20087:20089 20090:20092 20096:20154 20097:20107 20109:20153 20110:20113 20114:20117 20118:20121 20122:20128 20125:20127 20129:20132 20133:20137 20138:20142 20143:20147 20148:20152 20155:20184 20156:20159 20161:20182 20162:20165 20166:20170 20171:20175 20176:20178 20179:20181 20185:20205 20186:20188 20190:20203 20191:20194 20195:20198 20199:20202 20206:20223 20207:20210 20212:20221 20213:20216 20217:20220 20224:20249 20226:20247 20227:20230 20231:20234 20235:20238 20239:20242 20243:20246 20250:20276 20252:20274 20253:20256 20257:20260 20261:20269 20264:20268 20270:20273 20277:20294 20278:20280 20282:20292 20283:20287 20288:20291 20295:20354 20296:20300 20302:20352 20303:20306 20307:20311 20312:20316 20317:20320 20321:20324 20325:20329 20330:20336 20333:20335 20337:20343 20340:20342 20344:20347 20348:20351 20355:20377 20356:20360 20362:20375 20363:20365 20366:20368 20369:20371 20372:20374 20378:20436 20379:20389 20391:20435 20392:20395 20396:20399 20400:20403 20404:20410 20407:20409 20411:20414 20415:20419 20420:20424 20425:20429 20430:20434 20437:20463 20438:20443 20445:20461 20446:20448 20449:20451 20452:20454 20455:20457 20458:20460 20464:20481 20465:20467 20469:20479 20470:20474 20475:20478 20482:20505 20484:20503 20485:20489 20490:20493 20494:20502 20497:20501 20506:20564 20507:20517 20519:20563 20520:20523 20524:20527 20528:20531 20532:20538 20535:20537 20539:20542 20543:20547 20548:20552 20553:20557 20558:20562 20565:20582 20566:20568 20570:20580 20571:20575 20576:20579 20583:20653 20584:20586 20588:20651 20589:20591 20592:20595 20596:20599 20600:20603 20604:20607 20608:20611 20612:20615 20616:20622 20619:20621 20623:20626 20627:20633 20629:20631 20634:20637 20638:20641 20642:20645 20646:20650 20654:20722 20656:20720 20657:20668 20659:20663 20660:20662 20665:20667 20669:20672 20673:20685 20676:20684 20686:20690 20691:20695 20696:20699 20700:20715 20703:20714 20716:20719 20723:20746 20724:20729 20731:20744 20732:20734 20735:20737 20738:20740 20741:20743 20747:20805 20748:20758 20760:20804 20761:20764 20765:20768 20769:20772 20773:20779 20776:20778 20780:20783 20784:20788 20789:20793 20794:20798 20799:20803 20806:20846 20808:20844 20809:20815 20812:20814 20816:20822 20819:20821 20823:20829 20826:20828 20830:20836 20833:20835 20837:20843 20840:20842 20847:20868 20848:20851 20853:20866 20854:20857 20858:20861 20862:20865 20869:20891 20870:20874 20876:20889 20877:20879 20880:20882 20883:20885 20886:20888 20892:20950 20893:20903 20905:20949 20906:20909 20910:20913 20914:20917 20918:20924 20921:20923 20925:20928 20929:20933 20934:20938 20939:20943 20944:20948 20951:20967 20952:20954 20956:20965 20957:20960 20961:20964 20968:20994 20969:20974 20976:20992 20977:20979 20980:20982 20983:20985 20986:20988 20989:20991 20995:21016 20996:20998 21000:21014 21001:21005 21006:21009 21010:21013 21017:21075 21018:21028 21030:21074 21031:21034 21035:21038 21039:21042 21043:21049 21046:21048 21050:21053 21054:21058 21059:21063 21064:21068 21069:21073 21076:21091 21077:21080 21082:21089 21083:21085 21086:21088 21092:21209 21093:21103 21105:21207 21106:21110 21111:21114 21115:21121 21118:21120 21122:21125 21126:21130 21131:21133 21134:21137 21138:21147 21141:21146 21143:21145 21148:21151 21152:21156 21157:21162 21163:21167 21168:21172 21173:21176 21177:21181 21182:21188 21185:21187 21189:21192 21193:21197 21198:21206 21201:21205 21210:21269 21212:21267 21213:21217 21218:21229 21220:21224 21221:21223 21226:21228 21230:21236 21233:21235 21237:21240 21241:21244 21245:21248 21249:21253 21254:21258 21259:21262 21263:21266 21270:21314 21271:21273 21275:21312 21276:21281 21278:21280 21282:21284 21285:21290 21287:21289 21291:21293 21294:21296 21297:21299 21300:21302 21303:21305 21306:21311 21308:21310 21315:21337 21316:21320 21322:21335 21323:21325 21326:21328 21329:21331 21332:21334 21338:21346 21340:21344 21341:21343 21347:21405 21348:21358 21360:21404 21361:21364 21365:21368 21369:21372 21373:21379 21376:21378 21380:21383 21384:21388 21389:21393 21394:21398 21399:21403 21406:21434 21407:21410 21412:21432 21413:21416 21417:21421 21422:21426 21427:21431 21435:21455 21436:21439 21441:21453 21442:21447 21448:21452 21456:21480 21457:21461 21463:21478 21464:21466 21467:21470 21471:21474 21475:21477 21481:21512 21482:21487 21489:21510 21490:21493 21494:21497 21498:21501 21502:21505 21506:21509 21513:21535 21514:21518 21520:21533 21521:21523 21524:21526 21527:21529 21530:21532 21536:21564 21537:21539 21541:21562 21542:21545 21546:21549 21550:21553 21554:21561 21558:21560 21565:21623 21566:21576 21578:21622 21579:21582 21583:21586 21587:21590 21591:21597 21594:21596 21598:21601 21602:21606 21607:21611 21612:21616 21617:21621 21624:21639 21625:21627 21629:21637 21630:21636 21633:21635 21640:21674 21641:21645 21647:21672 21648:21654 21651:21653 21655:21661 21658:21660 21662:21671 21665:21670 21667:21669 21675:21695 21676:21679 21681:21693 21682:21688 21685:21687 21689:21692 21696:21722 21697:21700 21702:21720 21703:21707 21708:21712 21713:21719 21716:21718 21723:21749 21724:21728 21730:21747 21731:21734 21735:21738 21739:21742 21743:21746 21750:21773 21751:21756 21758:21771 21759:21761 21762:21764 21765:21767 21768:21770 21774:21832 21775:21785 21787:21831 21788:21791 21792:21795 21796:21799 21800:21806 21803:21805 21807:21810 21811:21815 21816:21820 21821:21825 21826:21830 21833:21867 21834:21838 21840:21865 21841:21845 21846:21849 21850:21854 21855:21859 21860:21864 21868:21888 21869:21872 21874:21887 21875:21880 21877:21879 21881:21886 21889:21913 21890:21894 21896:21912 21897:21902 21899:21901 21903:21908 21909:21911 21914:21941 21915:21921 21923:21939 21924:21926 21927:21929 21930:21932 21933:21935 21936:21938 21942:22000 21943:21953 21955:21999 21956:21959 21960:21963 21964:21967 21968:21974 21971:21973 21975:21978 21979:21983 21984:21988 21989:21993 21994:21998 22001:22037 22002:22005 22007:22035 22008:22012 22013:22017 22018:22022 22023:22025 22026:22029 22030:22034 22038:22120 22039:22049 22051:22118 22052:22056 22057:22061 22062:22066 22067:22071 22072:22076 22077:22081 22082:22086 22087:22090 22091:22093 22094:22099 22100:22103 22104:22108 22109:22113 22114:22117 22121:22131 22123:22129 22124:22128 22132:22159 22133:22138 22140:22157 22141:22143 22144:22146 22147:22150 22151:22153 22154:22156 22160:22218 22161:22171 22173:22217 22174:22177 22178:22181 22182:22185 22186:22192 22189:22191 22193:22196 22197:22201 22202:22206 22207:22211 22212:22216 22219:22241 22221:22239 22222:22225 22226:22229 22230:22234 22235:22238 22242:22268 22243:22247 22249:22266 22250:22252 22253:22255 22256:22258 22259:22265 22262:22264 22269:22327 22270:22280 22282:22326 22283:22286 22287:22290 22291:22294 22295:22301 22298:22300 22302:22305 22306:22310 22311:22315 22316:22320 22321:22325 22328:22339 22330:22337 22331:22333 22334:22336 22340:22353 22341:22343 22345:22351 22346:22350 22354:22367 22355:22357 22359:22365 22360:22364 22368:22395 22369:22374 22376:22393 22377:22379 22380:22382 22383:22385 22386:22392 22389:22391 22396:22425 22397:22401 22403:22423 22404:22406 22407:22409 22410:22412 22413:22415 22416:22422 22419:22421 22426:22484 22427:22437 22439:22483 22440:22443 22444:22447 22448:22451 22452:22458 22455:22457 22459:22462 22463:22467 22468:22472 22473:22477 22478:22482 22485:22543 22486:22496 22498:22542 22499:22502 22503:22506 22507:22510 22511:22517 22514:22516 22518:22521 22522:22526 22527:22531 22532:22536 22537:22541 22544:22561 22546:22559 22547:22550 22551:22554 22555:22558 22562:22637 22563:22565 22567:22635 22568:22574 22570:22572 22575:22578 22579:22582 22583:22586 22587:22590 22591:22594 22595:22601 22598:22600 22602:22608 22605:22607 22609:22615 22612:22614 22616:22622 22619:22621 22623:22627 22628:22634 22638:22663 22640:22662 22641:22646 22643:22645 22647:22649 22650:22653 22654:22657 22658:22661 22664:22702 22665:22669 22671:22700 22672:22674 22675:22682 22677:22680 22683:22685 22686:22688 22689:22695 22691:22693 22696:22699 22703:22761 22704:22714 22716:22760 22717:22720 22721:22724 22725:22728 22729:22735 22732:22734 22736:22739 22740:22744 22745:22749 22750:22754 22755:22759 22762:22785 22763:22768 22770:22783 22771:22773 22774:22776 22777:22779 22780:22782 22786:22811 22788:22791 22793:22809 22794:22800 22797:22799 22801:22804 22805:22808 22812:22870 22813:22823 22825:22869 22826:22829 22830:22833 22834:22837 22838:22844 22841:22843 22845:22848 22849:22853 22854:22858 22859:22863 22864:22868 22871:22890 22872:22875 22877:22888 22878:22882 22883:22887 22891:22907 22892:22894 22896:22905 22897:22904 22901:22903 22908:22947 22909:22914 22916:22946 22917:22920 22921:22924 22925:22928 22929:22934 22935:22939 22940:22945 22948:22974 22949:22954 22956:22972 22957:22959 22960:22962 22963:22965 22966:22968 22969:22971 22975:23033 22976:22986 22988:23032 22989:22992 22993:22996 22997:23000 23001:23007 23004:23006 23008:23011 23012:23016 23017:23021 23022:23026 23027:23031 23034:23049 23035:23038 23040:23047 23041:23043 23044:23046 23050:23153 23051:23061 23063:23151 23064:23068 23069:23072 23073:23076 23077:23081 23082:23084 23085:23088 23089:23098 23092:23097 23094:23096 23099:23102 23103:23107 23108:23113 23114:23118 23119:23123 23124:23127 23128:23132 23133:23136 23137:23141 23142:23150 23145:23149 23154:23213 23156:23211 23157:23161 23162:23173 23164:23168 23165:23167 23170:23172 23174:23180 23177:23179 23181:23184 23185:23188 23189:23192 23193:23197 23198:23202 23203:23206 23207:23210 23214:23246 23215:23217 23219:23244 23220:23222 23223:23228 23225:23227 23229:23231 23232:23234 23235:23237 23238:23240 23241:23243 23247:23272 23249:23270 23250:23253 23254:23257 23258:23261 23262:23265 23266:23269 23273:23322 23274:23278 23280:23320 23281:23284 23285:23292 23289:23291 23293:23297 23298:23302 23303:23306 23307:23310 23311:23316 23317:23319 23323:23346 23324:23329 23331:23344 23332:23334 23335:23337 23338:23340 23341:23343 23347:23405 23348:23358 23360:23404 23361:23364 23365:23368 23369:23372 23373:23379 23376:23378 23380:23383 23384:23388 23389:23393 23394:23398 23399:23403 23406:23431 23408:23429 23409:23413 23414:23418 23419:23423 23424:23428 23432:23449 23434:23447 23435:23438 23439:23442 23443:23446 23450:23467 23452:23465 23453:23456 23457:23460 23461:23464 23468:23490 23469:23473 23475:23488 23476:23478 23479:23481 23482:23484 23485:23487 23491:23549 23492:23502 23504:23548 23505:23508 23509:23512 23513:23516 23517:23523 23520:23522 23524:23527 23528:23532 23533:23537 23538:23542 23543:23547 23550:23574 23551:23555 23557:23572 23558:23561 23562:23564 23565:23567 23568:23571 23575:23588 23576:23578 23580:23586 23581:23585 23589:23615 23590:23595 23597:23613 23598:23600 23601:23603 23604:23606 23607:23609 23610:23612 23616:23674 23617:23627 23629:23673 23630:23633 23634:23637 23638:23641 23642:23648 23645:23647 23649:23652 23653:23657 23658:23662 23663:23667 23668:23672 23675:23707 23676:23679 23681:23705 23682:23686 23687:23690 23691:23694 23695:23699 23700:23704 23708:23732 23710:23730 23711:23715 23716:23719 23720:23724 23725:23729 23733:23754 23734:23736 23738:23752 23739:23741 23742:23745 23746:23748 23749:23751 23755:23813 23756:23766 23768:23812 23769:23772 23773:23776 23777:23780 23781:23787 23784:23786 23788:23791 23792:23796 23797:23801 23802:23806 23807:23811 23814:23835 23815:23817 23819:23833 23820:23823 23824:23827 23828:23832 23836:23863 23837:23840 23842:23861 23843:23846 23847:23851 23852:23856 23857:23860 23864:23888 23865:23869 23871:23887 23872:23877 23874:23876 23878:23883 23884:23886 23889:23915 23890:23895 23897:23913 23898:23900 23901:23903 23904:23906 23907:23909 23910:23912 23916:23919 23920:23978 23921:23931 23933:23977 23934:23937 23938:23941 23942:23945 23946:23952 23949:23951 23953:23956 23957:23961 23962:23966 23967:23971 23972:23976 23979:24042 23980:23983 23985:24040 23986:23988 23989:23992 23993:23995 23996:23999 24000:24004 24005:24008 24009:24012 24013:24019 24016:24018 24020:24023 24024:24027 24028:24031 24032:24035 24036:24039 24043:24092 24045:24090 24046:24057 24048:24052 24049:24051 24054:24056 24058:24061 24062:24065 24066:24069 24070:24072 24073:24081 24076:24080 24082:24085 24086:24089 24093:24111 24094:24097 24099:24109 24100:24104 24105:24108 24112:24140 24113:24117 24119:24138 24120:24123 24124:24127 24128:24132 24133:24137 24141:24168 24142:24147 24149:24166 24150:24153 24154:24157 24158:24161 24162:24165 24169:24186 24170:24172 24174:24184 24175:24178 24179:24183 24187:24212 24188:24191 24193:24210 24194:24197 24198:24201 24202:24205 24206:24209 24213:24258 24214:24219 24221:24256 24222:24225 24226:24234 24229:24233 24235:24237 24238:24241 24242:24245 24246:24252 24248:24251 24253:24255 24259:24277 24260:24262 24264:24275 24265:24268 24269:24274 24271:24273 24278:24291 24279:24281 24283:24289 24284:24288 24292:24304 24293:24295 24297:24303 24298:24302 24305:24323 24307:24321 24308:24312 24313:24316 24317:24320 24324:24350 24325:24328 24330:24348 24331:24334 24335:24338 24339:24342 24343:24347 24351:24377 24352:24357 24359:24375 24360:24362 24363:24365 24366:24368 24369:24371 24372:24374 24378:24401 24379:24384 24386:24399 24387:24389 24390:24392 24393:24395 24396:24398 24402:24460 24403:24413 24415:24459 24416:24419 24420:24423 24424:24427 24428:24434 24431:24433 24435:24438 24439:24443 24444:24448 24449:24453 24454:24458 24461:24488 24462:24466 24468:24486 24469:24472 24473:24476 24477:24481 24482:24485 24489:24510 24490:24494 24496:24508 24497:24500 24501:24504 24505:24507 24511:24569 24512:24522 24524:24568 24525:24528 24529:24532 24533:24536 24537:24543 24540:24542 24544:24547 24548:24552 24553:24557 24558:24562 24563:24567 24570:24628 24571:24581 24583:24627 24584:24587 24588:24591 24592:24595 24596:24602 24599:24601 24603:24606 24607:24611 24612:24616 24617:24621 24622:24626 24629:24660 24630:24634 24636:24658 24637:24643 24640:24642 24644:24650 24647:24649 24651:24657 24654:24656 24661:24719 24662:24664 24666:24717 24667:24670 24671:24674 24675:24678 24679:24682 24683:24686 24687:24690 24691:24695 24696:24699 24700:24703 24704:24708 24709:24712 24713:24716 24720:24729 24722:24727 24723:24726 24730:24748 24731:24734 24736:24746 24737:24741 24742:24745 24749:24771 24750:24754 24756:24769 24757:24760 24761:24764 24765:24768 24773:24783 24774:24777 24778:24782
halo/ui/packages/components/tsconfig.json	1:14 3:13 4:6 7:9 10:12
halo/ui/packages/editor/src/locales/en.json	1:260
halo/ui/packages/editor/tsconfig.json	1:14 3:13 4:6 7:9 10:12
halo/ui/packages/ui-plugin-bundler-kit/src/runtime-snapshots/halo-2.26.0.json	1:1399 3:1398 4:184 6:178 179:183 185:217 187:211 212:216 218:244 220:238 239:243 245:272 247:266 267:271 273:317 275:311 312:316 318:366 320:360 361:365 367:382 369:376 377:381 383:506 385:500 501:505 507:884 509:878 879:883 885:1397 887:1391 1392:1396
halo/ui/packages/ui-plugin-bundler-kit/src/runtime-snapshots/halo-2.27.0.json	1:1424 3:1423 4:184 6:178 179:183 185:217 187:211 212:216 218:244 220:238 239:243 245:272 247:266 267:271 273:317 275:311 312:316 318:366 320:360 361:365 367:382 369:376 377:381 383:506 385:500 501:505 507:885 509:879 880:884 886:1422 888:1416 1417:1421
halo/ui/src/locales/es.json	1:1303
halo/ui/src/locales/zh-CN.json	1:1304
halo/ui/tsconfig.json	1:14 3:13 4:6 7:9 10:12
halo/ui/tsconfig.vitest.json	1:10 4:9
koel/.cursor/mcp.json	1:11 2:10 3:9 5:8
koel/tests/fixtures/itunes/track.json	1:38 3:37 4:36
koel/tests/fixtures/lastfm/artist-notfound.json	1:5
koel/tests/fixtures/lemonsqueezy/license-validated-successful.json	1:30 4:12 13:17 18:29
koel/tests/fixtures/musicbrainz/artist-rel-urls.json	1:362 4:325 5:24 10:11 17:18 20:23 25:44 28:29 31:34 35:36 45:64 46:47 57:58 60:63 65:84 68:71 73:74 75:76 85:104 89:90 91:94 99:100 105:124 109:110 115:118 120:121 125:144 129:130 135:138 139:140 145:164 150:151 157:160 162:163 165:184 169:170 175:178 180:181 185:204 186:187 197:200 201:202 205:224 210:211 217:220 221:222 225:244 227:228 229:232 242:243 245:264 246:247 249:252 258:259 265:284 273:274 275:278 280:281 285:304 293:294 295:296 298:301 305:324 306:307 317:318 320:323 326:333 334:344 336:338 354:358 359:361
koel/tests/fixtures/musicbrainz/recordings.json	1:174 2:5 9:141 10:140 18:139 19:33 20:27 34:48 40:47 49:63 52:59 64:78 67:74 79:93 82:89 94:108 99:106 109:123 113:120 124:138 128:135 148:163 149:162 150:160 152:154 165:171
koel/tests/fixtures/musicbrainz/release-group-rel-urls.json	1:132 4:125 5:24 12:13 18:21 22:23 25:44 26:27 28:31 36:37 45:64 50:51 58:61 62:63 65:84 66:67 74:75 76:79 85:104 88:89 94:95 96:99 105:124 108:109 114:115 116:119
koel/tests/fixtures/wikidata/entity-with-image.json	1:100 2:99 3:98 14:65 15:64 16:28 17:25 21:24 29:37 30:34 38:50 39:47 43:46 51:63 52:60 56:59 66:97 67:72 73:78 79:84 85:90 91:96
koel/tests/fixtures/wikidata/entity.json	1:49 2:48 3:47 15:46 16:21 22:27 28:33 34:39 40:45
mastodon/.devcontainer/codespaces/devcontainer.json	1:51 7:9 15:24 16:19 20:23 28:30 32:39 45:50 46:49
mastodon/.devcontainer/devcontainer-lock.json	1:9 2:8 3:7
mastodon/.devcontainer/devcontainer.json	1:42 7:9 13:24 14:18 19:23 28:30 36:41 37:40
mastodon/.oxfmtrc.json	1:92 6:37 39:91 40:52 53:90 54:62 56:61 63:66 67:75 69:74 76:85 78:84 86:89
mastodon/app/javascript/mastodon/locales/af.json	1:255
mastodon/app/javascript/mastodon/locales/an.json	1:472
mastodon/app/javascript/mastodon/locales/ar.json	1:1266
mastodon/app/javascript/mastodon/locales/br.json	1:787
mastodon/app/javascript/mastodon/locales/ca.json	1:1117
mastodon/app/javascript/mastodon/locales/cs.json	1:1508
mastodon/app/javascript/mastodon/locales/el.json	1:1552
mastodon/app/javascript/mastodon/locales/en-GB.json	1:1380
mastodon/app/javascript/mastodon/locales/es.json	1:1577
mastodon/app/javascript/mastodon/locales/eu.json	1:1382
mastodon/app/javascript/mastodon/locales/ga.json	1:1568
mastodon/app/javascript/mastodon/locales/hi.json	1:454
mastodon/app/javascript/mastodon/locales/ie.json	1:646
mastodon/app/javascript/mastodon/locales/ig.json	1:141
mastodon/app/javascript/mastodon/locales/is.json	1:1577
mastodon/app/javascript/mastodon/locales/it.json	1:1576
mastodon/app/javascript/mastodon/locales/ja.json	1:1049
mastodon/app/javascript/mastodon/locales/lv.json	1:995
mastodon/app/javascript/mastodon/locales/mk.json	1:236
mastodon/app/javascript/mastodon/locales/ml.json	1:385
mastodon/app/javascript/mastodon/locales/nan-TW.json	1:1474
mastodon/app/javascript/mastodon/locales/no.json	1:941
mastodon/app/javascript/mastodon/locales/pl.json	1:1318
mastodon/app/javascript/mastodon/locales/pt-BR.json	1:1461
mastodon/app/javascript/mastodon/locales/ry.json	1:138
mastodon/app/javascript/mastodon/locales/sco.json	1:472
mastodon/app/javascript/mastodon/locales/si.json	1:836
mastodon/app/javascript/mastodon/locales/sk.json	1:877
mastodon/app/javascript/mastodon/locales/sr.json	1:654
mastodon/app/javascript/mastodon/locales/tai.json	1:68
mastodon/app/javascript/mastodon/locales/tok.json	1:554
mastodon/app/javascript/mastodon/locales/ur.json	1:228
mastodon/app/javascript/mastodon/locales/vi.json	1:1577
mastodon/package.json	1:205 5:7 8:11 12:36 37:40 42:128 129:188 189:199 190:192 193:195 196:198 200:204 201:203
mastodon/scalingo.json	1:97 6:92 7:10 11:14 15:19 20:24 25:28 29:32 33:36 37:40 41:44 45:48 49:52 53:56 57:60 61:64 65:68 69:72 73:77 78:81 82:86 87:91 93:95
mastodon/spec/fixtures/files/custom_filters.json	1:32 2:31 3:10 11:20 16:18 21:30 26:28
mastodon/spec/fixtures/files/vite-manifest-assets.json	1:6 2:5
nowinandroid/.github/renovate.json	1:14 3:5 6:8 9:13
nowinandroid/app/google-services.json	1:125 2:6 7:122 8:26 9:14 11:13 16:20 17:19 21:25 22:24 27:45 28:33 30:32 35:39 36:38 40:44 41:43 46:64 47:52 49:51 54:58 55:57 59:63 60:62 65:83 66:71 68:70 73:77 74:76 78:82 79:81 84:102 85:90 87:89 92:96 93:95 97:101 98:100 103:121 104:109 106:108 111:115 112:114 116:120 117:119
nowinandroid/core/database/schemas/com.google.samples.apps.nowinandroid.core.database.NiaDatabase/1.json	1:360 3:359 6:353 7:48 10:29 11:16 17:22 23:28 30:35 31:33 36:46 37:45 40:42 49:98 52:65 53:58 59:64 66:72 67:70 74:97 75:85 79:81 82:84 86:96 90:92 93:95 99:142 102:133 103:108 109:114 115:120 121:126 127:132 134:139 135:137 143:192 146:159 147:152 153:158 160:166 161:164 168:191 169:179 173:175 176:178 180:190 184:186 187:189 193:260 196:239 197:202 203:208 209:214 215:220 221:226 227:232 233:238 240:245 241:243 247:259 248:258 252:254 255:257 261:310 264:277 265:270 271:276 278:284 279:282 286:309 287:297 291:293 294:296 298:308 302:304 305:307 311:352 314:333 315:320 321:326 327:332 334:339 335:337 340:350 341:349 344:346 355:358
nowinandroid/core/database/schemas/com.google.samples.apps.nowinandroid.core.database.NiaDatabase/14.json	1:308 3:307 6:301 7:62 10:53 11:16 17:22 23:28 29:34 35:40 41:46 47:52 54:59 56:58 63:131 66:79 67:72 73:78 80:86 82:85 87:106 88:96 91:93 97:105 100:102 107:130 108:118 112:114 115:117 119:129 123:125 126:128 132:173 134:143 147:166 148:153 154:159 160:165 167:170 174:226 177:217 178:183 184:189 190:195 196:202 203:209 210:216 218:223 220:222 227:274 229:238 242:267 243:248 249:254 255:260 261:266 268:271 275:300 278:291 279:284 285:290 292:297 294:296 303:306
nowinandroid/core/database/schemas/com.google.samples.apps.nowinandroid.core.database.NiaDatabase/3.json	1:387 3:386 6:380 7:48 10:29 11:16 17:22 23:28 30:35 31:33 36:46 37:45 40:42 49:98 52:65 53:58 59:64 66:72 67:70 74:97 75:85 79:81 82:84 86:96 90:92 93:95 99:142 102:133 103:108 109:114 115:120 121:126 127:132 134:139 135:137 143:192 146:159 147:152 153:158 160:166 161:164 168:191 169:179 173:175 176:178 180:190 184:186 187:189 193:266 196:245 197:202 203:208 209:214 215:220 221:226 227:232 233:238 239:244 246:251 247:249 253:265 254:264 258:260 261:263 267:316 270:283 271:276 277:282 284:290 285:288 292:315 293:303 297:299 300:302 304:314 308:310 311:313 317:379 320:360 321:326 327:332 333:338 339:345 346:352 353:359 361:366 362:364 367:377 368:376 371:373 382:385
nowinandroid/core/database/schemas/com.google.samples.apps.nowinandroid.core.database.NiaDatabase/4.json	1:387 3:386 6:380 7:48 10:29 11:16 17:22 23:28 30:35 31:33 36:46 37:45 40:42 49:98 52:65 53:58 59:64 66:72 67:70 74:97 75:85 79:81 82:84 86:96 90:92 93:95 99:142 102:133 103:108 109:114 115:120 121:126 127:132 134:139 135:137 143:192 146:159 147:152 153:158 160:166 161:164 168:191 169:179 173:175 176:178 180:190 184:186 187:189 193:266 196:245 197:202 203:208 209:214 215:220 221:226 227:232 233:238 239:244 246:251 247:249 253:265 254:264 258:260 261:263 267:316 270:283 271:276 277:282 284:290 285:288 292:315 293:303 297:299 300:302 304:314 308:310 311:313 317:379 320:360 321:326 327:332 333:338 339:345 346:352 353:359 361:366 362:364 367:377 368:376 371:373 382:385
nowinandroid/core/network/src/main/assets/topics.json	1:154 2:9 10:17 18:25 26:33 34:41 42:49 50:57 58:65 66:73 74:81 82:89 90:97 98:105 106:113 114:121 122:129 130:137 138:145 146:153
outline/app.json	1:244 8:13 9:12 15:22 16:18 19:21 23:26 27:41 28:40 29:31 32:39 33:35 36:38 42:243 43:46 47:51 52:56 57:60 61:64 65:68 69:72 73:76 77:80 81:84 85:88 89:92 93:96 97:100 101:104 105:108 109:112 113:116 117:121 122:126 127:131 132:135 136:139 140:143 144:147 148:151 152:155 156:159 160:163 164:168 169:173 174:178 179:183 184:187 188:191 192:195 196:199 200:203 204:207 208:211 212:216 217:221 222:225 226:229 230:233 234:237 238:242
outline/plugins/azure/plugin.json	1:6
outline/plugins/discord/plugin.json	1:6
outline/plugins/google/plugin.json	1:6
outline/plugins/search-postgres/plugin.json	1:6
outline/plugins/slack/plugin.json	1:6
outline/plugins/umami/plugin.json	1:7
outline/shared/.oxlintrc.json	1:66 5:60 6:59 8:57 9:15 11:14 16:56 18:55 19:34 20:29 22:27 30:33 35:54 36:39 40:44 45:49 50:53 61:65
outline/shared/i18n/locales/cs_CZ/translation.json	1:1922
outline/shared/i18n/locales/en_US/translation.json	1:1926
outline/shared/i18n/locales/fa_IR/translation.json	1:1922
outline/shared/i18n/locales/id_ID/translation.json	1:1922
outline/shared/i18n/locales/ja_JP/translation.json	1:1922
outline/shared/i18n/locales/ko_KR/translation.json	1:1922
outline/shared/i18n/locales/pl_PL/translation.json	1:1922
outline/shared/i18n/locales/ro_RO/translation.json	1:1809
outline/shared/i18n/locales/th_TH/translation.json	1:1922
outline/shared/i18n/locales/tr_TR/translation.json	1:1922
outline/shared/i18n/locales/zh_CN/translation.json	1:1922
outline/shared/i18n/locales/zh_TW/translation.json	1:1922
paperless-ngx/.devcontainer/vscode/launch.json	1:58 3:45 4:12 13:28 19:21 24:26 29:44 35:37 40:42 46:57 47:56 50:54
paperless-ngx/.devcontainer/vscode/tasks.json	1:233 3:232 4:31 10:12 13:30 14:29 16:23 17:22 24:28 32:59 38:40 41:58 42:57 44:51 45:50 52:56 60:78 66:74 75:77 79:97 85:93 94:96 98:116 104:112 113:115 117:135 123:131 132:134 136:154 142:150 151:153 155:173 161:169 170:172 174:193 181:183 184:192 194:212 200:208 209:211 213:222 217:221 223:231 226:230
redis/src/commands/acl-dryrun.json	1:47 2:46 11:17 18:29 19:28 20:23 24:27 30:45 31:34 35:38 39:44
redis/src/commands/acl-save.json	1:25 2:24 10:16 17:20 21:23
redis/src/commands/acl-users.json	1:25 2:24 10:16 17:23 20:22
redis/src/commands/ardel.json	1:53 2:52 9:12 13:15 16:35 17:34 18:21 22:26 23:25 27:33 28:32 36:39 40:51 41:45 46:50
redis/src/commands/arop.json	1:123 2:122 9:11 12:14 15:34 16:33 17:20 21:25 22:24 26:32 27:31 35:50 36:49 37:40 41:44 45:48 51:121 52:56 57:60 61:64 65:120 68:119 69:73 74:78 79:83 84:88 89:93 94:98 99:113 102:112 103:107 108:111 114:118
redis/src/commands/arring.json	1:57 2:56 9:12 13:15 16:35 17:34 18:21 22:26 23:25 27:33 28:32 36:39 40:55 41:45 46:49 50:54
redis/src/commands/arscan.json	1:76 2:75 9:11 12:14 15:34 16:33 17:20 21:25 22:24 26:32 27:31 35:53 38:52 42:51 43:46 47:50 54:74 55:59 60:63 64:67 68:73
redis/src/commands/backup-cleanup.json	1:18 2:17 10:13 14:16
redis/src/commands/backup-list.json	1:22 2:21 10:13 14:20 17:19
redis/src/commands/backup-seal.json	1:18 2:17 10:13 14:16
redis/src/commands/bgsave.json	1:40 2:39 9:14 10:13 15:19 20:28 21:27 29:38 30:37 31:33 34:36
redis/src/commands/bitfield.json	1:159 2:158 10:13 14:16 17:39 18:38 20:25 26:30 27:29 31:37 32:36 40:142 41:45 46:141 51:140 52:66 56:65 57:60 61:64 67:139 70:138 71:93 76:92 77:81 82:86 87:91 94:137 97:136 98:116 102:115 103:106 107:110 111:114 117:135 121:134 122:125 126:129 130:133 143:157 145:156 146:155 147:150 151:154
redis/src/commands/bitpos.json	1:106 2:105 9:14 10:13 15:17 18:20 21:40 22:39 23:26 27:31 28:30 32:38 33:37 41:91 42:46 47:50 51:90 55:89 56:59 60:88 64:87 65:68 69:86 74:85 75:79 80:84 92:104 93:103 94:98 99:102
redis/src/commands/bless-scan.json	1:56 2:55 11:15 16:18 19:35 20:23 24:28 29:34 36:54 41:53 42:45 46:52 49:51
redis/src/commands/bless.json	1:9 2:8
redis/src/commands/blmpop.json	1:105 2:104 10:13 14:16 17:37 18:36 19:23 24:28 25:27 29:35 30:34 38:65 39:64 40:43 44:63 49:62 50:53 54:61 58:60 66:103 67:70 71:74 75:80 81:96 84:95 85:89 90:94 97:102
redis/src/commands/brpoplpush.json	1:96 2:95 9:14 10:13 17:19 20:24 25:27 28:66 29:47 30:34 35:39 36:38 40:46 41:45 48:65 49:52 53:57 54:56 58:64 59:63 67:78 68:77 69:72 73:76 79:94 80:84 85:89 90:93
redis/src/commands/client-getname.json	1:32 2:31 10:15 16:18 19:30 20:29 21:24 25:28
redis/src/commands/client-setinfo.json	1:45 2:44 10:15 16:19 20:22 23:25 26:43 27:42 30:41 31:35 36:40
redis/src/commands/client-setname.json	1:33 2:32 10:15 16:19 20:22 23:28 24:27 29:31
redis/src/commands/client.json	1:12 2:11 8:10
redis/src/commands/cluster-countkeysinslot.json	1:25 2:24 10:12 13:18 14:17 19:23
redis/src/commands/cluster-flushslots.json	1:19 2:18 10:14 15:17
redis/src/commands/cluster-getkeysinslot.json	1:35 2:34 10:12 13:15 16:25 17:20 21:24 26:33 29:32
redis/src/commands/cluster-replicate.json	1:25 2:24 10:14 15:20 16:19 21:23
redis/src/commands/cluster-saveconfig.json	1:19 2:18 10:14 15:17
redis/src/commands/cluster-set-config-epoch.json	1:25 2:24 10:14 15:20 16:19 21:23
redis/src/commands/cluster-slaves.json	1:38 2:37 12:14 15:19 20:22 23:28 24:27 29:36 32:35
redis/src/commands/command-docs.json	1:217 2:216 10:14 15:17 18:20 21:207 25:206 26:205 29:204 30:33 34:37 38:102 40:101 41:43 44:46 47:49 50:52 53:55 56:58 59:61 62:64 65:67 68:70 71:73 74:76 77:79 80:82 83:85 86:88 89:91 92:94 95:97 98:100 103:106 107:109 110:125 113:124 114:123 115:118 119:122 126:129 130:133 134:152 137:151 141:150 142:145 146:149 153:195 156:194 159:193 160:162 163:165 166:168 169:171 172:174 175:177 178:180 181:183 184:189 186:188 190:192 196:199 200:203 208:215 209:214
redis/src/commands/command.json	1:21 2:20 9:13 14:16 17:19
redis/src/commands/config-get.json	1:36 2:35 10:15 11:14 16:21 22:27 24:26 28:34 29:33
redis/src/commands/config-resetstat.json	1:24 2:23 10:15 16:19 20:22
redis/src/commands/config-set.json	1:47 2:46 10:15 11:14 16:21 22:25 26:28 29:45 30:44 34:43 35:38 39:42
redis/src/commands/decr.json	1:50 2:49 9:13 14:16 17:37 18:36 19:23 24:28 25:27 29:35 30:34 38:41 42:48 43:47
redis/src/commands/decrby.json	1:54 2:53 9:13 14:16 17:37 18:36 19:23 24:28 25:27 29:35 30:34 38:41 42:52 43:47 48:51
redis/src/commands/del.json	1:53 2:52 9:11 12:14 15:18 19:38 20:37 21:24 25:29 26:28 30:36 31:35 39:43 44:51 45:50
redis/src/commands/eval.json	1:70 2:69 10:17 18:20 21:42 22:41 24:28 29:33 30:32 34:40 35:39 43:65 44:47 48:51 52:58 59:64 66:68
redis/src/commands/expire.json	1:94 2:93 9:14 10:13 15:18 19:21 22:41 23:40 24:27 28:32 29:31 33:39 34:38 42:53 43:52 44:47 48:51 54:92 55:59 60:63 64:91 69:90 70:74 75:79 80:84 85:89
redis/src/commands/fcall.json	1:70 2:69 10:17 18:20 21:42 22:41 24:28 29:33 30:32 34:40 35:39 43:65 44:47 48:51 52:58 59:64 66:68
redis/src/commands/flushall.json	1:55 2:54 9:18 10:13 14:17 19:21 22:25 26:29 30:32 33:53 34:52 38:51 39:44 45:50
redis/src/commands/function-dump.json	1:21 2:20 10:12 13:15 16:19
redis/src/commands/function-load.json	1:39 2:38 10:14 15:17 18:21 22:33 23:28 29:32 34:37
redis/src/commands/georadius.json	1:274 2:273 10:19 11:14 15:18 22:24 25:28 29:31 32:93 33:50 34:37 38:42 39:41 43:49 44:48 51:71 53:57 58:63 59:62 64:70 65:69 72:92 74:78 79:84 80:83 85:91 86:90 94:213 95:99 100:103 104:107 108:111 112:137 115:136 116:120 121:125 126:130 131:135 138:143 144:149 150:155 156:174 160:173 161:165 166:172 175:191 179:190 180:184 185:189 192:212 196:211 197:203 204:210 214:272 216:271 217:224 220:223 225:266 227:265 231:236 232:235 237:264 238:263 239:242 243:246 247:262 252:261 253:256 257:260 267:270
redis/src/commands/georadiusbymember_ro.json	1:200 2:199 9:18 10:13 14:17 21:23 24:26 27:29 30:49 31:48 32:35 36:40 37:39 41:47 42:46 50:143 51:55 56:59 60:63 64:89 67:88 68:72 73:77 78:82 83:87 90:95 96:101 102:107 108:125 112:124 113:117 118:123 126:142 130:141 131:135 136:140 144:198 146:197 147:154 150:153 155:196 157:195 161:166 162:165 167:194 168:193 169:172 173:176 177:192 182:191 183:186 187:190
redis/src/commands/getrange.json	1:55 2:54 9:11 12:14 15:34 16:33 17:20 21:25 22:24 26:32 27:31 35:38 39:53 40:44 45:48 49:52
redis/src/commands/getset.json	1:67 2:66 11:13 14:18 19:21 22:42 23:41 24:28 29:33 30:32 34:40 35:39 43:54 44:53 45:48 49:52 55:65 56:60 61:64
redis/src/commands/hexpiretime.json	1:84 2:83 10:13 14:16 17:36 18:35 19:22 23:27 24:26 28:34 29:33 37:59 42:58 43:57 44:47 48:51 52:56 60:82 61:65 66:81 70:80 71:74 75:79
redis/src/commands/hgetall.json	1:53 2:52 9:11 12:14 15:17 18:37 19:36 20:23 24:28 25:27 29:35 30:34 38:44 41:43 45:51 46:50
redis/src/commands/hgetex.json	1:110 2:109 10:13 14:16 17:38 18:37 20:24 25:29 26:28 30:36 31:35 39:53 43:52 44:51 45:47 48:50 54:108 55:59 60:91 64:90 65:69 70:74 75:79 80:84 85:89 92:107 96:106 97:100 101:105
redis/src/commands/himport-discardall.json	1:21 2:20 10:12 13:16 17:19
redis/src/commands/himport-prepare.json	1:34 2:33 10:12 13:15 16:18 19:21 22:32 23:26 27:31
redis/src/commands/hincrby.json	1:58 2:57 9:13 14:16 17:37 18:36 19:23 24:28 25:27 29:35 30:34 38:41 42:56 43:47 48:51 52:55
redis/src/commands/hkeys.json	1:54 2:53 9:11 12:14 15:17 18:37 19:36 20:23 24:28 25:27 29:35 30:34 38:45 42:44 46:52 47:51
redis/src/commands/hmget.json	1:64 2:63 9:12 13:15 16:35 17:34 18:21 22:26 23:25 27:33 28:32 36:50 40:49 41:48 42:44 45:47 51:62 52:56 57:61
redis/src/commands/hmset.json	1:68 2:67 11:13 14:18 19:21 22:41 23:40 24:27 28:32 29:31 33:39 34:38 42:44 45:66 46:50 51:65 55:64 56:59 60:63
redis/src/commands/hotkeys-get.json	1:130 2:129 10:13 14:18 19:128 20:127 21:122 24:121 26:119 27:30 31:34 35:46 37:44 39:41 47:50 51:54 55:58 59:62 63:66 67:70 71:74 75:78 79:82 83:86 87:90 91:104 93:102 94:101 95:97 98:100 105:118 107:116 108:115 109:111 112:114 123:126
redis/src/commands/hotkeys-reset.json	1:21 2:20 10:13 14:16 17:19
redis/src/commands/hotkeys-start.json	1:82 2:81 10:13 14:16 17:19 20:80 21:44 26:43 27:30 31:36 37:42 45:50 51:56 57:62 63:79 68:78 69:72 73:77
redis/src/commands/hpersist.json	1:83 2:82 10:13 14:16 17:36 18:35 19:22 23:27 24:26 28:34 29:33 37:58 42:57 43:56 44:47 48:51 52:55 59:81 60:64 65:80 69:79 70:73 74:78
redis/src/commands/hpttl.json	1:87 2:86 10:13 14:16 17:19 20:39 21:38 22:25 26:30 27:29 31:37 32:36 40:62 45:61 46:60 47:50 51:54 55:59 63:85 64:68 69:84 73:83 74:77 78:82
redis/src/commands/hrandfield.json	1:101 2:100 9:11 12:14 15:17 18:37 19:36 20:23 24:28 25:27 29:35 30:34 38:75 39:74 40:43 44:47 48:54 51:53 55:73 58:72 62:71 63:66 67:70 76:99 77:81 82:98 86:97 87:90 91:96
redis/src/commands/hvals.json	1:53 2:52 9:11 12:14 15:17 18:37 19:36 20:23 24:28 25:27 29:35 30:34 38:44 41:43 45:51 46:50
redis/src/commands/incrbyfloat.json	1:54 2:53 9:13 14:16 17:37 18:36 19:23 24:28 25:27 29:35 30:34 38:41 42:52 43:47 48:51
redis/src/commands/latency-doctor.json	1:26 2:25 10:15 16:20 21:24
redis/src/commands/latency-latest.json	1:49 2:48 10:15 16:20 21:47 24:46 28:45 29:32 33:36 37:40 41:44
redis/src/commands/lindex.json	1:59 2:58 9:11 12:14 15:34 16:33 17:20 21:25 22:24 26:32 27:31 35:46 36:45 37:40 41:44 47:57 48:52 53:56
redis/src/commands/linsert.json	1:85 2:84 9:12 13:15 16:35 17:34 18:21 22:26 23:25 27:33 28:32 36:52 37:51 38:42 43:46 47:50 53:83 54:58 59:74 62:73 63:67 68:72 75:78 79:82
redis/src/commands/lolwut.json	1:25 2:24 8:11 12:15 16:23 17:22
redis/src/commands/lpos.json	1:85 2:84 9:11 12:14 15:34 16:33 17:20 21:25 22:24 26:32 27:31 35:54 36:53 37:40 41:44 45:52 49:51 55:83 56:60 61:64 65:70 71:76 77:82
redis/src/commands/lpush.json	1:60 2:59 9:14 10:13 15:19 20:22 23:42 24:41 25:28 29:33 30:32 34:40 35:39 43:46 47:58 48:52 53:57
redis/src/commands/lpushx.json	1:61 2:60 9:14 10:13 15:19 20:22 23:42 24:41 25:28 29:33 30:32 34:40 35:39 43:47 48:59 49:53 54:58
redis/src/commands/memory-doctor.json	1:20 2:19 10:14 15:18
redis/src/commands/memory-help.json	1:22 2:21 10:13 14:20 17:19
redis/src/commands/memory-stats.json	1:148 2:147 10:14 15:146 19:128 20:22 23:25 26:28 29:31 32:34 35:37 38:40 41:43 44:46 47:49 50:52 53:55 56:58 59:61 62:64 65:67 68:70 71:73 74:76 77:79 80:82 83:85 86:88 89:91 92:94 95:97 98:100 101:103 104:106 107:109 110:112 113:115 116:118 119:121 122:124 125:127 129:145 130:144 132:142 133:135 136:138 139:141
redis/src/commands/mget.json	1:63 2:62 9:12 13:15 16:18 19:38 20:37 21:24 25:29 26:28 30:36 31:35 39:53 43:52 44:51 45:47 48:50 54:61 55:60
redis/src/commands/module-list.json	1:47 2:46 10:13 14:16 17:45 20:44 23:43 24:27 28:31 32:35 36:42 39:41
redis/src/commands/module.json	1:9 2:8
redis/src/commands/multi.json	1:23 2:22 9:15 16:18 19:21
redis/src/commands/object-freq.json	1:50 2:49 10:12 13:15 16:18 19:37 20:36 21:23 24:28 25:27 29:35 30:34 38:44 39:43 45:48
redis/src/commands/persist.json	1:56 2:55 9:12 13:15 16:35 17:34 18:21 22:26 23:25 27:33 28:32 36:47 37:46 38:41 42:45 48:54 49:53
redis/src/commands/pexpireat.json	1:94 2:93 9:14 10:13 15:18 19:21 22:41 23:40 24:27 28:32 29:31 33:39 34:38 42:53 43:52 44:47 48:51 54:92 55:59 60:63 64:91 69:90 70:74 75:79 80:84 85:89
redis/src/commands/pfselftest.json	1:22 2:21 9:11 12:14 15:17 18:20
redis/src/commands/psetex.json	1:60 2:59 11:13 14:17 18:20 21:40 22:39 23:26 27:31 28:30 32:38 33:37 41:43 44:58 45:49 50:53 54:57
redis/src/commands/publish.json	1:33 2:32 9:16 17:26 18:21 22:25 27:31
redis/src/commands/pubsub-shardnumsub.json	1:28 2:27 10:14 15:22 16:21 23:26
redis/src/commands/rename.json	1:72 2:71 10:12 13:15 16:55 17:35 18:22 23:27 24:26 28:34 29:33 36:54 37:41 42:46 43:45 47:53 48:52 56:67 57:61 62:66 68:70
redis/src/commands/renamenx.json	1:86 2:85 9:14 10:13 15:18 19:21 22:60 23:41 24:28 29:33 30:32 34:40 35:39 42:59 43:46 47:51 48:50 52:58 53:57 61:72 62:66 67:71 73:84 74:83 75:78 79:82
redis/src/commands/restore-asking.json	1:102 2:101 9:22 10:13 14:17 18:21 23:25 26:30 31:34 35:54 36:53 37:40 41:45 42:44 46:52 47:51 55:97 56:60 61:64 65:68 69:75 76:82 83:89 90:96 98:100
redis/src/commands/role.json	1:134 2:133 9:15 16:19 20:132 21:131 22:58 26:57 27:29 30:33 34:56 37:55 41:54 42:45 46:49 50:53 59:113 63:112 64:66 67:70 71:74 75:107 77:106 78:81 82:85 86:89 90:93 94:97 98:101 102:105 108:111 114:130 118:129 119:121 122:128 125:127
redis/src/commands/rpop.json	1:76 2:75 9:14 10:13 15:18 19:21 22:42 23:41 24:28 29:33 30:32 34:40 35:39 43:61 44:60 45:48 49:52 53:59 56:58 62:74 63:67 68:73
redis/src/commands/rpoplpush.json	1:85 2:84 11:13 14:17 18:20 21:59 22:40 23:27 28:32 29:31 33:39 34:38 41:58 42:45 46:50 47:49 51:57 52:56 60:71 61:70 62:65 66:69 72:83 73:77 78:82
redis/src/commands/rpush.json	1:61 2:60 9:14 10:13 15:19 20:22 23:42 24:41 25:28 29:33 30:32 34:40 35:39 43:47 48:59 49:53 54:58
redis/src/commands/save.json	1:19 2:18 9:14 15:17
redis/src/commands/scard.json	1:48 2:47 9:12 13:15 16:34 17:33 18:20 21:25 22:24 26:32 27:31 35:39 40:46 41:45
redis/src/commands/script-debug.json	1:43 2:42 10:12 13:15 16:38 17:37 20:36 21:25 26:30 31:35 39:41
redis/src/commands/script-exists.json	1:44 2:43 10:12 13:15 16:19 20:26 21:25 27:42 30:41 31:40 32:35 36:39
redis/src/commands/script-load.json	1:32 2:31 10:13 14:16 17:20 21:26 22:25 27:30
redis/src/commands/sdiffcard.json	1:60 2:59 10:12 13:15 16:35 17:34 18:21 22:26 23:25 27:33 28:32 36:40 41:58 42:45 46:51 52:57
redis/src/commands/sentinel-ckquorum.json	1:26 2:25 9:13 14:18 19:24 20:23
redis/src/commands/sentinel-failover.json	1:25 2:24 9:13 14:17 18:23 19:22
redis/src/commands/sentinel-info-cache.json	1:64 2:63 10:14 15:55 20:54 21:53 22:52 23:26 27:51 32:50 33:36 37:49 39:48 40:43 44:47 56:62 57:61
redis/src/commands/sentinel-master.json	1:29 2:28 10:14 15:21 18:20 22:27 23:26
redis/src/commands/sentinel-masters.json	1:26 2:25 10:14 15:24 18:23 20:22
redis/src/commands/sentinel-monitor.json	1:37 2:36 10:14 15:17 18:35 19:22 23:26 27:30 31:34
redis/src/commands/sentinel-pending-scripts.json	1:52 2:51 9:13 14:50 17:49 20:48 21:27 24:26 28:31 32:35 36:39 40:43 44:47
redis/src/commands/sentinel-sentinels.json	1:32 2:31 10:14 15:24 18:23 20:22 25:30 26:29
redis/src/commands/sentinel-simulate-failure.json	1:52 2:51 9:13 14:28 15:27 16:19 20:26 23:25 29:50 30:49 35:48 36:39 40:43 44:47
redis/src/commands/sentinel.json	1:14 2:13 8:12
redis/src/commands/setbit.json	1:64 2:63 9:12 13:15 16:36 17:35 18:22 23:27 24:26 28:34 29:33 37:47 39:46 40:42 43:45 48:62 49:53 54:57 58:61
redis/src/commands/setrange.json	1:57 2:56 9:12 13:15 16:35 17:34 18:21 22:26 23:25 27:33 28:32 36:40 41:55 42:46 47:50 51:54
redis/src/commands/sflush.json	1:75 2:74 9:12 13:16 17:18 19:39 24:38 28:37 29:32 33:36 40:73 41:55 45:54 46:49 50:53 56:72 60:71 61:65 66:70
redis/src/commands/shutdown.json	1:69 2:68 9:14 10:13 15:23 24:63 25:41 29:40 30:34 35:39 42:48 49:55 56:62 64:67
redis/src/commands/sinterstore.json	1:73 2:72 9:12 13:15 16:53 17:34 18:21 22:26 23:25 27:33 28:32 35:52 36:39 40:44 41:43 45:51 46:50 54:58 59:71 60:64 65:70
redis/src/commands/slaveof.json	1:64 2:63 11:13 14:19 20:57 21:56 24:55 25:38 28:37 29:32 33:36 39:54 42:53 43:47 48:52 58:62
redis/src/commands/slowlog-len.json	1:26 2:25 10:14 15:19 20:24
redis/src/commands/slowlog-reset.json	1:23 2:22 10:14 15:18 19:21
redis/src/commands/slowlog.json	1:9 2:8
redis/src/commands/smembers.json	1:54 2:53 9:11 12:14 15:17 18:37 19:36 20:23 24:28 25:27 29:35 30:34 38:45 42:44 46:52 47:51
redis/src/commands/sort.json	1:162 2:161 10:13 14:19 20:65 21:38 22:25 26:30 27:29 31:37 32:36 39:51 41:44 45:47 48:50 52:64 54:57 58:60 61:63 66:136 67:71 72:79 80:95 85:94 86:89 90:93 96:105 106:122 110:121 111:115 116:120 123:128 129:135 137:160 138:159 139:143 144:158 147:157 148:156 149:151 152:155
redis/src/commands/ssubscribe.json	1:43 2:42 9:15 16:22 17:21 23:41 24:40 25:27 28:32 29:31 33:39 34:38
redis/src/commands/strlen.json	1:48 2:47 9:12 13:15 16:34 17:33 18:20 21:25 22:24 26:32 27:31 35:39 40:46 41:45
redis/src/commands/substr.json	1:60 2:59 11:13 14:16 17:19 20:39 21:38 22:25 26:30 27:29 31:37 32:36 40:43 44:58 45:49 50:53 54:57
redis/src/commands/sunsubscribe.json	1:43 2:42 9:14 15:22 16:21 23:41 24:40 25:27 28:32 29:31 33:39 34:38
redis/src/commands/swapdb.json	1:31 2:30 9:12 13:16 17:26 18:21 22:25 27:29
redis/src/commands/unwatch.json	1:23 2:22 9:15 16:18 19:21
redis/src/commands/watch.json	1:50 2:49 9:15 16:18 19:37 20:36 21:23 24:28 25:27 29:35 30:34 38:40 41:48 42:47
redis/src/commands/xack.json	1:58 2:57 9:12 13:15 16:35 17:34 18:21 22:26 23:25 27:33 28:32 36:51 37:41 42:45 46:50 52:56
redis/src/commands/xadd.json	1:218 2:217 9:22 10:13 14:17 18:21 23:27 28:30 31:33 34:54 35:53 37:40 41:45 42:44 46:52 47:51 55:203 56:60 61:67 68:89 72:88 73:77 78:82 83:87 90:120 95:119 96:101 102:118 106:117 107:111 112:116 121:172 125:171 126:142 129:141 130:134 135:140 143:159 147:158 148:152 153:157 160:163 164:170 173:187 176:186 177:181 182:185 188:202 192:201 193:196 197:200 204:216 205:215 206:210 211:214
redis/src/commands/xautoclaim.json	1:158 2:157 9:14 10:13 15:18 19:21 22:24 25:44 26:43 27:30 31:35 32:34 36:42 37:41 45:121 46:120 47:90 52:89 53:57 58:80 61:79 65:78 66:70 71:77 74:76 81:88 84:87 91:119 96:118 97:101 102:109 105:108 110:117 113:116 122:156 123:127 128:131 132:135 136:139 140:143 144:149 150:155
redis/src/commands/xcfgset.json	1:59 2:58 9:12 13:15 16:18 19:38 20:37 21:24 25:29 26:28 30:36 31:35 39:57 40:44 45:50 51:56
redis/src/commands/xclaim.json	1:138 2:137 9:12 13:15 16:18 19:38 20:37 21:24 25:29 26:28 30:36 31:35 39:98 40:44 45:48 49:52 53:56 57:61 62:67 68:73 74:79 80:85 86:91 92:97 99:136 101:135 102:110 105:109 111:134 115:133 119:132 120:124 125:131 128:130
redis/src/commands/xdel.json	1:54 2:53 9:12 13:15 16:35 17:34 18:21 22:26 23:25 27:33 28:32 36:47 37:41 42:46 48:52
redis/src/commands/xgroup-delconsumer.json	1:57 2:56 10:12 13:15 16:35 17:34 18:21 22:26 23:25 27:33 28:32 36:50 37:41 42:45 46:49 51:55
redis/src/commands/xinfo-consumers.json	1:80 2:79 10:15 11:14 16:18 19:21 22:24 25:44 26:43 27:30 31:35 32:34 36:42 37:41 45:55 46:50 51:54 56:78 60:77 63:76 64:66 67:69 70:72 73:75
redis/src/commands/xinfo-stream.json	1:422 2:421 9:30 10:13 14:17 18:21 22:25 26:29 32:34 35:37 38:57 39:56 40:43 44:48 45:47 49:55 50:54 58:395 59:394 60:179 64:178 65:68 69:72 73:76 77:81 82:86 87:91 92:95 96:99 100:103 104:107 108:111 112:115 116:119 120:123 124:150 126:149 127:129 130:148 134:147 135:139 140:146 143:145 151:177 153:176 154:156 157:175 161:174 162:166 167:173 170:172 180:393 184:392 185:188 189:192 193:196 197:201 202:206 207:211 212:215 216:219 220:223 224:227 228:231 232:235 236:239 240:263 244:262 248:261 249:253 254:260 257:259 264:391 266:390 269:389 270:273 274:278 279:289 281:288 282:284 285:287 290:300 292:299 293:295 296:298 301:304 305:308 309:336 312:335 316:334 317:321 322:325 326:329 330:333 337:388 340:387 343:386 344:348 349:352 353:357 358:361 362:385 365:384 369:383 370:374 375:378 379:382 396:420 397:401 402:419 406:418 407:411 412:417
redis/src/commands/xread.json	1:129 2:128 8:13 9:12 15:18 19:21 22:44 23:43 25:29 30:35 31:34 36:42 37:41 45:90 46:51 52:58 59:65 66:71 72:89 76:88 77:82 83:87 91:127 92:126 93:121 96:120 97:119 100:118 104:117 105:109 110:116 113:115 122:125
redis/src/commands/zdiffstore.json	1:77 2:76 10:13 14:16 17:54 18:35 19:22 23:27 24:26 28:34 29:33 36:53 37:40 41:45 42:44 46:52 47:51 55:58 59:75 60:64 65:68 69:74
redis/src/commands/zincrby.json	1:58 2:57 9:13 14:16 17:37 18:36 19:23 24:28 25:27 29:35 30:34 38:41 42:56 43:47 48:51 52:55
redis/src/commands/zlexcount.json	1:57 2:56 9:12 13:15 16:35 17:34 18:21 22:26 23:25 27:33 28:32 36:40 41:55 42:46 47:50 51:54
redis/src/commands/zmpop.json	1:111 2:110 10:12 13:15 16:36 17:35 18:22 23:27 24:26 28:34 29:33 37:75 38:74 39:42 43:73 47:72 48:51 52:71 55:70 60:69 61:64 65:68 76:109 77:80 81:86 87:102 90:101 91:95 96:100 103:108
redis/src/commands/zmscore.json	1:65 2:64 9:12 13:15 16:35 17:34 18:21 22:26 23:25 27:33 28:32 36:51 39:50 40:49 41:44 45:48 52:63 53:57 58:62
redis/src/commands/zrandmember.json	1:101 2:100 9:11 12:14 15:17 18:37 19:36 20:23 24:28 25:27 29:35 30:34 38:75 39:74 40:43 44:47 48:54 51:53 55:73 58:72 62:71 63:66 67:70 76:99 77:81 82:98 86:97 87:90 91:96
redis/src/commands/zremrangebyrank.json	1:55 2:54 9:11 12:14 15:34 16:33 17:20 21:25 22:24 26:32 27:31 35:38 39:53 40:44 45:48 49:52
redis/src/commands/zscan.json	1:81 2:80 9:11 12:14 15:17 18:37 19:36 20:23 24:28 25:27 29:35 30:34 38:60 39:43 44:47 48:53 54:59 61:79 66:78 67:70 71:77 74:76
